onset_div	duration_div	continuous_beats	pitch	tpc	step	alter	beat_float	downbeat	ts_beats	ts_beat_type	staff	voice	duration	is_note_onset	ks_fifths	mc	mc_playthrough	mn	mn_playthrough	octave	quarterbeats_playthrough	section_start	is_harmony_onset	cadence	cadence_type	phraseend	is_phrase_ending	unfolded_harmony_index	label	alt_label	globalkey	localkey	pedal	chord	numeral	form	figbass	changes	relativeroot	chord_type	globalkey_is_minor	localkey_is_minor	chord_tones	added_tones	root	bass_note	globalkey_mode	localkey_mode	localkey_resolved	localkey_and_mode	root_roman	relativeroot_resolved	effective_localkey	effective_localkey_resolved	effective_localkey_is_minor	chord_reduced	chord_reduced_and_mode	pedal_resolved	chord_and_mode	applied_to_numeral	numeral_or_applied_to_numeral	globalkey_tpc	localkey_tpc	tonicized_tpc	sic_with_global	sic_with_local	sic_with_tonicized	tpc_is_in_label	tpc_is_root	tpc_is_bass
0.0	16.0	0.0	50	2	D	0.0	1.0	1	4	4	2.0	1.0	1	True	0	1.0	1.0	1.0	1a	3	0	True	True				False	0	d.i		d	i		i	i					m	True	True	(0, -3, 1)	()	0	0	minor	minor	i	i, minor	i		i	i	True	i	i, minor		i, minor		i	2	2	2	0	0	0	True	True	True
0.0	3.0	0.0	74	2	D	0.0	1.0	1	4	4	1.0	1.0	3/16	True	0	1.0	1.0	1.0	1a	5	0	True	True				False	0	d.i		d	i		i	i					m	True	True	(0, -3, 1)	()	0	0	minor	minor	i	i, minor	i		i	i	True	i	i, minor		i, minor		i	2	2	2	0	0	0	True	True	True
3.0	1.0	0.75	74	2	D	0.0	1.75	0	4	4	1.0	1.0	1/16	True	0	1.0	1.0	1.0	1a	5	3/4	False	False				False	0	d.i		d	i		i	i					m	True	True	(0, -3, 1)	()	0	0	minor	minor	i	i, minor	i		i	i	True	i	i, minor		i, minor		i	2	2	2	0	0	0	True	True	True
4.0	4.0	1.0	74	2	D	0.0	2.0	2	4	4	1.0	1.0	1/4	True	0	1.0	1.0	1.0	1a	5	1	False	False				False	0	d.i		d	i		i	i					m	True	True	(0, -3, 1)	()	0	0	minor	minor	i	i, minor	i		i	i	True	i	i, minor		i, minor		i	2	2	2	0	0	0	True	True	True
8.0	4.0	2.0	74	2	D	0.0	3.0	3	4	4	1.0	1.0	1/4	True	0	1.0	1.0	1.0	1a	5	2	False	False				False	0	d.i		d	i		i	i					m	True	True	(0, -3, 1)	()	0	0	minor	minor	i	i, minor	i		i	i	True	i	i, minor		i, minor		i	2	2	2	0	0	0	True	True	True
12.0	2.0	3.0	74	2	D	0.0	4.0	4	4	4	1.0	1.0	1/8	True	0	1.0	1.0	1.0	1a	5	3	False	False				False	0	d.i		d	i		i	i					m	True	True	(0, -3, 1)	()	0	0	minor	minor	i	i, minor	i		i	i	True	i	i, minor		i, minor		i	2	2	2	0	0	0	True	True	True
14.0	2.0	3.5	73	7	C	1.0	4.5	0	4	4	1.0	1.0	1/8	True	0	1.0	1.0	1.0	1a	5	7/2	False	False				False	0	d.i		d	i		i	i					m	True	True	(0, -3, 1)	()	0	0	minor	minor	i	i, minor	i		i	i	True	i	i, minor		i, minor		i	2	2	2	5	5	5	False	False	False
16.0	16.0	4.0	50	2	D	0.0	1.0	1	4	4	2.0	1.0	1	True	0	2.0	2.0	2.0	2a	3	4	False	False				False	0	d.i		d	i		i	i					m	True	True	(0, -3, 1)	()	0	0	minor	minor	i	i, minor	i		i	i	True	i	i, minor		i, minor		i	2	2	2	0	0	0	True	True	True
16.0	4.0	4.0	74	2	D	0.0	1.0	1	4	4	1.0	1.0	1/4	True	0	2.0	2.0	2.0	2a	5	4	False	False				False	0	d.i		d	i		i	i					m	True	True	(0, -3, 1)	()	0	0	minor	minor	i	i, minor	i		i	i	True	i	i, minor		i, minor		i	2	2	2	0	0	0	True	True	True
20.0	4.0	5.0	74	2	D	0.0	2.0	2	4	4	1.0	1.0	1/4	True	0	2.0	2.0	2.0	2a	5	5	False	False				False	0	d.i		d	i		i	i					m	True	True	(0, -3, 1)	()	0	0	minor	minor	i	i, minor	i		i	i	True	i	i, minor		i, minor		i	2	2	2	0	0	0	True	True	True
28.0	4.0	7.0	74	2	D	0.0	4.0	4	4	4	1.0	1.0	1/4	True	0	2.0	2.0	2.0	2a	5	7	False	False				False	0	d.i		d	i		i	i					m	True	True	(0, -3, 1)	()	0	0	minor	minor	i	i, minor	i		i	i	True	i	i, minor		i, minor		i	2	2	2	0	0	0	True	True	True
32.0	16.0	8.0	50	2	D	0.0	1.0	1	4	4	2.0	1.0	1	True	0	3.0	3.0	3.0	3a	3	8	False	False				False	0	d.i		d	i		i	i					m	True	True	(0, -3, 1)	()	0	0	minor	minor	i	i, minor	i		i	i	True	i	i, minor		i, minor		i	2	2	2	0	0	0	True	True	True
32.0	4.0	8.0	74	2	D	0.0	1.0	1	4	4	1.0	1.0	1/4	False	0	3.0	3.0	3.0	3a	5	8	False	False				False	0	d.i		d	i		i	i					m	True	True	(0, -3, 1)	()	0	0	minor	minor	i	i, minor	i		i	i	True	i	i, minor		i, minor		i	2	2	2	0	0	0	True	True	True
36.0	2.0	9.0	74	2	D	0.0	2.0	2	4	4	1.0	1.0	1/8	True	0	3.0	3.0	3.0	3a	5	9	False	False				False	0	d.i		d	i		i	i					m	True	True	(0, -3, 1)	()	0	0	minor	minor	i	i, minor	i		i	i	True	i	i, minor		i, minor		i	2	2	2	0	0	0	True	True	True
38.0	2.0	9.5	73	7	C	1.0	2.5	0	4	4	1.0	1.0	1/8	True	0	3.0	3.0	3.0	3a	5	19/2	False	False				False	0	d.i		d	i		i	i					m	True	True	(0, -3, 1)	()	0	0	minor	minor	i	i, minor	i		i	i	True	i	i, minor		i, minor		i	2	2	2	5	5	5	False	False	False
40.0	4.0	10.0	74	2	D	0.0	3.0	3	4	4	1.0	1.0	1/4	True	0	3.0	3.0	3.0	3a	5	10	False	False				False	0	d.i		d	i		i	i					m	True	True	(0, -3, 1)	()	0	0	minor	minor	i	i, minor	i		i	i	True	i	i, minor		i, minor		i	2	2	2	0	0	0	True	True	True
44.0	4.0	11.0	74	2	D	0.0	4.0	4	4	4	1.0	1.0	1/4	True	0	3.0	3.0	3.0	3a	5	11	False	False				False	0	d.i		d	i		i	i					m	True	True	(0, -3, 1)	()	0	0	minor	minor	i	i, minor	i		i	i	True	i	i, minor		i, minor		i	2	2	2	0	0	0	True	True	True
48.0	16.0	12.0	45	3	A	0.0	1.0	1	4	4	2.0	1.0	1	True	0	4.0	4.0	4.0	4a	2	12	False	True				False	1	v		d	i		v	v					m	True	True	(1, -2, 2)	()	1	1	minor	minor	i	i, minor	v		i	i	True	v	v, minor		v, minor		v	2	2	2	1	1	1	True	True	True
52.0	4.0	13.0	72	0	C	0.0	2.0	2	4	4	1.0	1.0	1/4	True	0	4.0	4.0	4.0	4a	5	13	False	False				False	1	v		d	i		v	v					m	True	True	(1, -2, 2)	()	1	1	minor	minor	i	i, minor	v		i	i	True	v	v, minor		v, minor		v	2	2	2	-2	-2	-2	True	False	False
56.0	4.0	14.0	72	0	C	0.0	3.0	3	4	4	1.0	1.0	1/4	True	0	4.0	4.0	4.0	4a	5	14	False	False				False	1	v		d	i		v	v					m	True	True	(1, -2, 2)	()	1	1	minor	minor	i	i, minor	v		i	i	True	v	v, minor		v, minor		v	2	2	2	-2	-2	-2	True	False	False
60.0	2.0	15.0	72	0	C	0.0	4.0	4	4	4	1.0	1.0	1/8	True	0	4.0	4.0	4.0	4a	5	15	False	False				False	1	v		d	i		v	v					m	True	True	(1, -2, 2)	()	1	1	minor	minor	i	i, minor	v		i	i	True	v	v, minor		v, minor		v	2	2	2	-2	-2	-2	True	False	False
62.0	2.0	15.5	71	5	B	0.0	4.5	0	4	4	1.0	1.0	1/8	True	0	4.0	4.0	4.0	4a	4	31/2	False	False				False	1	v		d	i		v	v					m	True	True	(1, -2, 2)	()	1	1	minor	minor	i	i, minor	v		i	i	True	v	v, minor		v, minor		v	2	2	2	3	3	3	False	False	False
64.0	8.0	16.0	45	3	A	0.0	1.0	1	4	4	2.0	1.0	1/2	True	0	5.0	5.0	5.0	5a	2	16	False	False				False	1	v		d	i		v	v					m	True	True	(1, -2, 2)	()	1	1	minor	minor	i	i, minor	v		i	i	True	v	v, minor		v, minor		v	2	2	2	1	1	1	True	True	True
64.0	3.0	16.0	72	0	C	0.0	1.0	1	4	4	1.0	1.0	3/16	True	0	5.0	5.0	5.0	5a	5	16	False	False				False	1	v		d	i		v	v					m	True	True	(1, -2, 2)	()	1	1	minor	minor	i	i, minor	v		i	i	True	v	v, minor		v, minor		v	2	2	2	-2	-2	-2	True	False	False
67.0	1.0	16.75	72	0	C	0.0	1.75	0	4	4	1.0	1.0	1/16	True	0	5.0	5.0	5.0	5a	5	67/4	False	False				False	1	v		d	i		v	v					m	True	True	(1, -2, 2)	()	1	1	minor	minor	i	i, minor	v		i	i	True	v	v, minor		v, minor		v	2	2	2	-2	-2	-2	True	False	False
68.0	3.0	17.0	72	0	C	0.0	2.0	2	4	4	1.0	1.0	3/16	True	0	5.0	5.0	5.0	5a	5	17	False	False				False	1	v		d	i		v	v					m	True	True	(1, -2, 2)	()	1	1	minor	minor	i	i, minor	v		i	i	True	v	v, minor		v, minor		v	2	2	2	-2	-2	-2	True	False	False
71.0	1.0	17.75	74	2	D	0.0	2.75	0	4	4	1.0	1.0	1/16	True	0	5.0	5.0	5.0	5a	5	71/4	False	False				False	1	v		d	i		v	v					m	True	True	(1, -2, 2)	()	1	1	minor	minor	i	i, minor	v		i	i	True	v	v, minor		v, minor		v	2	2	2	0	0	0	False	False	False
72.0	8.0	18.0	43	1	G	0.0	3.0	3	4	4	2.0	1.0	1/2	True	0	5.0	5.0	5.0	5a	2	18	False	True				False	2	iv		d	i		iv	iv					m	True	True	(-1, -4, 0)	()	-1	-1	minor	minor	i	i, minor	iv		i	i	True	iv	iv, minor		iv, minor		iv	2	2	2	-1	-1	-1	True	True	True
72.0	6.0	18.0	70	-2	B	-1.0	3.0	3	4	4	1.0	1.0	3/8	True	0	5.0	5.0	5.0	5a	4	18	False	True				False	2	iv		d	i		iv	iv					m	True	True	(-1, -4, 0)	()	-1	-1	minor	minor	i	i, minor	iv		i	i	True	iv	iv, minor		iv, minor		iv	2	2	2	-4	-4	-4	True	False	False
78.0	2.0	19.5	69	3	A	0.0	4.5	0	4	4	1.0	1.0	1/8	True	0	5.0	5.0	5.0	5a	4	39/2	False	False				False	2	iv		d	i		iv	iv					m	True	True	(-1, -4, 0)	()	-1	-1	minor	minor	i	i, minor	iv		i	i	True	iv	iv, minor		iv, minor		iv	2	2	2	1	1	1	False	False	False
80.0	16.0	20.0	50	2	D	0.0	1.0	1	4	4	2.0	1.0	1	True	0	6.0	6.0	6.0	6a	3	20	False	True				False	3	I		d	i		I	I					M	True	True	(0, 4, 1)	()	0	0	minor	minor	i	i, minor	I		i	i	True	I	I, minor		I, minor		I	2	2	2	0	0	0	True	True	True
80.0	8.0	20.0	69	3	A	0.0	1.0	1	4	4	1.0	1.0	1/2	True	0	6.0	6.0	6.0	6a	4	20	False	True				False	3	I		d	i		I	I					M	True	True	(0, 4, 1)	()	0	0	minor	minor	i	i, minor	I		i	i	True	I	I, minor		I, minor		I	2	2	2	1	1	1	True	False	False
88.0	8.0	22.0	69	3	A	0.0	3.0	3	4	4	1.0	1.0	1/2	True	0	6.0	6.0	6.0	6a	4	22	False	False				False	3	I		d	i		I	I					M	True	True	(0, 4, 1)	()	0	0	minor	minor	i	i, minor	I		i	i	True	I	I, minor		I, minor		I	2	2	2	1	1	1	True	False	False
96.0	16.0	24.0	50	2	D	0.0	1.0	1	4	4	2.0	1.0	1	True	0	7.0	7.0	7.0	7a	3	24	False	True				False	4	i		d	i		i	i					m	True	True	(0, -3, 1)	()	0	0	minor	minor	i	i, minor	i		i	i	True	i	i, minor		i, minor		i	2	2	2	0	0	0	True	True	True
100.0	2.0	25.0	69	3	A	0.0	2.0	2	4	4	1.0	1.0	1/8	True	0	7.0	7.0	7.0	7a	4	25	False	False				False	4	i		d	i		i	i					m	True	True	(0, -3, 1)	()	0	0	minor	minor	i	i, minor	i		i	i	True	i	i, minor		i, minor		i	2	2	2	1	1	1	True	False	False
102.0	2.0	25.5	69	3	A	0.0	2.5	0	4	4	1.0	1.0	1/8	True	0	7.0	7.0	7.0	7a	4	51/2	False	False				False	4	i		d	i		i	i					m	True	True	(0, -3, 1)	()	0	0	minor	minor	i	i, minor	i		i	i	True	i	i, minor		i, minor		i	2	2	2	1	1	1	True	False	False
104.0	6.0	26.0	69	3	A	0.0	3.0	3	4	4	1.0	1.0	3/8	True	0	7.0	7.0	7.0	7a	4	26	False	False				False	4	i		d	i		i	i					m	True	True	(0, -3, 1)	()	0	0	minor	minor	i	i, minor	i		i	i	True	i	i, minor		i, minor		i	2	2	2	1	1	1	True	False	False
110.0	2.0	27.5	67	1	G	0.0	4.5	0	4	4	1.0	1.0	1/8	True	0	7.0	7.0	7.0	7a	4	55/2	False	False				False	4	i		d	i		i	i					m	True	True	(0, -3, 1)	()	0	0	minor	minor	i	i, minor	i		i	i	True	i	i, minor		i, minor		i	2	2	2	-1	-1	-1	False	False	False
112.0	16.0	28.0	43	1	G	0.0	1.0	1	4	4	2.0	1.0	1	True	0	8.0	8.0	8.0	8a	2	28	False	True				False	5	ii6		d	i		ii6	ii		6			m	True	True	(-1, 3, 2)	()	2	-1	minor	minor	i	i, minor	ii		i	i	True	ii6	ii6, minor		ii6, minor		ii	2	2	2	-1	-1	-1	True	False	True
112.0	8.0	28.0	67	1	G	0.0	1.0	1	4	4	1.0	1.0	1/2	True	0	8.0	8.0	8.0	8a	4	28	False	True				False	5	ii6		d	i		ii6	ii		6			m	True	True	(-1, 3, 2)	()	2	-1	minor	minor	i	i, minor	ii		i	i	True	ii6	ii6, minor		ii6, minor		ii	2	2	2	-1	-1	-1	True	False	True
120.0	8.0	30.0	65	-1	F	0.0	3.0	3	4	4	1.0	1.0	1/2	True	0	8.0	8.0	8.0	8a	4	30	False	True				False	6	IV7		d	i		IV7	IV		7			Mm7	True	True	(-1, 3, 0, -3)	()	-1	-1	minor	minor	i	i, minor	IV		i	i	True	IV7	IV7, minor		IV7, minor		IV	2	2	2	-3	-3	-3	True	False	False
128.0	16.0	32.0	45	3	A	0.0	1.0	1	4	4	2.0	1.0	1	True	0	9.0	9.0	9.0	9a	2	32	False	True				False	7	V(4)		d	i		V(4)	V			4		M	True	True	(1, 0, 2)	()	1	1	minor	minor	i	i, minor	V		i	i	True	V	V, minor		V(4), minor		V	2	2	2	1	1	1	True	True	True
128.0	16.0	32.0	64	4	E	0.0	1.0	1	4	4	1.0	1.0	1	True	0	9.0	9.0	9.0	9a	4	32	False	True				False	7	V(4)		d	i		V(4)	V			4		M	True	True	(1, 0, 2)	()	1	1	minor	minor	i	i, minor	V		i	i	True	V	V, minor		V(4), minor		V	2	2	2	2	2	2	True	False	False
144.0	16.0	36.0	50	2	D	0.0	1.0	1	4	4	2.0	1.0	1	True	0	10.0	10.0	10.0	10a	3	36	False	True			\\	True	9	I\\		d	i		I	I					M	True	True	(0, 4, 1)	()	0	0	minor	minor	i	i, minor	I		i	i	True	I	I, minor		I, minor		I	2	2	2	0	0	0	True	True	True
144.0	16.0	36.0	62	2	D	0.0	1.0	1	4	4	1.0	1.0	1	True	0	10.0	10.0	10.0	10a	4	36	False	True			\\	True	9	I\\		d	i		I	I					M	True	True	(0, 4, 1)	()	0	0	minor	minor	i	i, minor	I		i	i	True	I	I, minor		I, minor		I	2	2	2	0	0	0	True	True	True
160.0	16.0	40.0	50	2	D	0.0	1.0	1	4	4	2.0	1.0	1	True	0	11.0	11.0	11.0	11a	3	40	False	True				False	10	i		d	i		i	i					m	True	True	(0, -3, 1)	()	0	0	minor	minor	i	i, minor	i		i	i	True	i	i, minor		i, minor		i	2	2	2	0	0	0	True	True	True
164.0	4.0	41.0	62	2	D	0.0	2.0	2	4	4	1.0	1.0	1/4	True	0	11.0	11.0	11.0	11a	4	41	False	False				False	10	i		d	i		i	i					m	True	True	(0, -3, 1)	()	0	0	minor	minor	i	i, minor	i		i	i	True	i	i, minor		i, minor		i	2	2	2	0	0	0	True	True	True
168.0	4.0	42.0	65	-1	F	0.0	3.0	3	4	4	1.0	1.0	1/4	True	0	11.0	11.0	11.0	11a	4	42	False	False				False	10	i		d	i		i	i					m	True	True	(0, -3, 1)	()	0	0	minor	minor	i	i, minor	i		i	i	True	i	i, minor		i, minor		i	2	2	2	-3	-3	-3	True	False	False
172.0	2.0	43.0	65	-1	F	0.0	4.0	4	4	4	1.0	1.0	1/8	True	0	11.0	11.0	11.0	11a	4	43	False	False				False	10	i		d	i		i	i					m	True	True	(0, -3, 1)	()	0	0	minor	minor	i	i, minor	i		i	i	True	i	i, minor		i, minor		i	2	2	2	-3	-3	-3	True	False	False
174.0	2.0	43.5	69	3	A	0.0	4.5	0	4	4	1.0	1.0	1/8	True	0	11.0	11.0	11.0	11a	4	87/2	False	False				False	10	i		d	i		i	i					m	True	True	(0, -3, 1)	()	0	0	minor	minor	i	i, minor	i		i	i	True	i	i, minor		i, minor		i	2	2	2	1	1	1	True	False	False
176.0	16.0	44.0	50	2	D	0.0	1.0	1	4	4	2.0	1.0	1	True	0	12.0	12.0	12.0	12a	3	44	False	False				False	10	i		d	i		i	i					m	True	True	(0, -3, 1)	()	0	0	minor	minor	i	i, minor	i		i	i	True	i	i, minor		i, minor		i	2	2	2	0	0	0	True	True	True
176.0	6.0	44.0	65	-1	F	0.0	1.0	1	4	4	1.0	1.0	3/8	True	0	12.0	12.0	12.0	12a	4	44	False	False				False	10	i		d	i		i	i					m	True	True	(0, -3, 1)	()	0	0	minor	minor	i	i, minor	i		i	i	True	i	i, minor		i, minor		i	2	2	2	-3	-3	-3	True	False	False
182.0	2.0	45.5	62	2	D	0.0	2.5	0	4	4	1.0	1.0	1/8	True	0	12.0	12.0	12.0	12a	4	91/2	False	False				False	10	i		d	i		i	i					m	True	True	(0, -3, 1)	()	0	0	minor	minor	i	i, minor	i		i	i	True	i	i, minor		i, minor		i	2	2	2	0	0	0	True	True	True
184.0	4.0	46.0	62	2	D	0.0	3.0	3	4	4	1.0	1.0	1/4	True	0	12.0	12.0	12.0	12a	4	46	False	False				False	10	i		d	i		i	i					m	True	True	(0, -3, 1)	()	0	0	minor	minor	i	i, minor	i		i	i	True	i	i, minor		i, minor		i	2	2	2	0	0	0	True	True	True
188.0	4.0	47.0	62	2	D	0.0	4.0	4	4	4	1.0	1.0	1/4	True	0	12.0	12.0	12.0	12a	4	47	False	False				False	10	i		d	i		i	i					m	True	True	(0, -3, 1)	()	0	0	minor	minor	i	i, minor	i		i	i	True	i	i, minor		i, minor		i	2	2	2	0	0	0	True	True	True
192.0	16.0	48.0	50	2	D	0.0	1.0	1	4	4	2.0	1.0	1	True	0	13.0	13.0	13.0	13a	3	48	False	False				False	10	i		d	i		i	i					m	True	True	(0, -3, 1)	()	0	0	minor	minor	i	i, minor	i		i	i	True	i	i, minor		i, minor		i	2	2	2	0	0	0	True	True	True
196.0	2.0	49.0	65	-1	F	0.0	2.0	2	4	4	1.0	1.0	1/8	True	0	13.0	13.0	13.0	13a	4	49	False	False				False	10	i		d	i		i	i					m	True	True	(0, -3, 1)	()	0	0	minor	minor	i	i, minor	i		i	i	True	i	i, minor		i, minor		i	2	2	2	-3	-3	-3	True	False	False
198.0	2.0	49.5	65	-1	F	0.0	2.5	0	4	4	1.0	1.0	1/8	True	0	13.0	13.0	13.0	13a	4	99/2	False	False				False	10	i		d	i		i	i					m	True	True	(0, -3, 1)	()	0	0	minor	minor	i	i, minor	i		i	i	True	i	i, minor		i, minor		i	2	2	2	-3	-3	-3	True	False	False
200.0	6.0	50.0	65	-1	F	0.0	3.0	3	4	4	1.0	1.0	3/8	True	0	13.0	13.0	13.0	13a	4	50	False	False				False	10	i		d	i		i	i					m	True	True	(0, -3, 1)	()	0	0	minor	minor	i	i, minor	i		i	i	True	i	i, minor		i, minor		i	2	2	2	-3	-3	-3	True	False	False
206.0	2.0	51.5	64	4	E	0.0	4.5	0	4	4	1.0	1.0	1/8	True	0	13.0	13.0	13.0	13a	4	103/2	False	False				False	10	i		d	i		i	i					m	True	True	(0, -3, 1)	()	0	0	minor	minor	i	i, minor	i		i	i	True	i	i, minor		i, minor		i	2	2	2	2	2	2	False	False	False
208.0	8.0	52.0	48	0	C	0.0	1.0	1	4	4	2.0	1.0	1/2	True	0	14.0	14.0	14.0	14a	3	52	False	True				False	11	VII		d	i		VII	VII					M	True	True	(-2, 2, -1)	()	-2	-2	minor	minor	i	i, minor	VII		i	i	True	VII	VII, minor		VII, minor		VII	2	2	2	-2	-2	-2	True	True	True
208.0	4.0	52.0	67	1	G	0.0	1.0	1	4	4	1.0	1.0	1/4	True	0	14.0	14.0	14.0	14a	4	52	False	True				False	11	VII		d	i		VII	VII					M	True	True	(-2, 2, -1)	()	-2	-2	minor	minor	i	i, minor	VII		i	i	True	VII	VII, minor		VII, minor		VII	2	2	2	-1	-1	-1	True	False	False
212.0	4.0	53.0	67	1	G	0.0	2.0	2	4	4	1.0	1.0	1/4	True	0	14.0	14.0	14.0	14a	4	53	False	False				False	11	VII		d	i		VII	VII					M	True	True	(-2, 2, -1)	()	-2	-2	minor	minor	i	i, minor	VII		i	i	True	VII	VII, minor		VII, minor		VII	2	2	2	-1	-1	-1	True	False	False
216.0	8.0	54.0	48	0	C	0.0	3.0	3	4	4	2.0	1.0	1/2	True	0	14.0	14.0	14.0	14a	3	54	False	False				False	11	VII		d	i		VII	VII					M	True	True	(-2, 2, -1)	()	-2	-2	minor	minor	i	i, minor	VII		i	i	True	VII	VII, minor		VII, minor		VII	2	2	2	-2	-2	-2	True	True	True
220.0	2.0	55.0	67	1	G	0.0	4.0	4	4	4	1.0	1.0	1/8	True	0	14.0	14.0	14.0	14a	4	55	False	False				False	11	VII		d	i		VII	VII					M	True	True	(-2, 2, -1)	()	-2	-2	minor	minor	i	i, minor	VII		i	i	True	VII	VII, minor		VII, minor		VII	2	2	2	-1	-1	-1	True	False	False
222.0	2.0	55.5	67	1	G	0.0	4.5	0	4	4	1.0	1.0	1/8	True	0	14.0	14.0	14.0	14a	4	111/2	False	False				False	11	VII		d	i		VII	VII					M	True	True	(-2, 2, -1)	()	-2	-2	minor	minor	i	i, minor	VII		i	i	True	VII	VII, minor		VII, minor		VII	2	2	2	-1	-1	-1	True	False	False
224.0	16.0	56.0	43	1	G	0.0	1.0	1	4	4	2.0	1.0	1	True	0	15.0	15.0	15.0	15a	2	56	False	True				False	12	iv		d	i		iv	iv					m	True	True	(-1, -4, 0)	()	-1	-1	minor	minor	i	i, minor	iv		i	i	True	iv	iv, minor		iv, minor		iv	2	2	2	-1	-1	-1	True	True	True
224.0	6.0	56.0	67	1	G	0.0	1.0	1	4	4	1.0	1.0	3/8	True	0	15.0	15.0	15.0	15a	4	56	False	True				False	12	iv		d	i		iv	iv					m	True	True	(-1, -4, 0)	()	-1	-1	minor	minor	i	i, minor	iv		i	i	True	iv	iv, minor		iv, minor		iv	2	2	2	-1	-1	-1	True	True	True
230.0	2.0	57.5	65	-1	F	0.0	2.5	0	4	4	1.0	1.0	1/8	True	0	15.0	15.0	15.0	15a	4	115/2	False	False				False	12	iv		d	i		iv	iv					m	True	True	(-1, -4, 0)	()	-1	-1	minor	minor	i	i, minor	iv		i	i	True	iv	iv, minor		iv, minor		iv	2	2	2	-3	-3	-3	False	False	False
232.0	8.0	58.0	65	-1	F	0.0	3.0	3	4	4	1.0	1.0	1/2	True	0	15.0	15.0	15.0	15a	4	58	False	True				False	13	iv7		d	i		iv7	iv		7			mm7	True	True	(-1, -4, 0, -3)	()	-1	-1	minor	minor	i	i, minor	iv		i	i	True	iv7	iv7, minor		iv7, minor		iv	2	2	2	-3	-3	-3	True	False	False
240.0	16.0	60.0	45	3	A	0.0	1.0	1	4	4	2.0	1.0	1	True	0	16.0	16.0	16.0	16a	2	60	False	True			\\	True	14	V\\		d	i		V	V					M	True	True	(1, 5, 2)	()	1	1	minor	minor	i	i, minor	V		i	i	True	V	V, minor		V, minor		V	2	2	2	1	1	1	True	True	True
240.0	16.0	60.0	64	4	E	0.0	1.0	1	4	4	1.0	1.0	1	True	0	16.0	16.0	16.0	16a	4	60	False	True			\\	True	14	V\\		d	i		V	V					M	True	True	(1, 5, 2)	()	1	1	minor	minor	i	i, minor	V		i	i	True	V	V, minor		V, minor		V	2	2	2	2	2	2	True	False	False
256.0	16.0	64.0	45	3	A	0.0	1.0	1	4	4	2.0	1.0	1	True	0	17.0	17.0	17.0	17a	2	64	False	True				False	15	v		d	i		v	v					m	True	True	(1, -2, 2)	()	1	1	minor	minor	i	i, minor	v		i	i	True	v	v, minor		v, minor		v	2	2	2	1	1	1	True	True	True
260.0	3.0	65.0	64	4	E	0.0	2.0	2	4	4	1.0	1.0	3/16	True	0	17.0	17.0	17.0	17a	4	65	False	False				False	15	v		d	i		v	v					m	True	True	(1, -2, 2)	()	1	1	minor	minor	i	i, minor	v		i	i	True	v	v, minor		v, minor		v	2	2	2	2	2	2	True	False	False
263.0	1.0	65.75	62	2	D	0.0	2.75	0	4	4	1.0	1.0	1/16	True	0	17.0	17.0	17.0	17a	4	263/4	False	False				False	15	v		d	i		v	v					m	True	True	(1, -2, 2)	()	1	1	minor	minor	i	i, minor	v		i	i	True	v	v, minor		v, minor		v	2	2	2	0	0	0	False	False	False
264.0	4.0	66.0	64	4	E	0.0	3.0	3	4	4	1.0	1.0	1/4	True	0	17.0	17.0	17.0	17a	4	66	False	False				False	15	v		d	i		v	v					m	True	True	(1, -2, 2)	()	1	1	minor	minor	i	i, minor	v		i	i	True	v	v, minor		v, minor		v	2	2	2	2	2	2	True	False	False
268.0	4.0	67.0	64	4	E	0.0	4.0	4	4	4	1.0	1.0	1/4	True	0	17.0	17.0	17.0	17a	4	67	False	False				False	15	v		d	i		v	v					m	True	True	(1, -2, 2)	()	1	1	minor	minor	i	i, minor	v		i	i	True	v	v, minor		v, minor		v	2	2	2	2	2	2	True	False	False
272.0	8.0	68.0	45	3	A	0.0	1.0	1	4	4	2.0	1.0	1/2	True	0	18.0	18.0	18.0	18a	2	68	False	False				False	15	v		d	i		v	v					m	True	True	(1, -2, 2)	()	1	1	minor	minor	i	i, minor	v		i	i	True	v	v, minor		v, minor		v	2	2	2	1	1	1	True	True	True
272.0	3.0	68.0	64	4	E	0.0	1.0	1	4	4	1.0	1.0	3/16	True	0	18.0	18.0	18.0	18a	4	68	False	False				False	15	v		d	i		v	v					m	True	True	(1, -2, 2)	()	1	1	minor	minor	i	i, minor	v		i	i	True	v	v, minor		v, minor		v	2	2	2	2	2	2	True	False	False
275.0	1.0	68.75	64	4	E	0.0	1.75	0	4	4	1.0	1.0	1/16	True	0	18.0	18.0	18.0	18a	4	275/4	False	False				False	15	v		d	i		v	v					m	True	True	(1, -2, 2)	()	1	1	minor	minor	i	i, minor	v		i	i	True	v	v, minor		v, minor		v	2	2	2	2	2	2	True	False	False
276.0	3.0	69.0	64	4	E	0.0	2.0	2	4	4	1.0	1.0	3/16	True	0	18.0	18.0	18.0	18a	4	69	False	False				False	15	v		d	i		v	v					m	True	True	(1, -2, 2)	()	1	1	minor	minor	i	i, minor	v		i	i	True	v	v, minor		v, minor		v	2	2	2	2	2	2	True	False	False
279.0	1.0	69.75	64	4	E	0.0	2.75	0	4	4	1.0	1.0	1/16	True	0	18.0	18.0	18.0	18a	4	279/4	False	False				False	15	v		d	i		v	v					m	True	True	(1, -2, 2)	()	1	1	minor	minor	i	i, minor	v		i	i	True	v	v, minor		v, minor		v	2	2	2	2	2	2	True	False	False
280.0	8.0	70.0	45	3	A	0.0	3.0	3	4	4	2.0	1.0	1/2	False	0	18.0	18.0	18.0	18a	2	70	False	True				False	16	viio6/IV		d	i		viio6/IV	vii	o	6		IV	o	True	True	(1, -2, 4)	()	4	1	minor	minor	i	i, minor	vii/IV	IV	IV/i	IV	False	viio6/IV	viio6/IV, minor		viio6/IV, minor	IV	IV	2	2	1	1	1	2	True	False	True
280.0	6.0	70.0	66	6	F	1.0	3.0	3	4	4	1.0	1.0	3/8	True	0	18.0	18.0	18.0	18a	4	70	False	True				False	16	viio6/IV		d	i		viio6/IV	vii	o	6		IV	o	True	True	(1, -2, 4)	()	4	1	minor	minor	i	i, minor	vii/IV	IV	IV/i	IV	False	viio6/IV	viio6/IV, minor		viio6/IV, minor	IV	IV	2	2	1	4	4	5	True	True	False
286.0	2.0	71.5	66	6	F	1.0	4.5	0	4	4	1.0	1.0	1/8	True	0	18.0	18.0	18.0	18a	4	143/2	False	False				False	16	viio6/IV		d	i		viio6/IV	vii	o	6		IV	o	True	True	(1, -2, 4)	()	4	1	minor	minor	i	i, minor	vii/IV	IV	IV/i	IV	False	viio6/IV	viio6/IV, minor		viio6/IV, minor	IV	IV	2	2	1	4	4	5	True	True	False
288.0	16.0	72.0	52	4	E	0.0	1.0	1	4	4	2.0	1.0	1	True	0	19.0	19.0	19.0	19a	3	72	False	True				False	17	II		d	i		II	II					M	True	True	(2, 6, 3)	()	2	2	minor	minor	i	i, minor	II		i	i	True	II	II, minor		II, minor		II	2	2	2	2	2	2	True	True	True
288.0	8.0	72.0	68	8	G	1.0	1.0	1	4	4	1.0	1.0	1/2	True	0	19.0	19.0	19.0	19a	4	72	False	True				False	17	II		d	i		II	II					M	True	True	(2, 6, 3)	()	2	2	minor	minor	i	i, minor	II		i	i	True	II	II, minor		II, minor		II	2	2	2	6	6	6	True	False	False
296.0	8.0	74.0	68	8	G	1.0	3.0	3	4	4	1.0	1.0	1/2	True	0	19.0	19.0	19.0	19a	4	74	False	False				False	17	II		d	i		II	II					M	True	True	(2, 6, 3)	()	2	2	minor	minor	i	i, minor	II		i	i	True	II	II, minor		II, minor		II	2	2	2	6	6	6	True	False	False
304.0	16.0	76.0	52	4	E	0.0	1.0	1	4	4	2.0	1.0	1	True	0	20.0	20.0	20.0	20a	3	76	False	True				False	18	ii		d	i		ii	ii					m	True	True	(2, -1, 3)	()	2	2	minor	minor	i	i, minor	ii		i	i	True	ii	ii, minor		ii, minor		ii	2	2	2	2	2	2	True	True	True
304.0	2.0	76.0	71	5	B	0.0	1.0	1	4	4	1.0	1.0	1/8	True	0	20.0	20.0	20.0	20a	4	76	False	True				False	18	ii		d	i		ii	ii					m	True	True	(2, -1, 3)	()	2	2	minor	minor	i	i, minor	ii		i	i	True	ii	ii, minor		ii, minor		ii	2	2	2	3	3	3	True	False	False
306.0	2.0	76.5	71	5	B	0.0	1.5	0	4	4	1.0	1.0	1/8	True	0	20.0	20.0	20.0	20a	4	153/2	False	False				False	18	ii		d	i		ii	ii					m	True	True	(2, -1, 3)	()	2	2	minor	minor	i	i, minor	ii		i	i	True	ii	ii, minor		ii, minor		ii	2	2	2	3	3	3	True	False	False
308.0	2.0	77.0	71	5	B	0.0	2.0	2	4	4	1.0	1.0	1/8	True	0	20.0	20.0	20.0	20a	4	77	False	False				False	18	ii		d	i		ii	ii					m	True	True	(2, -1, 3)	()	2	2	minor	minor	i	i, minor	ii		i	i	True	ii	ii, minor		ii, minor		ii	2	2	2	3	3	3	True	False	False
310.0	1.0	77.5	72	0	C	0.0	2.5	0	4	4	1.0	1.0	1/16	True	0	20.0	20.0	20.0	20a	5	155/2	False	False				False	18	ii		d	i		ii	ii					m	True	True	(2, -1, 3)	()	2	2	minor	minor	i	i, minor	ii		i	i	True	ii	ii, minor		ii, minor		ii	2	2	2	-2	-2	-2	False	False	False
311.0	1.0	77.75	74	2	D	0.0	2.75	0	4	4	1.0	1.0	1/16	True	0	20.0	20.0	20.0	20a	5	311/4	False	False				False	18	ii		d	i		ii	ii					m	True	True	(2, -1, 3)	()	2	2	minor	minor	i	i, minor	ii		i	i	True	ii	ii, minor		ii, minor		ii	2	2	2	0	0	0	False	False	False
312.0	4.0	78.0	76	4	E	0.0	3.0	3	4	4	1.0	1.0	1/4	True	0	20.0	20.0	20.0	20a	5	78	False	False				False	18	ii		d	i		ii	ii					m	True	True	(2, -1, 3)	()	2	2	minor	minor	i	i, minor	ii		i	i	True	ii	ii, minor		ii, minor		ii	2	2	2	2	2	2	True	True	True
316.0	3.0	79.0	71	5	B	0.0	4.0	4	4	4	1.0	1.0	3/16	True	0	20.0	20.0	20.0	20a	4	79	False	False				False	18	ii		d	i		ii	ii					m	True	True	(2, -1, 3)	()	2	2	minor	minor	i	i, minor	ii		i	i	True	ii	ii, minor		ii, minor		ii	2	2	2	3	3	3	True	False	False
319.0	1.0	79.75	69	3	A	0.0	4.75	0	4	4	1.0	1.0	1/16	True	0	20.0	20.0	20.0	20a	4	319/4	False	False				False	18	ii		d	i		ii	ii					m	True	True	(2, -1, 3)	()	2	2	minor	minor	i	i, minor	ii		i	i	True	ii	ii, minor		ii, minor		ii	2	2	2	1	1	1	False	False	False
320.0	8.0	80.0	45	3	A	0.0	1.0	1	4	4	2.0	1.0	1/2	True	0	21.0	21.0	21.0	21a	2	80	False	True				False	19	V		d	i		V	V					M	True	True	(1, 5, 2)	()	1	1	minor	minor	i	i, minor	V		i	i	True	V	V, minor		V, minor		V	2	2	2	1	1	1	True	True	True
320.0	6.0	80.0	73	7	C	1.0	1.0	1	4	4	1.0	1.0	3/8	True	0	21.0	21.0	21.0	21a	5	80	False	True				False	19	V		d	i		V	V					M	True	True	(1, 5, 2)	()	1	1	minor	minor	i	i, minor	V		i	i	True	V	V, minor		V, minor		V	2	2	2	5	5	5	True	False	False
326.0	2.0	81.5	71	5	B	0.0	2.5	0	4	4	1.0	1.0	1/8	True	0	21.0	21.0	21.0	21a	4	163/2	False	False				False	19	V		d	i		V	V					M	True	True	(1, 5, 2)	()	1	1	minor	minor	i	i, minor	V		i	i	True	V	V, minor		V, minor		V	2	2	2	3	3	3	False	False	False
328.0	4.0	82.0	43	1	G	0.0	3.0	3	4	4	2.0	1.0	1/4	True	0	21.0	21.0	21.0	21a	2	82	False	True				False	20	IV		d	i		IV	IV					M	True	True	(-1, 3, 0)	()	-1	-1	minor	minor	i	i, minor	IV		i	i	True	IV	IV, minor		IV, minor		IV	2	2	2	-1	-1	-1	True	True	True
328.0	6.0	82.0	74	2	D	0.0	3.0	3	4	4	1.0	1.0	3/8	True	0	21.0	21.0	21.0	21a	5	82	False	True				False	20	IV		d	i		IV	IV					M	True	True	(-1, 3, 0)	()	-1	-1	minor	minor	i	i, minor	IV		i	i	True	IV	IV, minor		IV, minor		IV	2	2	2	0	0	0	True	False	False
332.0	4.0	83.0	45	3	A	0.0	4.0	4	4	4	2.0	1.0	1/4	True	0	21.0	21.0	21.0	21a	2	83	False	True				False	21	V(4)		d	i		V(4)	V			4		M	True	True	(1, 0, 2)	()	1	1	minor	minor	i	i, minor	V		i	i	True	V	V, minor		V(4), minor		V	2	2	2	1	1	1	True	True	True
334.0	2.0	83.5	73	7	C	1.0	4.5	0	4	4	1.0	1.0	1/8	True	0	21.0	21.0	21.0	21a	5	167/2	False	True				False	22	V		d	i		V	V					M	True	True	(1, 5, 2)	()	1	1	minor	minor	i	i, minor	V		i	i	True	V	V, minor		V, minor		V	2	2	2	5	5	5	True	False	False
336.0	16.0	84.0	50	2	D	0.0	1.0	1	4	4	2.0	1.0	1	True	0	22.0	22.0	22.0	22a	3	84	False	True			\\	True	23	I\\		d	i		I	I					M	True	True	(0, 4, 1)	()	0	0	minor	minor	i	i, minor	I		i	i	True	I	I, minor		I, minor		I	2	2	2	0	0	0	True	True	True
336.0	16.0	84.0	74	2	D	0.0	1.0	1	4	4	1.0	1.0	1	True	0	22.0	22.0	22.0	22a	5	84	False	True			\\	True	23	I\\		d	i		I	I					M	True	True	(0, 4, 1)	()	0	0	minor	minor	i	i, minor	I		i	i	True	I	I, minor		I, minor		I	2	2	2	0	0	0	True	True	True
352.0	16.0	88.0	50	2	D	0.0	1.0	1	4	4	2.0	1.0	1	True	0	23.0	23.0	23.0	23a	3	88	False	True				False	24	i		d	i		i	i					m	True	True	(0, -3, 1)	()	0	0	minor	minor	i	i, minor	i		i	i	True	i	i, minor		i, minor		i	2	2	2	0	0	0	True	True	True
356.0	8.0	89.0	74	2	D	0.0	2.0	2	4	4	1.0	1.0	1/2	True	0	23.0	23.0	23.0	23a	5	89	False	False				False	24	i		d	i		i	i					m	True	True	(0, -3, 1)	()	0	0	minor	minor	i	i, minor	i		i	i	True	i	i, minor		i, minor		i	2	2	2	0	0	0	True	True	True
364.0	2.0	91.0	72	0	C	0.0	4.0	4	4	4	1.0	1.0	1/8	True	0	23.0	23.0	23.0	23a	5	91	False	False				False	24	i		d	i		i	i					m	True	True	(0, -3, 1)	()	0	0	minor	minor	i	i, minor	i		i	i	True	i	i, minor		i, minor		i	2	2	2	-2	-2	-2	False	False	False
366.0	2.0	91.5	71	5	B	0.0	4.5	0	4	4	1.0	1.0	1/8	True	0	23.0	23.0	23.0	23a	4	183/2	False	False				False	24	i		d	i		i	i					m	True	True	(0, -3, 1)	()	0	0	minor	minor	i	i, minor	i		i	i	True	i	i, minor		i, minor		i	2	2	2	3	3	3	False	False	False
368.0	16.0	92.0	45	3	A	0.0	1.0	1	4	4	2.0	1.0	1	True	0	24.0	24.0	24.0	24a	2	92	False	True				False	25	v		d	i		v	v					m	True	True	(1, -2, 2)	()	1	1	minor	minor	i	i, minor	v		i	i	True	v	v, minor		v, minor		v	2	2	2	1	1	1	True	True	True
368.0	2.0	92.0	72	0	C	0.0	1.0	1	4	4	1.0	1.0	1/8	True	0	24.0	24.0	24.0	24a	5	92	False	True				False	25	v		d	i		v	v					m	True	True	(1, -2, 2)	()	1	1	minor	minor	i	i, minor	v		i	i	True	v	v, minor		v, minor		v	2	2	2	-2	-2	-2	True	False	False
370.0	2.0	92.5	69	3	A	0.0	1.5	0	4	4	1.0	1.0	1/8	True	0	24.0	24.0	24.0	24a	4	185/2	False	False				False	25	v		d	i		v	v					m	True	True	(1, -2, 2)	()	1	1	minor	minor	i	i, minor	v		i	i	True	v	v, minor		v, minor		v	2	2	2	1	1	1	True	True	True
372.0	6.0	93.0	67	1	G	0.0	2.0	2	4	4	1.0	1.0	3/8	True	0	24.0	24.0	24.0	24a	4	93	False	True				False	26	v7		d	i		v7	v		7			mm7	True	True	(1, -2, 2, -1)	()	1	1	minor	minor	i	i, minor	v		i	i	True	v7	v7, minor		v7, minor		v	2	2	2	-1	-1	-1	True	False	False
378.0	2.0	94.5	66	6	F	1.0	3.5	0	4	4	1.0	1.0	1/8	True	0	24.0	24.0	24.0	24a	4	189/2	False	False				False	26	v7		d	i		v7	v		7			mm7	True	True	(1, -2, 2, -1)	()	1	1	minor	minor	i	i, minor	v		i	i	True	v7	v7, minor		v7, minor		v	2	2	2	4	4	4	False	False	False
380.0	2.0	95.0	66	6	F	1.0	4.0	4	4	4	1.0	1.0	1/8	True	0	24.0	24.0	24.0	24a	4	95	False	False				False	26	v7		d	i		v7	v		7			mm7	True	True	(1, -2, 2, -1)	()	1	1	minor	minor	i	i, minor	v		i	i	True	v7	v7, minor		v7, minor		v	2	2	2	4	4	4	False	False	False
382.0	2.0	95.5	64	4	E	0.0	4.5	0	4	4	1.0	1.0	1/8	True	0	24.0	24.0	24.0	24a	4	191/2	False	False				False	26	v7		d	i		v7	v		7			mm7	True	True	(1, -2, 2, -1)	()	1	1	minor	minor	i	i, minor	v		i	i	True	v7	v7, minor		v7, minor		v	2	2	2	2	2	2	True	False	False
384.0	16.0	96.0	50	2	D	0.0	1.0	1	4	4	2.0	1.0	1	True	0	25.0	25.0	25.0	25a	3	96	False	True				False	27	I		d	i		I	I					M	True	True	(0, 4, 1)	()	0	0	minor	minor	i	i, minor	I		i	i	True	I	I, minor		I, minor		I	2	2	2	0	0	0	True	True	True
384.0	8.0	96.0	66	6	F	1.0	1.0	1	4	4	1.0	1.0	1/2	True	0	25.0	25.0	25.0	25a	4	96	False	True				False	27	I		d	i		I	I					M	True	True	(0, 4, 1)	()	0	0	minor	minor	i	i, minor	I		i	i	True	I	I, minor		I, minor		I	2	2	2	4	4	4	True	False	False
394.0	2.0	98.5	71	5	B	0.0	3.5	0	4	4	1.0	1.0	1/8	True	0	25.0	25.0	25.0	25a	4	197/2	False	False				False	27	I		d	i		I	I					M	True	True	(0, 4, 1)	()	0	0	minor	minor	i	i, minor	I		i	i	True	I	I, minor		I, minor		I	2	2	2	3	3	3	False	False	False
396.0	2.0	99.0	71	5	B	0.0	4.0	4	4	4	1.0	1.0	1/8	True	0	25.0	25.0	25.0	25a	4	99	False	False				False	27	I		d	i		I	I					M	True	True	(0, 4, 1)	()	0	0	minor	minor	i	i, minor	I		i	i	True	I	I, minor		I, minor		I	2	2	2	3	3	3	False	False	False
398.0	2.0	99.5	69	3	A	0.0	4.5	0	4	4	1.0	1.0	1/8	True	0	25.0	25.0	25.0	25a	4	199/2	False	False				False	27	I		d	i		I	I					M	True	True	(0, 4, 1)	()	0	0	minor	minor	i	i, minor	I		i	i	True	I	I, minor		I, minor		I	2	2	2	1	1	1	True	False	False
400.0	8.0	100.0	43	1	G	0.0	1.0	1	4	4	2.0	1.0	1/2	True	0	26.0	26.0	26.0	26a	2	100	False	True				False	28	IV		d	i		IV	IV					M	True	True	(-1, 3, 0)	()	-1	-1	minor	minor	i	i, minor	IV		i	i	True	IV	IV, minor		IV, minor		IV	2	2	2	-1	-1	-1	True	True	True
400.0	4.0	100.0	71	5	B	0.0	1.0	1	4	4	1.0	1.0	1/4	True	0	26.0	26.0	26.0	26a	4	100	False	True				False	28	IV		d	i		IV	IV					M	True	True	(-1, 3, 0)	()	-1	-1	minor	minor	i	i, minor	IV		i	i	True	IV	IV, minor		IV, minor		IV	2	2	2	3	3	3	True	False	False
404.0	4.0	101.0	71	5	B	0.0	2.0	2	4	4	1.0	1.0	1/4	True	0	26.0	26.0	26.0	26a	4	101	False	False				False	28	IV		d	i		IV	IV					M	True	True	(-1, 3, 0)	()	-1	-1	minor	minor	i	i, minor	IV		i	i	True	IV	IV, minor		IV, minor		IV	2	2	2	3	3	3	True	False	False
408.0	8.0	102.0	45	3	A	0.0	3.0	3	4	4	2.0	1.0	1/2	True	0	26.0	26.0	26.0	26a	2	102	False	True				False	29	v		d	i		v	v					m	True	True	(1, -2, 2)	()	1	1	minor	minor	i	i, minor	v		i	i	True	v	v, minor		v, minor		v	2	2	2	1	1	1	True	True	True
412.0	4.0	103.0	72	0	C	0.0	4.0	4	4	4	1.0	1.0	1/4	True	0	26.0	26.0	26.0	26a	5	103	False	False				False	29	v		d	i		v	v					m	True	True	(1, -2, 2)	()	1	1	minor	minor	i	i, minor	v		i	i	True	v	v, minor		v, minor		v	2	2	2	-2	-2	-2	True	False	False
416.0	8.0	104.0	50	2	D	0.0	1.0	1	4	4	2.0	1.0	1/2	True	0	27.0	27.0	27.0	27a	3	104	False	True				False	30	iv7/v		d	i		iv7/v	iv		7		v	mm7	True	True	(0, -3, 1, -2)	()	0	0	minor	minor	i	i, minor	iv/v	v	v/i	v	True	iv7/v	iv7/v, minor		iv7/v, minor	v	v	2	2	3	0	0	-1	True	True	True
416.0	4.0	104.0	72	0	C	0.0	1.0	1	4	4	1.0	1.0	1/4	False	0	27.0	27.0	27.0	27a	5	104	False	True				False	30	iv7/v		d	i		iv7/v	iv		7		v	mm7	True	True	(0, -3, 1, -2)	()	0	0	minor	minor	i	i, minor	iv/v	v	v/i	v	True	iv7/v	iv7/v, minor		iv7/v, minor	v	v	2	2	3	-2	-2	-3	True	False	False
420.0	2.0	105.0	74	2	D	0.0	2.0	2	4	4	1.0	1.0	1/8	True	0	27.0	27.0	27.0	27a	5	105	False	True				False	31	iv/v		d	i		iv/v	iv				v	m	True	True	(0, -3, 1)	()	0	0	minor	minor	i	i, minor	iv/v	v	v/i	v	True	iv/v	iv/v, minor		iv/v, minor	v	v	2	2	3	0	0	-1	True	True	True
422.0	2.0	105.5	76	4	E	0.0	2.5	0	4	4	1.0	1.0	1/8	True	0	27.0	27.0	27.0	27a	5	211/2	False	False				False	31	iv/v		d	i		iv/v	iv				v	m	True	True	(0, -3, 1)	()	0	0	minor	minor	i	i, minor	iv/v	v	v/i	v	True	iv/v	iv/v, minor		iv/v, minor	v	v	2	2	3	2	2	1	False	False	False
424.0	8.0	106.0	52	4	E	0.0	3.0	3	4	4	2.0	1.0	1/2	True	0	27.0	27.0	27.0	27a	3	106	False	True				False	32	V/v		d	i		V/v	V				v	M	True	True	(2, 6, 3)	()	2	2	minor	minor	i	i, minor	V/v	v	v/i	v	True	V/v	V/v, minor		V/v, minor	v	v	2	2	3	2	2	1	True	True	True
424.0	8.0	106.0	71	5	B	0.0	3.0	3	4	4	1.0	1.0	1/2	True	0	27.0	27.0	27.0	27a	4	106	False	True				False	32	V/v		d	i		V/v	V				v	M	True	True	(2, 6, 3)	()	2	2	minor	minor	i	i, minor	V/v	v	v/i	v	True	V/v	V/v, minor		V/v, minor	v	v	2	2	3	3	3	2	True	False	False
432.0	16.0	108.0	45	3	A	0.0	1.0	1	4	4	2.0	1.0	1	True	0	28.0	28.0	28.0	28a	2	108	False	True			\\	True	33	v\\		d	i		v	v					m	True	True	(1, -2, 2)	()	1	1	minor	minor	i	i, minor	v		i	i	True	v	v, minor		v, minor		v	2	2	2	1	1	1	True	True	True
432.0	16.0	108.0	69	3	A	0.0	1.0	1	4	4	1.0	1.0	1	True	0	28.0	28.0	28.0	28a	4	108	False	True			\\	True	33	v\\		d	i		v	v					m	True	True	(1, -2, 2)	()	1	1	minor	minor	i	i, minor	v		i	i	True	v	v, minor		v, minor		v	2	2	2	1	1	1	True	True	True
448.0	8.0	112.0	41	-1	F	0.0	1.0	1	4	4	2.0	1.0	1/2	True	0	29.0	29.0	29.0	29a	2	112	False	True				False	34	III		d	i		III	III					M	True	True	(-3, 1, -2)	()	-3	-3	minor	minor	i	i, minor	III		i	i	True	III	III, minor		III, minor		III	2	2	2	-3	-3	-3	True	True	True
452.0	2.0	113.0	72	0	C	0.0	2.0	2	4	4	1.0	1.0	1/8	True	0	29.0	29.0	29.0	29a	5	113	False	False				False	34	III		d	i		III	III					M	True	True	(-3, 1, -2)	()	-3	-3	minor	minor	i	i, minor	III		i	i	True	III	III, minor		III, minor		III	2	2	2	-2	-2	-2	True	False	False
454.0	2.0	113.5	69	3	A	0.0	2.5	0	4	4	1.0	1.0	1/8	True	0	29.0	29.0	29.0	29a	4	227/2	False	False				False	34	III		d	i		III	III					M	True	True	(-3, 1, -2)	()	-3	-3	minor	minor	i	i, minor	III		i	i	True	III	III, minor		III, minor		III	2	2	2	1	1	1	True	False	False
456.0	8.0	114.0	48	0	C	0.0	3.0	3	4	4	2.0	1.0	1/2	True	0	29.0	29.0	29.0	29a	3	114	False	True				False	35	V/III		d	i		V/III	V				III	M	True	True	(-2, 2, -1)	()	-2	-2	minor	minor	i	i, minor	V/III	III	III/i	III	False	V/III	V/III, minor		V/III, minor	III	III	2	2	-1	-2	-2	1	True	True	True
456.0	8.0	114.0	67	1	G	0.0	3.0	3	4	4	1.0	1.0	1/2	True	0	29.0	29.0	29.0	29a	4	114	False	True				False	35	V/III		d	i		V/III	V				III	M	True	True	(-2, 2, -1)	()	-2	-2	minor	minor	i	i, minor	V/III	III	III/i	III	False	V/III	V/III, minor		V/III, minor	III	III	2	2	-1	-1	-1	2	True	False	False
464.0	16.0	116.0	41	-1	F	0.0	1.0	1	4	4	2.0	1.0	1	True	0	30.0	30.0	30.0	30a	2	116	False	True				False	36	III		d	i		III	III					M	True	True	(-3, 1, -2)	()	-3	-3	minor	minor	i	i, minor	III		i	i	True	III	III, minor		III, minor		III	2	2	2	-3	-3	-3	True	True	True
464.0	8.0	116.0	65	-1	F	0.0	1.0	1	4	4	1.0	1.0	1/2	True	0	30.0	30.0	30.0	30a	4	116	False	True				False	36	III		d	i		III	III					M	True	True	(-3, 1, -2)	()	-3	-3	minor	minor	i	i, minor	III		i	i	True	III	III, minor		III, minor		III	2	2	2	-3	-3	-3	True	True	True
476.0	2.0	119.0	60	0	C	0.0	4.0	4	4	4	1.0	1.0	1/8	True	0	30.0	30.0	30.0	30a	4	119	False	False				False	36	III		d	i		III	III					M	True	True	(-3, 1, -2)	()	-3	-3	minor	minor	i	i, minor	III		i	i	True	III	III, minor		III, minor		III	2	2	2	-2	-2	-2	True	False	False
478.0	2.0	119.5	60	0	C	0.0	4.5	0	4	4	1.0	1.0	1/8	True	0	30.0	30.0	30.0	30a	4	239/2	False	False				False	36	III		d	i		III	III					M	True	True	(-3, 1, -2)	()	-3	-3	minor	minor	i	i, minor	III		i	i	True	III	III, minor		III, minor		III	2	2	2	-2	-2	-2	True	False	False
480.0	16.0	120.0	41	-1	F	0.0	1.0	1	4	4	2.0	1.0	1	True	0	31.0	31.0	31.0	31a	2	120	False	False				False	36	III		d	i		III	III					M	True	True	(-3, 1, -2)	()	-3	-3	minor	minor	i	i, minor	III		i	i	True	III	III, minor		III, minor		III	2	2	2	-3	-3	-3	True	True	True
480.0	4.0	120.0	65	-1	F	0.0	1.0	1	4	4	1.0	1.0	1/4	True	0	31.0	31.0	31.0	31a	4	120	False	False				False	36	III		d	i		III	III					M	True	True	(-3, 1, -2)	()	-3	-3	minor	minor	i	i, minor	III		i	i	True	III	III, minor		III, minor		III	2	2	2	-3	-3	-3	True	True	True
486.0	2.0	121.5	65	-1	F	0.0	2.5	0	4	4	1.0	1.0	1/8	True	0	31.0	31.0	31.0	31a	4	243/2	False	False				False	36	III		d	i		III	III					M	True	True	(-3, 1, -2)	()	-3	-3	minor	minor	i	i, minor	III		i	i	True	III	III, minor		III, minor		III	2	2	2	-3	-3	-3	True	True	True
488.0	4.0	122.0	69	3	A	0.0	3.0	3	4	4	1.0	1.0	1/4	True	0	31.0	31.0	31.0	31a	4	122	False	False				False	36	III		d	i		III	III					M	True	True	(-3, 1, -2)	()	-3	-3	minor	minor	i	i, minor	III		i	i	True	III	III, minor		III, minor		III	2	2	2	1	1	1	True	False	False
492.0	2.0	123.0	69	3	A	0.0	4.0	4	4	4	1.0	1.0	1/8	True	0	31.0	31.0	31.0	31a	4	123	False	False				False	36	III		d	i		III	III					M	True	True	(-3, 1, -2)	()	-3	-3	minor	minor	i	i, minor	III		i	i	True	III	III, minor		III, minor		III	2	2	2	1	1	1	True	False	False
494.0	2.0	123.5	69	3	A	0.0	4.5	0	4	4	1.0	1.0	1/8	True	0	31.0	31.0	31.0	31a	4	247/2	False	False				False	36	III		d	i		III	III					M	True	True	(-3, 1, -2)	()	-3	-3	minor	minor	i	i, minor	III		i	i	True	III	III, minor		III, minor		III	2	2	2	1	1	1	True	False	False
496.0	8.0	124.0	41	-1	F	0.0	1.0	1	4	4	2.0	1.0	1/2	True	0	32.0	32.0	32.0	32a	2	124	False	False				False	36	III		d	i		III	III					M	True	True	(-3, 1, -2)	()	-3	-3	minor	minor	i	i, minor	III		i	i	True	III	III, minor		III, minor		III	2	2	2	-3	-3	-3	True	True	True
496.0	4.0	124.0	72	0	C	0.0	1.0	1	4	4	1.0	1.0	1/4	True	0	32.0	32.0	32.0	32a	5	124	False	False				False	36	III		d	i		III	III					M	True	True	(-3, 1, -2)	()	-3	-3	minor	minor	i	i, minor	III		i	i	True	III	III, minor		III, minor		III	2	2	2	-2	-2	-2	True	False	False
502.0	2.0	125.5	72	0	C	0.0	2.5	0	4	4	1.0	1.0	1/8	True	0	32.0	32.0	32.0	32a	5	251/2	False	False				False	36	III		d	i		III	III					M	True	True	(-3, 1, -2)	()	-3	-3	minor	minor	i	i, minor	III		i	i	True	III	III, minor		III, minor		III	2	2	2	-2	-2	-2	True	False	False
504.0	8.0	126.0	38	2	D	0.0	3.0	3	4	4	2.0	1.0	1/2	True	0	32.0	32.0	32.0	32a	2	126	False	True				False	37	i		d	i		i	i					m	True	True	(0, -3, 1)	()	0	0	minor	minor	i	i, minor	i		i	i	True	i	i, minor		i, minor		i	2	2	2	0	0	0	True	True	True
504.0	8.0	126.0	77	-1	F	0.0	3.0	3	4	4	1.0	1.0	1/2	True	0	32.0	32.0	32.0	32a	5	126	False	True				False	37	i		d	i		i	i					m	True	True	(0, -3, 1)	()	0	0	minor	minor	i	i, minor	i		i	i	True	i	i, minor		i, minor		i	2	2	2	-3	-3	-3	True	False	False
512.0	16.0	128.0	45	3	A	0.0	1.0	1	4	4	2.0	1.0	1	True	0	33.0	33.0	33.0	33a	2	128	False	True				False	38	V		d	i		V	V					M	True	True	(1, 5, 2)	()	1	1	minor	minor	i	i, minor	V		i	i	True	V	V, minor		V, minor		V	2	2	2	1	1	1	True	True	True
512.0	16.0	128.0	76	4	E	0.0	1.0	1	4	4	1.0	1.0	1	True	0	33.0	33.0	33.0	33a	5	128	False	True				False	38	V		d	i		V	V					M	True	True	(1, 5, 2)	()	1	1	minor	minor	i	i, minor	V		i	i	True	V	V, minor		V, minor		V	2	2	2	2	2	2	True	False	False
528.0	16.0	132.0	38	2	D	0.0	1.0	1	4	4	2.0	1.0	1	True	0	34.0	34.0	34.0	34a	2	132	False	True			\\	True	39	i\\		d	i		i	i					m	True	True	(0, -3, 1)	()	0	0	minor	minor	i	i, minor	i		i	i	True	i	i, minor		i, minor		i	2	2	2	0	0	0	True	True	True
528.0	16.0	132.0	74	2	D	0.0	1.0	1	4	4	1.0	1.0	1	True	0	34.0	34.0	34.0	34a	5	132	False	True			\\	True	39	i\\		d	i		i	i					m	True	True	(0, -3, 1)	()	0	0	minor	minor	i	i, minor	i		i	i	True	i	i, minor		i, minor		i	2	2	2	0	0	0	True	True	True
544.0	4.0	136.0	50	2	D	0.0	1.0	1	4	4	2.0	1.0	1/4	True	0	35.0	35.0	35.0	35a	3	136	False	False				False	39	i\\		d	i		i	i					m	True	True	(0, -3, 1)	()	0	0	minor	minor	i	i, minor	i		i	i	True	i	i, minor		i, minor		i	2	2	2	0	0	0	True	True	True
548.0	4.0	137.0	45	3	A	0.0	2.0	2	4	4	2.0	1.0	1/4	True	0	35.0	35.0	35.0	35a	2	137	False	True				False	40	v		d	i		v	v					m	True	True	(1, -2, 2)	()	1	1	minor	minor	i	i, minor	v		i	i	True	v	v, minor		v, minor		v	2	2	2	1	1	1	True	True	True
552.0	4.0	138.0	46	-2	B	-1.0	3.0	3	4	4	2.0	1.0	1/4	True	0	35.0	35.0	35.0	35a	2	138	False	True				False	41	VI		d	i		VI	VI					M	True	True	(-4, 0, -3)	()	-4	-4	minor	minor	i	i, minor	VI		i	i	True	VI	VI, minor		VI, minor		VI	2	2	2	-4	-4	-4	True	True	True
556.0	4.0	139.0	41	-1	F	0.0	4.0	4	4	4	2.0	1.0	1/4	True	0	35.0	35.0	35.0	35a	2	139	False	True				False	42	III		d	i		III	III					M	True	True	(-3, 1, -2)	()	-3	-3	minor	minor	i	i, minor	III		i	i	True	III	III, minor		III, minor		III	2	2	2	-3	-3	-3	True	True	True
560.0	8.0	140.0	43	1	G	0.0	1.0	1	4	4	2.0	1.0	1/2	True	0	36.0	36.0	36.0	36a	2	140	False	True				False	43	iv		d	i		iv	iv					m	True	True	(-1, -4, 0)	()	-1	-1	minor	minor	i	i, minor	iv		i	i	True	iv	iv, minor		iv, minor		iv	2	2	2	-1	-1	-1	True	True	True
568.0	4.0	142.0	50	2	D	0.0	3.0	3	4	4	2.0	1.0	1/4	True	0	36.0	36.0	36.0	36a	3	142	False	True				False	44	i		d	i		i	i					m	True	True	(0, -3, 1)	()	0	0	minor	minor	i	i, minor	i		i	i	True	i	i, minor		i, minor		i	2	2	2	0	0	0	True	True	True
572.0	4.0	143.0	46	-2	B	-1.0	4.0	4	4	4	2.0	1.0	1/4	True	0	36.0	36.0	36.0	36a	2	143	False	True				False	45	VI	iv6	d	i		VI	VI					M	True	True	(-4, 0, -3)	()	-4	-4	minor	minor	i	i, minor	VI		i	i	True	VI	VI, minor		VI, minor		VI	2	2	2	-4	-4	-4	True	True	True
576.0	4.0	144.0	45	3	A	0.0	1.0	1	4	4	2.0	1.0	1/4	True	0	37.0	37.0	37.0	37a	2	144	False	True				False	46	V		d	i		V	V					M	True	True	(1, 5, 2)	()	1	1	minor	minor	i	i, minor	V		i	i	True	V	V, minor		V, minor		V	2	2	2	1	1	1	True	True	True
580.0	4.0	145.0	43	1	G	0.0	2.0	2	4	4	2.0	1.0	1/4	True	0	37.0	37.0	37.0	37a	2	145	False	True				False	47	iv		d	i		iv	iv					m	True	True	(-1, -4, 0)	()	-1	-1	minor	minor	i	i, minor	iv		i	i	True	iv	iv, minor		iv, minor		iv	2	2	2	-1	-1	-1	True	True	True
584.0	8.0	146.0	45	3	A	0.0	3.0	3	4	4	2.0	1.0	1/2	True	0	37.0	37.0	37.0	37a	2	146	False	True				False	48	V		d	i		V	V					M	True	True	(1, 5, 2)	()	1	1	minor	minor	i	i, minor	V		i	i	True	V	V, minor		V, minor		V	2	2	2	1	1	1	True	True	True
592.0	16.0	148.0	38	2	D	0.0	1.0	1	4	4	2.0	1.0	1	True	0	38.0	38.0	38.0	38a	2	148	False	True			\\	True	49	i\\		d	i		i	i					m	True	True	(0, -3, 1)	()	0	0	minor	minor	i	i, minor	i		i	i	True	i	i, minor		i, minor		i	2	2	2	0	0	0	True	True	True
608.0	16.0	152.0	50	2	D	0.0	1.0	1	4	4	2.0	1.0	1	True	0	39.0	39.0	39.0	39a	3	152	False	False				False	49	i\\		d	i		i	i					m	True	True	(0, -3, 1)	()	0	0	minor	minor	i	i, minor	i		i	i	True	i	i, minor		i, minor		i	2	2	2	0	0	0	True	True	True
620.0	4.0	155.0	74	2	D	0.0	4.0	4	4	4	1.0	1.0	1/4	True	0	39.0	39.0	39.0	39a	5	155	False	False				False	49	i\\		d	i		i	i					m	True	True	(0, -3, 1)	()	0	0	minor	minor	i	i, minor	i		i	i	True	i	i, minor		i, minor		i	2	2	2	0	0	0	True	True	True
624.0	16.0	156.0	52	4	E	0.0	1.0	1	4	4	2.0	1.0	1	True	0	40.0	40.0	40.0	40a	3	156	False	True				False	50	V/V		d	i		V/V	V				V	M	True	True	(2, 6, 3)	()	2	2	minor	minor	i	i, minor	V/V	V	V/i	V	False	V/V	V/V, minor		V/V, minor	V	V	2	2	3	2	2	1	True	True	True
624.0	8.0	156.0	68	8	G	1.0	1.0	1	4	4	1.0	1.0	1/2	True	0	40.0	40.0	40.0	40a	4	156	False	True				False	50	V/V		d	i		V/V	V				V	M	True	True	(2, 6, 3)	()	2	2	minor	minor	i	i, minor	V/V	V	V/i	V	False	V/V	V/V, minor		V/V, minor	V	V	2	2	3	6	6	5	True	False	False
632.0	4.0	158.0	68	8	G	1.0	3.0	3	4	4	1.0	1.0	1/4	True	0	40.0	40.0	40.0	40a	4	158	False	False				False	50	V/V		d	i		V/V	V				V	M	True	True	(2, 6, 3)	()	2	2	minor	minor	i	i, minor	V/V	V	V/i	V	False	V/V	V/V, minor		V/V, minor	V	V	2	2	3	6	6	5	True	False	False
638.0	2.0	159.5	68	8	G	1.0	4.5	0	4	4	1.0	1.0	1/8	True	0	40.0	40.0	40.0	40a	4	319/2	False	False				False	50	V/V		d	i		V/V	V				V	M	True	True	(2, 6, 3)	()	2	2	minor	minor	i	i, minor	V/V	V	V/i	V	False	V/V	V/V, minor		V/V, minor	V	V	2	2	3	6	6	5	True	False	False
640.0	8.0	160.0	52	4	E	0.0	1.0	1	4	4	2.0	1.0	1/2	False	0	41.0	41.0	41.0	41a	3	160	False	False				False	50	V/V		d	i		V/V	V				V	M	True	True	(2, 6, 3)	()	2	2	minor	minor	i	i, minor	V/V	V	V/i	V	False	V/V	V/V, minor		V/V, minor	V	V	2	2	3	2	2	1	True	True	True
640.0	4.0	160.0	68	8	G	1.0	1.0	1	4	4	1.0	1.0	1/4	True	0	41.0	41.0	41.0	41a	4	160	False	False				False	50	V/V		d	i		V/V	V				V	M	True	True	(2, 6, 3)	()	2	2	minor	minor	i	i, minor	V/V	V	V/i	V	False	V/V	V/V, minor		V/V, minor	V	V	2	2	3	6	6	5	True	False	False
644.0	2.0	161.0	68	8	G	1.0	2.0	2	4	4	1.0	1.0	1/8	True	0	41.0	41.0	41.0	41a	4	161	False	False				False	50	V/V		d	i		V/V	V				V	M	True	True	(2, 6, 3)	()	2	2	minor	minor	i	i, minor	V/V	V	V/i	V	False	V/V	V/V, minor		V/V, minor	V	V	2	2	3	6	6	5	True	False	False
646.0	2.0	161.5	66	6	F	1.0	2.5	0	4	4	1.0	1.0	1/8	True	0	41.0	41.0	41.0	41a	4	323/2	False	False				False	50	V/V		d	i		V/V	V				V	M	True	True	(2, 6, 3)	()	2	2	minor	minor	i	i, minor	V/V	V	V/i	V	False	V/V	V/V, minor		V/V, minor	V	V	2	2	3	4	4	3	False	False	False
648.0	8.0	162.0	49	7	C	1.0	3.0	3	4	4	2.0	1.0	1/2	True	0	41.0	41.0	41.0	41a	3	162	False	True			\\	True	51	V6\\		d	i		V6	V		6			M	True	True	(5, 2, 1)	()	1	5	minor	minor	i	i, minor	V		i	i	True	V6	V6, minor		V6, minor		V	2	2	2	5	5	5	True	False	True
648.0	8.0	162.0	69	3	A	0.0	3.0	3	4	4	1.0	1.0	1/2	True	0	41.0	41.0	41.0	41a	4	162	False	True			\\	True	51	V6\\		d	i		V6	V		6			M	True	True	(5, 2, 1)	()	1	5	minor	minor	i	i, minor	V		i	i	True	V6	V6, minor		V6, minor		V	2	2	2	1	1	1	True	True	False
656.0	8.0	164.0	49	7	C	1.0	1.0	1	4	4	2.0	1.0	1/2	False	0	42.0	42.0	42.0	42a	3	164	False	False				False	51	V6\\		d	i		V6	V		6			M	True	True	(5, 2, 1)	()	1	5	minor	minor	i	i, minor	V		i	i	True	V6	V6, minor		V6, minor		V	2	2	2	5	5	5	True	False	True
658.0	2.0	164.5	69	3	A	0.0	1.5	0	4	4	1.0	1.0	1/8	True	0	42.0	42.0	42.0	42a	4	329/2	False	False				False	51	V6\\		d	i		V6	V		6			M	True	True	(5, 2, 1)	()	1	5	minor	minor	i	i, minor	V		i	i	True	V6	V6, minor		V6, minor		V	2	2	2	1	1	1	True	True	False
660.0	4.0	165.0	69	3	A	0.0	2.0	2	4	4	1.0	1.0	1/4	True	0	42.0	42.0	42.0	42a	4	165	False	False				False	51	V6\\		d	i		V6	V		6			M	True	True	(5, 2, 1)	()	1	5	minor	minor	i	i, minor	V		i	i	True	V6	V6, minor		V6, minor		V	2	2	2	1	1	1	True	True	False
664.0	8.0	166.0	49	7	C	1.0	3.0	3	4	4	2.0	1.0	1/2	True	0	42.0	42.0	42.0	42a	3	166	False	False				False	51	V6\\		d	i		V6	V		6			M	True	True	(5, 2, 1)	()	1	5	minor	minor	i	i, minor	V		i	i	True	V6	V6, minor		V6, minor		V	2	2	2	5	5	5	True	False	True
664.0	2.0	166.0	64	4	E	0.0	3.0	3	4	4	1.0	1.0	1/8	True	0	42.0	42.0	42.0	42a	4	166	False	False				False	51	V6\\		d	i		V6	V		6			M	True	True	(5, 2, 1)	()	1	5	minor	minor	i	i, minor	V		i	i	True	V6	V6, minor		V6, minor		V	2	2	2	2	2	2	True	False	False
666.0	4.0	166.5	69	3	A	0.0	3.5	0	4	4	1.0	1.0	1/4	True	0	42.0	42.0	42.0	42a	4	333/2	False	False				False	51	V6\\		d	i		V6	V		6			M	True	True	(5, 2, 1)	()	1	5	minor	minor	i	i, minor	V		i	i	True	V6	V6, minor		V6, minor		V	2	2	2	1	1	1	True	True	False
670.0	1.0	167.5	67	1	G	0.0	4.5	0	4	4	1.0	1.0	1/16	True	0	42.0	42.0	42.0	42a	4	335/2	False	False				False	51	V6\\		d	i		V6	V		6			M	True	True	(5, 2, 1)	()	1	5	minor	minor	i	i, minor	V		i	i	True	V6	V6, minor		V6, minor		V	2	2	2	-1	-1	-1	False	False	False
671.0	1.0	167.75	66	6	F	1.0	4.75	0	4	4	1.0	1.0	1/16	True	0	42.0	42.0	42.0	42a	4	671/4	False	False				False	51	V6\\		d	i		V6	V		6			M	True	True	(5, 2, 1)	()	1	5	minor	minor	i	i, minor	V		i	i	True	V6	V6, minor		V6, minor		V	2	2	2	4	4	4	False	False	False
672.0	16.0	168.0	50	2	D	0.0	1.0	1	4	4	2.0	1.0	1	True	0	43.0	43.0	43.0	43a	3	168	False	True				False	52	I		d	i		I	I					M	True	True	(0, 4, 1)	()	0	0	minor	minor	i	i, minor	I		i	i	True	I	I, minor		I, minor		I	2	2	2	0	0	0	True	True	True
672.0	2.0	168.0	66	6	F	1.0	1.0	1	4	4	1.0	1.0	1/8	True	0	43.0	43.0	43.0	43a	4	168	False	True				False	52	I		d	i		I	I					M	True	True	(0, 4, 1)	()	0	0	minor	minor	i	i, minor	I		i	i	True	I	I, minor		I, minor		I	2	2	2	4	4	4	True	False	False
674.0	2.0	168.5	74	2	D	0.0	1.5	0	4	4	1.0	1.0	1/8	True	0	43.0	43.0	43.0	43a	5	337/2	False	False				False	52	I		d	i		I	I					M	True	True	(0, 4, 1)	()	0	0	minor	minor	i	i, minor	I		i	i	True	I	I, minor		I, minor		I	2	2	2	0	0	0	True	True	True
676.0	4.0	169.0	74	2	D	0.0	2.0	2	4	4	1.0	1.0	1/4	True	0	43.0	43.0	43.0	43a	5	169	False	False				False	52	I		d	i		I	I					M	True	True	(0, 4, 1)	()	0	0	minor	minor	i	i, minor	I		i	i	True	I	I, minor		I, minor		I	2	2	2	0	0	0	True	True	True
680.0	2.0	170.0	69	3	A	0.0	3.0	3	4	4	1.0	1.0	1/8	True	0	43.0	43.0	43.0	43a	4	170	False	False				False	52	I		d	i		I	I					M	True	True	(0, 4, 1)	()	0	0	minor	minor	i	i, minor	I		i	i	True	I	I, minor		I, minor		I	2	2	2	1	1	1	True	False	False
682.0	4.0	170.5	74	2	D	0.0	3.5	0	4	4	1.0	1.0	1/4	True	0	43.0	43.0	43.0	43a	5	341/2	False	False				False	52	I		d	i		I	I					M	True	True	(0, 4, 1)	()	0	0	minor	minor	i	i, minor	I		i	i	True	I	I, minor		I, minor		I	2	2	2	0	0	0	True	True	True
686.0	1.0	171.5	72	0	C	0.0	4.5	0	4	4	1.0	1.0	1/16	True	0	43.0	43.0	43.0	43a	5	343/2	False	True				False	53	V7/IV		d	i		V7/IV	V		7		IV	Mm7	True	True	(0, 4, 1, -2)	()	0	0	minor	minor	i	i, minor	V/IV	IV	IV/i	IV	False	V7/IV	V7/IV, minor		V7/IV, minor	IV	IV	2	2	1	-2	-2	-1	True	False	False
687.0	1.0	171.75	71	5	B	0.0	4.75	0	4	4	1.0	1.0	1/16	True	0	43.0	43.0	43.0	43a	4	687/4	False	False				False	53	V7/IV		d	i		V7/IV	V		7		IV	Mm7	True	True	(0, 4, 1, -2)	()	0	0	minor	minor	i	i, minor	V/IV	IV	IV/i	IV	False	V7/IV	V7/IV, minor		V7/IV, minor	IV	IV	2	2	1	3	3	4	False	False	False
688.0	8.0	172.0	43	1	G	0.0	1.0	1	4	4	2.0	1.0	1/2	True	0	44.0	44.0	44.0	44a	2	172	False	True				False	54	IV		d	i		IV	IV					M	True	True	(-1, 3, 0)	()	-1	-1	minor	minor	i	i, minor	IV		i	i	True	IV	IV, minor		IV, minor		IV	2	2	2	-1	-1	-1	True	True	True
688.0	8.0	172.0	71	5	B	0.0	1.0	1	4	4	1.0	1.0	1/2	True	0	44.0	44.0	44.0	44a	4	172	False	True				False	54	IV		d	i		IV	IV					M	True	True	(-1, 3, 0)	()	-1	-1	minor	minor	i	i, minor	IV		i	i	True	IV	IV, minor		IV, minor		IV	2	2	2	3	3	3	True	False	False
696.0	8.0	174.0	43	1	G	0.0	3.0	3	4	4	2.0	1.0	1/2	True	0	44.0	44.0	44.0	44a	2	174	False	False				False	54	IV		d	i		IV	IV					M	True	True	(-1, 3, 0)	()	-1	-1	minor	minor	i	i, minor	IV		i	i	True	IV	IV, minor		IV, minor		IV	2	2	2	-1	-1	-1	True	True	True
700.0	2.0	175.0	71	5	B	0.0	4.0	4	4	4	1.0	1.0	1/8	True	0	44.0	44.0	44.0	44a	4	175	False	False				False	54	IV		d	i		IV	IV					M	True	True	(-1, 3, 0)	()	-1	-1	minor	minor	i	i, minor	IV		i	i	True	IV	IV, minor		IV, minor		IV	2	2	2	3	3	3	True	False	False
702.0	2.0	175.5	71	5	B	0.0	4.5	0	4	4	1.0	1.0	1/8	True	0	44.0	44.0	44.0	44a	4	351/2	False	False				False	54	IV		d	i		IV	IV					M	True	True	(-1, 3, 0)	()	-1	-1	minor	minor	i	i, minor	IV		i	i	True	IV	IV, minor		IV, minor		IV	2	2	2	3	3	3	True	False	False
704.0	8.0	176.0	43	1	G	0.0	1.0	1	4	4	2.0	1.0	1/2	False	0	45.0	45.0	45.0	45a	2	176	False	False				False	54	IV		d	i		IV	IV					M	True	True	(-1, 3, 0)	()	-1	-1	minor	minor	i	i, minor	IV		i	i	True	IV	IV, minor		IV, minor		IV	2	2	2	-1	-1	-1	True	True	True
704.0	6.0	176.0	71	5	B	0.0	1.0	1	4	4	1.0	1.0	3/8	True	0	45.0	45.0	45.0	45a	4	176	False	False				False	54	IV		d	i		IV	IV					M	True	True	(-1, 3, 0)	()	-1	-1	minor	minor	i	i, minor	IV		i	i	True	IV	IV, minor		IV, minor		IV	2	2	2	3	3	3	True	False	False
710.0	2.0	177.5	69	3	A	0.0	2.5	0	4	4	1.0	1.0	1/8	True	0	45.0	45.0	45.0	45a	4	355/2	False	False				False	54	IV		d	i		IV	IV					M	True	True	(-1, 3, 0)	()	-1	-1	minor	minor	i	i, minor	IV		i	i	True	IV	IV, minor		IV, minor		IV	2	2	2	1	1	1	False	False	False
712.0	8.0	178.0	43	1	G	0.0	3.0	3	4	4	2.0	1.0	1/2	True	0	45.0	45.0	45.0	45a	2	178	False	False				False	54	IV		d	i		IV	IV					M	True	True	(-1, 3, 0)	()	-1	-1	minor	minor	i	i, minor	IV		i	i	True	IV	IV, minor		IV, minor		IV	2	2	2	-1	-1	-1	True	True	True
712.0	8.0	178.0	71	5	B	0.0	3.0	3	4	4	1.0	1.0	1/2	True	0	45.0	45.0	45.0	45a	4	178	False	False				False	54	IV		d	i		IV	IV					M	True	True	(-1, 3, 0)	()	-1	-1	minor	minor	i	i, minor	IV		i	i	True	IV	IV, minor		IV, minor		IV	2	2	2	3	3	3	True	False	False
720.0	16.0	180.0	43	1	G	0.0	1.0	1	4	4	2.0	1.0	1	True	0	46.0	46.0	46.0	46a	2	180	False	False				False	54	IV		d	i		IV	IV					M	True	True	(-1, 3, 0)	()	-1	-1	minor	minor	i	i, minor	IV		i	i	True	IV	IV, minor		IV, minor		IV	2	2	2	-1	-1	-1	True	True	True
720.0	4.0	180.0	71	5	B	0.0	1.0	1	4	4	1.0	1.0	1/4	True	0	46.0	46.0	46.0	46a	4	180	False	False				False	54	IV		d	i		IV	IV					M	True	True	(-1, 3, 0)	()	-1	-1	minor	minor	i	i, minor	IV		i	i	True	IV	IV, minor		IV, minor		IV	2	2	2	3	3	3	True	False	False
726.0	2.0	181.5	74	2	D	0.0	2.5	0	4	4	1.0	1.0	1/8	True	0	46.0	46.0	46.0	46a	5	363/2	False	False				False	54	IV		d	i		IV	IV					M	True	True	(-1, 3, 0)	()	-1	-1	minor	minor	i	i, minor	IV		i	i	True	IV	IV, minor		IV, minor		IV	2	2	2	0	0	0	True	False	False
728.0	6.0	182.0	74	2	D	0.0	3.0	3	4	4	1.0	1.0	3/8	True	0	46.0	46.0	46.0	46a	5	182	False	False				False	54	IV		d	i		IV	IV					M	True	True	(-1, 3, 0)	()	-1	-1	minor	minor	i	i, minor	IV		i	i	True	IV	IV, minor		IV, minor		IV	2	2	2	0	0	0	True	False	False
734.0	2.0	183.5	74	2	D	0.0	4.5	0	4	4	1.0	1.0	1/8	True	0	46.0	46.0	46.0	46a	5	367/2	False	False				False	54	IV		d	i		IV	IV					M	True	True	(-1, 3, 0)	()	-1	-1	minor	minor	i	i, minor	IV		i	i	True	IV	IV, minor		IV, minor		IV	2	2	2	0	0	0	True	False	False
736.0	8.0	184.0	43	1	G	0.0	1.0	1	4	4	2.0	1.0	1/2	True	0	47.0	47.0	47.0	47a	2	184	False	False				False	54	IV		d	i		IV	IV					M	True	True	(-1, 3, 0)	()	-1	-1	minor	minor	i	i, minor	IV		i	i	True	IV	IV, minor		IV, minor		IV	2	2	2	-1	-1	-1	True	True	True
736.0	6.0	184.0	74	2	D	0.0	1.0	1	4	4	1.0	1.0	3/8	True	0	47.0	47.0	47.0	47a	5	184	False	False				False	54	IV		d	i		IV	IV					M	True	True	(-1, 3, 0)	()	-1	-1	minor	minor	i	i, minor	IV		i	i	True	IV	IV, minor		IV, minor		IV	2	2	2	0	0	0	True	False	False
742.0	2.0	185.5	72	0	C	0.0	2.5	0	4	4	1.0	1.0	1/8	True	0	47.0	47.0	47.0	47a	5	371/2	False	False				False	54	IV		d	i		IV	IV					M	True	True	(-1, 3, 0)	()	-1	-1	minor	minor	i	i, minor	IV		i	i	True	IV	IV, minor		IV, minor		IV	2	2	2	-2	-2	-2	False	False	False
744.0	8.0	186.0	48	0	C	0.0	3.0	3	4	4	2.0	1.0	1/2	True	0	47.0	47.0	47.0	47a	3	186	False	True			\\	True	55	VII\\		d	i		VII	VII					M	True	True	(-2, 2, -1)	()	-2	-2	minor	minor	i	i, minor	VII		i	i	True	VII	VII, minor		VII, minor		VII	2	2	2	-2	-2	-2	True	True	True
744.0	4.0	186.0	76	4	E	0.0	3.0	3	4	4	1.0	1.0	1/4	True	0	47.0	47.0	47.0	47a	5	186	False	True			\\	True	55	VII\\		d	i		VII	VII					M	True	True	(-2, 2, -1)	()	-2	-2	minor	minor	i	i, minor	VII		i	i	True	VII	VII, minor		VII, minor		VII	2	2	2	2	2	2	True	False	False
748.0	4.0	187.0	76	4	E	0.0	4.0	4	4	4	1.0	1.0	1/4	True	0	47.0	47.0	47.0	47a	5	187	False	False				False	55	VII\\		d	i		VII	VII					M	True	True	(-2, 2, -1)	()	-2	-2	minor	minor	i	i, minor	VII		i	i	True	VII	VII, minor		VII, minor		VII	2	2	2	2	2	2	True	False	False
752.0	16.0	188.0	48	0	C	0.0	1.0	1	4	4	2.0	1.0	1	True	0	48.0	48.0	48.0	48a	3	188	False	False				False	55	VII\\		d	i		VII	VII					M	True	True	(-2, 2, -1)	()	-2	-2	minor	minor	i	i, minor	VII		i	i	True	VII	VII, minor		VII, minor		VII	2	2	2	-2	-2	-2	True	True	True
754.0	2.0	188.5	67	1	G	0.0	1.5	0	4	4	1.0	1.0	1/8	True	0	48.0	48.0	48.0	48a	4	377/2	False	False				False	55	VII\\		d	i		VII	VII					M	True	True	(-2, 2, -1)	()	-2	-2	minor	minor	i	i, minor	VII		i	i	True	VII	VII, minor		VII, minor		VII	2	2	2	-1	-1	-1	True	False	False
756.0	4.0	189.0	67	1	G	0.0	2.0	2	4	4	1.0	1.0	1/4	True	0	48.0	48.0	48.0	48a	4	189	False	False				False	55	VII\\		d	i		VII	VII					M	True	True	(-2, 2, -1)	()	-2	-2	minor	minor	i	i, minor	VII		i	i	True	VII	VII, minor		VII, minor		VII	2	2	2	-1	-1	-1	True	False	False
760.0	2.0	190.0	64	4	E	0.0	3.0	3	4	4	1.0	1.0	1/8	True	0	48.0	48.0	48.0	48a	4	190	False	False				False	55	VII\\		d	i		VII	VII					M	True	True	(-2, 2, -1)	()	-2	-2	minor	minor	i	i, minor	VII		i	i	True	VII	VII, minor		VII, minor		VII	2	2	2	2	2	2	True	False	False
762.0	4.0	190.5	67	1	G	0.0	3.5	0	4	4	1.0	1.0	1/4	True	0	48.0	48.0	48.0	48a	4	381/2	False	False				False	55	VII\\		d	i		VII	VII					M	True	True	(-2, 2, -1)	()	-2	-2	minor	minor	i	i, minor	VII		i	i	True	VII	VII, minor		VII, minor		VII	2	2	2	-1	-1	-1	True	False	False
766.0	1.0	191.5	65	-1	F	0.0	4.5	0	4	4	1.0	1.0	1/16	True	0	48.0	48.0	48.0	48a	4	383/2	False	False				False	55	VII\\		d	i		VII	VII					M	True	True	(-2, 2, -1)	()	-2	-2	minor	minor	i	i, minor	VII		i	i	True	VII	VII, minor		VII, minor		VII	2	2	2	-3	-3	-3	False	False	False
767.0	1.0	191.75	64	4	E	0.0	4.75	0	4	4	1.0	1.0	1/16	True	0	48.0	48.0	48.0	48a	4	767/4	False	False				False	55	VII\\		d	i		VII	VII					M	True	True	(-2, 2, -1)	()	-2	-2	minor	minor	i	i, minor	VII		i	i	True	VII	VII, minor		VII, minor		VII	2	2	2	2	2	2	True	False	False
768.0	16.0	192.0	48	0	C	0.0	1.0	1	4	4	2.0	1.0	1	True	0	49.0	49.0	49.0	49a	3	192	False	False				False	55	VII\\		d	i		VII	VII					M	True	True	(-2, 2, -1)	()	-2	-2	minor	minor	i	i, minor	VII		i	i	True	VII	VII, minor		VII, minor		VII	2	2	2	-2	-2	-2	True	True	True
768.0	2.0	192.0	64	4	E	0.0	1.0	1	4	4	1.0	1.0	1/8	True	0	49.0	49.0	49.0	49a	4	192	False	False				False	55	VII\\		d	i		VII	VII					M	True	True	(-2, 2, -1)	()	-2	-2	minor	minor	i	i, minor	VII		i	i	True	VII	VII, minor		VII, minor		VII	2	2	2	2	2	2	True	False	False
770.0	2.0	192.5	72	0	C	0.0	1.5	0	4	4	1.0	1.0	1/8	True	0	49.0	49.0	49.0	49a	5	385/2	False	False				False	55	VII\\		d	i		VII	VII					M	True	True	(-2, 2, -1)	()	-2	-2	minor	minor	i	i, minor	VII		i	i	True	VII	VII, minor		VII, minor		VII	2	2	2	-2	-2	-2	True	True	True
772.0	4.0	193.0	72	0	C	0.0	2.0	2	4	4	1.0	1.0	1/4	True	0	49.0	49.0	49.0	49a	5	193	False	False				False	55	VII\\		d	i		VII	VII					M	True	True	(-2, 2, -1)	()	-2	-2	minor	minor	i	i, minor	VII		i	i	True	VII	VII, minor		VII, minor		VII	2	2	2	-2	-2	-2	True	True	True
776.0	2.0	194.0	67	1	G	0.0	3.0	3	4	4	1.0	1.0	1/8	True	0	49.0	49.0	49.0	49a	4	194	False	False				False	55	VII\\		d	i		VII	VII					M	True	True	(-2, 2, -1)	()	-2	-2	minor	minor	i	i, minor	VII		i	i	True	VII	VII, minor		VII, minor		VII	2	2	2	-1	-1	-1	True	False	False
778.0	4.0	194.5	72	0	C	0.0	3.5	0	4	4	1.0	1.0	1/4	True	0	49.0	49.0	49.0	49a	5	389/2	False	False				False	55	VII\\		d	i		VII	VII					M	True	True	(-2, 2, -1)	()	-2	-2	minor	minor	i	i, minor	VII		i	i	True	VII	VII, minor		VII, minor		VII	2	2	2	-2	-2	-2	True	True	True
782.0	1.0	195.5	70	-2	B	-1.0	4.5	0	4	4	1.0	1.0	1/16	True	0	49.0	49.0	49.0	49a	4	391/2	False	True				False	56	V7/III		d	i		V7/III	V		7		III	Mm7	True	True	(-2, 2, -1, -4)	()	-2	-2	minor	minor	i	i, minor	V/III	III	III/i	III	False	V7/III	V7/III, minor		V7/III, minor	III	III	2	2	-1	-4	-4	-1	True	False	False
783.0	1.0	195.75	69	3	A	0.0	4.75	0	4	4	1.0	1.0	1/16	True	0	49.0	49.0	49.0	49a	4	783/4	False	False				False	56	V7/III		d	i		V7/III	V		7		III	Mm7	True	True	(-2, 2, -1, -4)	()	-2	-2	minor	minor	i	i, minor	V/III	III	III/i	III	False	V7/III	V7/III, minor		V7/III, minor	III	III	2	2	-1	1	1	4	False	False	False
784.0	8.0	196.0	41	-1	F	0.0	1.0	1	4	4	2.0	1.0	1/2	True	0	50.0	50.0	50.0	50a	2	196	False	True				False	57	III		d	i		III	III					M	True	True	(-3, 1, -2)	()	-3	-3	minor	minor	i	i, minor	III		i	i	True	III	III, minor		III, minor		III	2	2	2	-3	-3	-3	True	True	True
784.0	8.0	196.0	69	3	A	0.0	1.0	1	4	4	1.0	1.0	1/2	True	0	50.0	50.0	50.0	50a	4	196	False	True				False	57	III		d	i		III	III					M	True	True	(-3, 1, -2)	()	-3	-3	minor	minor	i	i, minor	III		i	i	True	III	III, minor		III, minor		III	2	2	2	1	1	1	True	False	False
792.0	8.0	198.0	41	-1	F	0.0	3.0	3	4	4	2.0	1.0	1/2	True	0	50.0	50.0	50.0	50a	2	198	False	False				False	57	III		d	i		III	III					M	True	True	(-3, 1, -2)	()	-3	-3	minor	minor	i	i, minor	III		i	i	True	III	III, minor		III, minor		III	2	2	2	-3	-3	-3	True	True	True
796.0	2.0	199.0	69	3	A	0.0	4.0	4	4	4	1.0	1.0	1/8	True	0	50.0	50.0	50.0	50a	4	199	False	False				False	57	III		d	i		III	III					M	True	True	(-3, 1, -2)	()	-3	-3	minor	minor	i	i, minor	III		i	i	True	III	III, minor		III, minor		III	2	2	2	1	1	1	True	False	False
798.0	2.0	199.5	69	3	A	0.0	4.5	0	4	4	1.0	1.0	1/8	True	0	50.0	50.0	50.0	50a	4	399/2	False	False				False	57	III		d	i		III	III					M	True	True	(-3, 1, -2)	()	-3	-3	minor	minor	i	i, minor	III		i	i	True	III	III, minor		III, minor		III	2	2	2	1	1	1	True	False	False
800.0	16.0	200.0	41	-1	F	0.0	1.0	1	4	4	2.0	1.0	1	True	0	51.0	51.0	51.0	51a	2	200	False	False				False	57	III		d	i		III	III					M	True	True	(-3, 1, -2)	()	-3	-3	minor	minor	i	i, minor	III		i	i	True	III	III, minor		III, minor		III	2	2	2	-3	-3	-3	True	True	True
800.0	6.0	200.0	69	3	A	0.0	1.0	1	4	4	1.0	1.0	3/8	True	0	51.0	51.0	51.0	51a	4	200	False	False				False	57	III		d	i		III	III					M	True	True	(-3, 1, -2)	()	-3	-3	minor	minor	i	i, minor	III		i	i	True	III	III, minor		III, minor		III	2	2	2	1	1	1	True	False	False
806.0	2.0	201.5	67	1	G	0.0	2.5	0	4	4	1.0	1.0	1/8	True	0	51.0	51.0	51.0	51a	4	403/2	False	False				False	57	III		d	i		III	III					M	True	True	(-3, 1, -2)	()	-3	-3	minor	minor	i	i, minor	III		i	i	True	III	III, minor		III, minor		III	2	2	2	-1	-1	-1	False	False	False
808.0	8.0	202.0	69	3	A	0.0	3.0	3	4	4	1.0	1.0	1/2	True	0	51.0	51.0	51.0	51a	4	202	False	False				False	57	III		d	i		III	III					M	True	True	(-3, 1, -2)	()	-3	-3	minor	minor	i	i, minor	III		i	i	True	III	III, minor		III, minor		III	2	2	2	1	1	1	True	False	False
816.0	16.0	204.0	41	-1	F	0.0	1.0	1	4	4	2.0	1.0	1	True	0	52.0	52.0	52.0	52a	2	204	False	False				False	57	III		d	i		III	III					M	True	True	(-3, 1, -2)	()	-3	-3	minor	minor	i	i, minor	III		i	i	True	III	III, minor		III, minor		III	2	2	2	-3	-3	-3	True	True	True
816.0	4.0	204.0	69	3	A	0.0	1.0	1	4	4	1.0	1.0	1/4	True	0	52.0	52.0	52.0	52a	4	204	False	False				False	57	III		d	i		III	III					M	True	True	(-3, 1, -2)	()	-3	-3	minor	minor	i	i, minor	III		i	i	True	III	III, minor		III, minor		III	2	2	2	1	1	1	True	False	False
822.0	2.0	205.5	72	0	C	0.0	2.5	0	4	4	1.0	1.0	1/8	True	0	52.0	52.0	52.0	52a	5	411/2	False	False				False	57	III		d	i		III	III					M	True	True	(-3, 1, -2)	()	-3	-3	minor	minor	i	i, minor	III		i	i	True	III	III, minor		III, minor		III	2	2	2	-2	-2	-2	True	False	False
824.0	6.0	206.0	72	0	C	0.0	3.0	3	4	4	1.0	1.0	3/8	True	0	52.0	52.0	52.0	52a	5	206	False	False				False	57	III		d	i		III	III					M	True	True	(-3, 1, -2)	()	-3	-3	minor	minor	i	i, minor	III		i	i	True	III	III, minor		III, minor		III	2	2	2	-2	-2	-2	True	False	False
830.0	2.0	207.5	72	0	C	0.0	4.5	0	4	4	1.0	1.0	1/8	True	0	52.0	52.0	52.0	52a	5	415/2	False	False				False	57	III		d	i		III	III					M	True	True	(-3, 1, -2)	()	-3	-3	minor	minor	i	i, minor	III		i	i	True	III	III, minor		III, minor		III	2	2	2	-2	-2	-2	True	False	False
832.0	8.0	208.0	41	-1	F	0.0	1.0	1	4	4	2.0	1.0	1/2	True	0	53.0	53.0	53.0	53a	2	208	False	False				False	57	III		d	i		III	III					M	True	True	(-3, 1, -2)	()	-3	-3	minor	minor	i	i, minor	III		i	i	True	III	III, minor		III, minor		III	2	2	2	-3	-3	-3	True	True	True
832.0	6.0	208.0	72	0	C	0.0	1.0	1	4	4	1.0	1.0	3/8	True	0	53.0	53.0	53.0	53a	5	208	False	False				False	57	III		d	i		III	III					M	True	True	(-3, 1, -2)	()	-3	-3	minor	minor	i	i, minor	III		i	i	True	III	III, minor		III, minor		III	2	2	2	-2	-2	-2	True	False	False
838.0	2.0	209.5	70	-2	B	-1.0	2.5	0	4	4	1.0	1.0	1/8	True	0	53.0	53.0	53.0	53a	4	419/2	False	False				False	57	III		d	i		III	III					M	True	True	(-3, 1, -2)	()	-3	-3	minor	minor	i	i, minor	III		i	i	True	III	III, minor		III, minor		III	2	2	2	-4	-4	-4	False	False	False
840.0	8.0	210.0	46	-2	B	-1.0	3.0	3	4	4	2.0	1.0	1/2	True	0	53.0	53.0	53.0	53a	2	210	False	True				False	58	VI		d	i		VI	VI					M	True	True	(-4, 0, -3)	()	-4	-4	minor	minor	i	i, minor	VI		i	i	True	VI	VI, minor		VI, minor		VI	2	2	2	-4	-4	-4	True	True	True
840.0	4.0	210.0	74	2	D	0.0	3.0	3	4	4	1.0	1.0	1/4	True	0	53.0	53.0	53.0	53a	5	210	False	True				False	58	VI		d	i		VI	VI					M	True	True	(-4, 0, -3)	()	-4	-4	minor	minor	i	i, minor	VI		i	i	True	VI	VI, minor		VI, minor		VI	2	2	2	0	0	0	True	False	False
844.0	2.0	211.0	74	2	D	0.0	4.0	4	4	4	1.0	1.0	1/8	True	0	53.0	53.0	53.0	53a	5	211	False	False				False	58	VI		d	i		VI	VI					M	True	True	(-4, 0, -3)	()	-4	-4	minor	minor	i	i, minor	VI		i	i	True	VI	VI, minor		VI, minor		VI	2	2	2	0	0	0	True	False	False
846.0	2.0	211.5	74	2	D	0.0	4.5	0	4	4	1.0	1.0	1/8	True	0	53.0	53.0	53.0	53a	5	423/2	False	False				False	58	VI		d	i		VI	VI					M	True	True	(-4, 0, -3)	()	-4	-4	minor	minor	i	i, minor	VI		i	i	True	VI	VI, minor		VI, minor		VI	2	2	2	0	0	0	True	False	False
848.0	8.0	212.0	45	3	A	0.0	1.0	1	4	4	2.0	1.0	1/2	True	0	54.0	54.0	54.0	54a	2	212	False	True				False	59	V		d	i		V	V					M	True	True	(1, 5, 2)	()	1	1	minor	minor	i	i, minor	V		i	i	True	V	V, minor		V, minor		V	2	2	2	1	1	1	True	True	True
848.0	4.0	212.0	76	4	E	0.0	1.0	1	4	4	1.0	1.0	1/4	True	0	54.0	54.0	54.0	54a	5	212	False	True				False	59	V		d	i		V	V					M	True	True	(1, 5, 2)	()	1	1	minor	minor	i	i, minor	V		i	i	True	V	V, minor		V, minor		V	2	2	2	2	2	2	True	False	False
854.0	2.0	213.5	76	4	E	0.0	2.5	0	4	4	1.0	1.0	1/8	True	0	54.0	54.0	54.0	54a	5	427/2	False	False				False	59	V		d	i		V	V					M	True	True	(1, 5, 2)	()	1	1	minor	minor	i	i, minor	V		i	i	True	V	V, minor		V, minor		V	2	2	2	2	2	2	True	False	False
856.0	8.0	214.0	50	2	D	0.0	3.0	3	4	4	2.0	1.0	1/2	True	0	54.0	54.0	54.0	54a	3	214	False	True				False	60	i		d	i		i	i					m	True	True	(0, -3, 1)	()	0	0	minor	minor	i	i, minor	i		i	i	True	i	i, minor		i, minor		i	2	2	2	0	0	0	True	True	True
856.0	4.0	214.0	77	-1	F	0.0	3.0	3	4	4	1.0	1.0	1/4	True	0	54.0	54.0	54.0	54a	5	214	False	True				False	60	i		d	i		i	i					m	True	True	(0, -3, 1)	()	0	0	minor	minor	i	i, minor	i		i	i	True	i	i, minor		i, minor		i	2	2	2	-3	-3	-3	True	False	False
862.0	2.0	215.5	77	-1	F	0.0	4.5	0	4	4	1.0	1.0	1/8	True	0	54.0	54.0	54.0	54a	5	431/2	False	False				False	60	i		d	i		i	i					m	True	True	(0, -3, 1)	()	0	0	minor	minor	i	i, minor	i		i	i	True	i	i, minor		i, minor		i	2	2	2	-3	-3	-3	True	False	False
864.0	8.0	216.0	43	1	G	0.0	1.0	1	4	4	2.0	1.0	1/2	True	0	55.0	55.0	55.0	55a	2	216	False	True				False	61	IV		d	i		IV	IV					M	True	True	(-1, 3, 0)	()	-1	-1	minor	minor	i	i, minor	IV		i	i	True	IV	IV, minor		IV, minor		IV	2	2	2	-1	-1	-1	True	True	True
864.0	4.0	216.0	79	1	G	0.0	1.0	1	4	4	1.0	1.0	1/4	True	0	55.0	55.0	55.0	55a	5	216	False	True				False	61	IV		d	i		IV	IV					M	True	True	(-1, 3, 0)	()	-1	-1	minor	minor	i	i, minor	IV		i	i	True	IV	IV, minor		IV, minor		IV	2	2	2	-1	-1	-1	True	True	True
868.0	4.0	217.0	77	-1	F	0.0	2.0	2	4	4	1.0	1.0	1/4	True	0	55.0	55.0	55.0	55a	5	217	False	True				False	62	IV7		d	i		IV7	IV		7			Mm7	True	True	(-1, 3, 0, -3)	()	-1	-1	minor	minor	i	i, minor	IV		i	i	True	IV7	IV7, minor		IV7, minor		IV	2	2	2	-3	-3	-3	True	False	False
872.0	8.0	218.0	45	3	A	0.0	3.0	3	4	4	2.0	1.0	1/2	True	0	55.0	55.0	55.0	55a	2	218	False	True				False	63	V		d	i		V	V					M	True	True	(1, 5, 2)	()	1	1	minor	minor	i	i, minor	V		i	i	True	V	V, minor		V, minor		V	2	2	2	1	1	1	True	True	True
872.0	8.0	218.0	76	4	E	0.0	3.0	3	4	4	1.0	1.0	1/2	True	0	55.0	55.0	55.0	55a	5	218	False	True				False	63	V		d	i		V	V					M	True	True	(1, 5, 2)	()	1	1	minor	minor	i	i, minor	V		i	i	True	V	V, minor		V, minor		V	2	2	2	2	2	2	True	False	False
880.0	8.0	220.0	50	2	D	0.0	1.0	1	4	4	2.0	1.0	1/2	True	0	56.0	56.0	56.0	56a	3	220	False	True			\\	True	64	I\\		d	i		I	I					M	True	True	(0, 4, 1)	()	0	0	minor	minor	i	i, minor	I		i	i	True	I	I, minor		I, minor		I	2	2	2	0	0	0	True	True	True
880.0	8.0	220.0	74	2	D	0.0	1.0	1	4	4	1.0	1.0	1/2	True	0	56.0	56.0	56.0	56a	5	220	False	True			\\	True	64	I\\		d	i		I	I					M	True	True	(0, 4, 1)	()	0	0	minor	minor	i	i, minor	I		i	i	True	I	I, minor		I, minor		I	2	2	2	0	0	0	True	True	True
888.0	8.0	222.0	43	1	G	0.0	3.0	3	4	4	2.0	1.0	1/2	True	0	56.0	56.0	56.0	56a	2	222	False	True				False	65	IV		d	i		IV	IV					M	True	True	(-1, 3, 0)	()	-1	-1	minor	minor	i	i, minor	IV		i	i	True	IV	IV, minor		IV, minor		IV	2	2	2	-1	-1	-1	True	True	True
894.0	2.0	223.5	71	5	B	0.0	4.5	0	4	4	1.0	1.0	1/8	True	0	56.0	56.0	56.0	56a	4	447/2	False	False				False	65	IV		d	i		IV	IV					M	True	True	(-1, 3, 0)	()	-1	-1	minor	minor	i	i, minor	IV		i	i	True	IV	IV, minor		IV, minor		IV	2	2	2	3	3	3	True	False	False
896.0	8.0	224.0	48	0	C	0.0	1.0	1	4	4	2.0	1.0	1/2	True	0	57.0	57.0	57.0	57a	3	224	False	True				False	66	VII		d	i		VII	VII					M	True	True	(-2, 2, -1)	()	-2	-2	minor	minor	i	i, minor	VII		i	i	True	VII	VII, minor		VII, minor		VII	2	2	2	-2	-2	-2	True	True	True
896.0	4.0	224.0	72	0	C	0.0	1.0	1	4	4	1.0	1.0	1/4	True	0	57.0	57.0	57.0	57a	5	224	False	True				False	66	VII		d	i		VII	VII					M	True	True	(-2, 2, -1)	()	-2	-2	minor	minor	i	i, minor	VII		i	i	True	VII	VII, minor		VII, minor		VII	2	2	2	-2	-2	-2	True	True	True
902.0	2.0	225.5	72	0	C	0.0	2.5	0	4	4	1.0	1.0	1/8	True	0	57.0	57.0	57.0	57a	5	451/2	False	False				False	66	VII		d	i		VII	VII					M	True	True	(-2, 2, -1)	()	-2	-2	minor	minor	i	i, minor	VII		i	i	True	VII	VII, minor		VII, minor		VII	2	2	2	-2	-2	-2	True	True	True
904.0	8.0	226.0	47	5	B	0.0	3.0	3	4	4	2.0	1.0	1/2	True	0	57.0	57.0	57.0	57a	2	226	False	True				False	67	IV6		d	i		IV6	IV		6			M	True	True	(3, 0, -1)	()	-1	3	minor	minor	i	i, minor	IV		i	i	True	IV6	IV6, minor		IV6, minor		IV	2	2	2	3	3	3	True	False	True
904.0	4.0	226.0	74	2	D	0.0	3.0	3	4	4	1.0	1.0	1/4	True	0	57.0	57.0	57.0	57a	5	226	False	True				False	67	IV6		d	i		IV6	IV		6			M	True	True	(3, 0, -1)	()	-1	3	minor	minor	i	i, minor	IV		i	i	True	IV6	IV6, minor		IV6, minor		IV	2	2	2	0	0	0	True	False	False
910.0	2.0	227.5	74	2	D	0.0	4.5	0	4	4	1.0	1.0	1/8	True	0	57.0	57.0	57.0	57a	5	455/2	False	False				False	67	IV6		d	i		IV6	IV		6			M	True	True	(3, 0, -1)	()	-1	3	minor	minor	i	i, minor	IV		i	i	True	IV6	IV6, minor		IV6, minor		IV	2	2	2	0	0	0	True	False	False
912.0	4.0	228.0	45	3	A	0.0	1.0	1	4	4	2.0	1.0	1/4	True	0	58.0	58.0	58.0	58a	2	228	False	True				False	68	v		d	i		v	v					m	True	True	(1, -2, 2)	()	1	1	minor	minor	i	i, minor	v		i	i	True	v	v, minor		v, minor		v	2	2	2	1	1	1	True	True	True
912.0	6.0	228.0	76	4	E	0.0	1.0	1	4	4	1.0	1.0	3/8	True	0	58.0	58.0	58.0	58a	5	228	False	True				False	68	v		d	i		v	v					m	True	True	(1, -2, 2)	()	1	1	minor	minor	i	i, minor	v		i	i	True	v	v, minor		v, minor		v	2	2	2	2	2	2	True	False	False
916.0	4.0	229.0	50	2	D	0.0	2.0	2	4	4	2.0	1.0	1/4	True	0	58.0	58.0	58.0	58a	3	229	False	True				False	69	iv(9)/v		d	i		iv(9)/v	iv			9	v	m	True	True	(0, -3, 1)	(2,)	0	0	minor	minor	i	i, minor	iv/v	v	v/i	v	True	iv/v	iv/v, minor		iv(9)/v, minor	v	v	2	2	3	0	0	-1	True	True	True
918.0	2.0	229.5	71	5	B	0.0	2.5	0	4	4	1.0	1.0	1/8	True	0	58.0	58.0	58.0	58a	4	459/2	False	False				False	69	iv(9)/v		d	i		iv(9)/v	iv			9	v	m	True	True	(0, -3, 1)	(2,)	0	0	minor	minor	i	i, minor	iv/v	v	v/i	v	True	iv/v	iv/v, minor		iv(9)/v, minor	v	v	2	2	3	3	3	2	False	False	False
920.0	8.0	230.0	52	4	E	0.0	3.0	3	4	4	2.0	1.0	1/2	True	0	58.0	58.0	58.0	58a	3	230	False	True				False	70	V/V		d	i		V/V	V				V	M	True	True	(2, 6, 3)	()	2	2	minor	minor	i	i, minor	V/V	V	V/i	V	False	V/V	V/V, minor		V/V, minor	V	V	2	2	3	2	2	1	True	True	True
920.0	8.0	230.0	71	5	B	0.0	3.0	3	4	4	1.0	1.0	1/2	True	0	58.0	58.0	58.0	58a	4	230	False	True				False	70	V/V		d	i		V/V	V				V	M	True	True	(2, 6, 3)	()	2	2	minor	minor	i	i, minor	V/V	V	V/i	V	False	V/V	V/V, minor		V/V, minor	V	V	2	2	3	3	3	2	True	False	False
928.0	16.0	232.0	45	3	A	0.0	1.0	1	4	4	2.0	1.0	1	True	0	59.0	59.0	59.0	59a	2	232	False	False			\\	True	71	v\\	V\\	d	i		v	v					m	True	True	(1, -2, 2)	()	1	1	minor	minor	i	i, minor	v		i	i	True	v	v, minor		v, minor		v	2	2	2	1	1	1	True	True	True
928.0	16.0	232.0	69	3	A	0.0	1.0	1	4	4	1.0	1.0	1	True	0	59.0	59.0	59.0	59a	4	232	False	False			\\	True	71	v\\	V\\	d	i		v	v					m	True	True	(1, -2, 2)	()	1	1	minor	minor	i	i, minor	v		i	i	True	v	v, minor		v, minor		v	2	2	2	1	1	1	True	True	True
944.0	16.0	236.0	45	3	A	0.0	1.0	1	4	4	2.0	1.0	1	True	0	60.0	60.0	60.0	60a	2	236	False	True				False	72	v		d	i		v	v					m	True	True	(1, -2, 2)	()	1	1	minor	minor	i	i, minor	v		i	i	True	v	v, minor		v, minor		v	2	2	2	1	1	1	True	True	True
948.0	2.0	237.0	64	4	E	0.0	2.0	2	4	4	1.0	1.0	1/8	True	0	60.0	60.0	60.0	60a	4	237	False	False				False	72	v		d	i		v	v					m	True	True	(1, -2, 2)	()	1	1	minor	minor	i	i, minor	v		i	i	True	v	v, minor		v, minor		v	2	2	2	2	2	2	True	False	False
950.0	2.0	237.5	64	4	E	0.0	2.5	0	4	4	1.0	1.0	1/8	True	0	60.0	60.0	60.0	60a	4	475/2	False	False				False	72	v		d	i		v	v					m	True	True	(1, -2, 2)	()	1	1	minor	minor	i	i, minor	v		i	i	True	v	v, minor		v, minor		v	2	2	2	2	2	2	True	False	False
952.0	6.0	238.0	64	4	E	0.0	3.0	3	4	4	1.0	1.0	3/8	True	0	60.0	60.0	60.0	60a	4	238	False	False				False	72	v		d	i		v	v					m	True	True	(1, -2, 2)	()	1	1	minor	minor	i	i, minor	v		i	i	True	v	v, minor		v, minor		v	2	2	2	2	2	2	True	False	False
958.0	2.0	239.5	62	2	D	0.0	4.5	0	4	4	1.0	1.0	1/8	True	0	60.0	60.0	60.0	60a	4	479/2	False	False				False	72	v		d	i		v	v					m	True	True	(1, -2, 2)	()	1	1	minor	minor	i	i, minor	v		i	i	True	v	v, minor		v, minor		v	2	2	2	0	0	0	False	False	False
960.0	8.0	240.0	45	3	A	0.0	1.0	1	4	4	2.0	1.0	1/2	True	0	61.0	61.0	61.0	61a	2	240	False	False				False	72	v		d	i		v	v					m	True	True	(1, -2, 2)	()	1	1	minor	minor	i	i, minor	v		i	i	True	v	v, minor		v, minor		v	2	2	2	1	1	1	True	True	True
960.0	4.0	240.0	64	4	E	0.0	1.0	1	4	4	1.0	1.0	1/4	True	0	61.0	61.0	61.0	61a	4	240	False	False				False	72	v		d	i		v	v					m	True	True	(1, -2, 2)	()	1	1	minor	minor	i	i, minor	v		i	i	True	v	v, minor		v, minor		v	2	2	2	2	2	2	True	False	False
964.0	4.0	241.0	64	4	E	0.0	2.0	2	4	4	1.0	1.0	1/4	True	0	61.0	61.0	61.0	61a	4	241	False	False				False	72	v		d	i		v	v					m	True	True	(1, -2, 2)	()	1	1	minor	minor	i	i, minor	v		i	i	True	v	v, minor		v, minor		v	2	2	2	2	2	2	True	False	False
968.0	8.0	242.0	45	3	A	0.0	3.0	3	4	4	2.0	1.0	1/2	True	0	61.0	61.0	61.0	61a	2	242	False	False				False	72	v		d	i		v	v					m	True	True	(1, -2, 2)	()	1	1	minor	minor	i	i, minor	v		i	i	True	v	v, minor		v, minor		v	2	2	2	1	1	1	True	True	True
972.0	4.0	243.0	64	4	E	0.0	4.0	4	4	4	1.0	1.0	1/4	True	0	61.0	61.0	61.0	61a	4	243	False	False				False	72	v		d	i		v	v					m	True	True	(1, -2, 2)	()	1	1	minor	minor	i	i, minor	v		i	i	True	v	v, minor		v, minor		v	2	2	2	2	2	2	True	False	False
976.0	8.0	244.0	45	3	A	0.0	1.0	1	4	4	2.0	1.0	1/2	False	0	62.0	62.0	62.0	62a	2	244	False	False				False	72	v		d	i		v	v					m	True	True	(1, -2, 2)	()	1	1	minor	minor	i	i, minor	v		i	i	True	v	v, minor		v, minor		v	2	2	2	1	1	1	True	True	True
976.0	6.0	244.0	64	4	E	0.0	1.0	1	4	4	1.0	1.0	3/8	True	0	62.0	62.0	62.0	62a	4	244	False	False				False	72	v		d	i		v	v					m	True	True	(1, -2, 2)	()	1	1	minor	minor	i	i, minor	v		i	i	True	v	v, minor		v, minor		v	2	2	2	2	2	2	True	False	False
982.0	2.0	245.5	64	4	E	0.0	2.5	0	4	4	1.0	1.0	1/8	True	0	62.0	62.0	62.0	62a	4	491/2	False	False				False	72	v		d	i		v	v					m	True	True	(1, -2, 2)	()	1	1	minor	minor	i	i, minor	v		i	i	True	v	v, minor		v, minor		v	2	2	2	2	2	2	True	False	False
984.0	8.0	246.0	43	1	G	0.0	3.0	3	4	4	2.0	1.0	1/2	True	0	62.0	62.0	62.0	62a	2	246	False	True				False	73	ii6		d	i		ii6	ii		6			m	True	True	(-1, 3, 2)	()	2	-1	minor	minor	i	i, minor	ii		i	i	True	ii6	ii6, minor		ii6, minor		ii	2	2	2	-1	-1	-1	True	False	True
984.0	6.0	246.0	64	4	E	0.0	3.0	3	4	4	1.0	1.0	3/8	True	0	62.0	62.0	62.0	62a	4	246	False	True				False	73	ii6		d	i		ii6	ii		6			m	True	True	(-1, 3, 2)	()	2	-1	minor	minor	i	i, minor	ii		i	i	True	ii6	ii6, minor		ii6, minor		ii	2	2	2	2	2	2	True	True	False
990.0	2.0	247.5	62	2	D	0.0	4.5	0	4	4	1.0	1.0	1/8	True	0	62.0	62.0	62.0	62a	4	495/2	False	False				False	73	ii6		d	i		ii6	ii		6			m	True	True	(-1, 3, 2)	()	2	-1	minor	minor	i	i, minor	ii		i	i	True	ii6	ii6, minor		ii6, minor		ii	2	2	2	0	0	0	False	False	False
992.0	16.0	248.0	41	-1	F	0.0	1.0	1	4	4	2.0	1.0	1	True	0	63.0	63.0	63.0	63a	2	248	False	True				False	74	III		d	i		III	III					M	True	True	(-3, 1, -2)	()	-3	-3	minor	minor	i	i, minor	III		i	i	True	III	III, minor		III, minor		III	2	2	2	-3	-3	-3	True	True	True
992.0	4.0	248.0	65	-1	F	0.0	1.0	1	4	4	1.0	1.0	1/4	True	0	63.0	63.0	63.0	63a	4	248	False	True				False	74	III		d	i		III	III					M	True	True	(-3, 1, -2)	()	-3	-3	minor	minor	i	i, minor	III		i	i	True	III	III, minor		III, minor		III	2	2	2	-3	-3	-3	True	True	True
996.0	4.0	249.0	65	-1	F	0.0	2.0	2	4	4	1.0	1.0	1/4	True	0	63.0	63.0	63.0	63a	4	249	False	False				False	74	III		d	i		III	III					M	True	True	(-3, 1, -2)	()	-3	-3	minor	minor	i	i, minor	III		i	i	True	III	III, minor		III, minor		III	2	2	2	-3	-3	-3	True	True	True
1004.0	4.0	251.0	65	-1	F	0.0	4.0	4	4	4	1.0	1.0	1/4	True	0	63.0	63.0	63.0	63a	4	251	False	False				False	74	III		d	i		III	III					M	True	True	(-3, 1, -2)	()	-3	-3	minor	minor	i	i, minor	III		i	i	True	III	III, minor		III, minor		III	2	2	2	-3	-3	-3	True	True	True
1008.0	8.0	252.0	48	0	C	0.0	1.0	1	4	4	2.0	1.0	1/2	True	0	64.0	64.0	64.0	64a	3	252	False	True				False	75	VII		d	i		VII	VII					M	True	True	(-2, 2, -1)	()	-2	-2	minor	minor	i	i, minor	VII		i	i	True	VII	VII, minor		VII, minor		VII	2	2	2	-2	-2	-2	True	True	True
1008.0	8.0	252.0	67	1	G	0.0	1.0	1	4	4	1.0	1.0	1/2	True	0	64.0	64.0	64.0	64a	4	252	False	True				False	75	VII		d	i		VII	VII					M	True	True	(-2, 2, -1)	()	-2	-2	minor	minor	i	i, minor	VII		i	i	True	VII	VII, minor		VII, minor		VII	2	2	2	-1	-1	-1	True	False	False
1016.0	8.0	254.0	47	5	B	0.0	3.0	3	4	4	2.0	1.0	1/2	True	0	64.0	64.0	64.0	64a	2	254	False	True				False	76	IV6		d	i		IV6	IV		6			M	True	True	(3, 0, -1)	()	-1	3	minor	minor	i	i, minor	IV		i	i	True	IV6	IV6, minor		IV6, minor		IV	2	2	2	3	3	3	True	False	True
1020.0	4.0	255.0	67	1	G	0.0	4.0	4	4	4	1.0	1.0	1/4	True	0	64.0	64.0	64.0	64a	4	255	False	False				False	76	IV6		d	i		IV6	IV		6			M	True	True	(3, 0, -1)	()	-1	3	minor	minor	i	i, minor	IV		i	i	True	IV6	IV6, minor		IV6, minor		IV	2	2	2	-1	-1	-1	True	True	False
1024.0	8.0	256.0	45	3	A	0.0	1.0	1	4	4	2.0	1.0	1/2	True	0	65.0	65.0	65.0	65a	2	256	False	True				False	77	v		d	i		v	v					m	True	True	(1, -2, 2)	()	1	1	minor	minor	i	i, minor	v		i	i	True	v	v, minor		v, minor		v	2	2	2	1	1	1	True	True	True
1024.0	8.0	256.0	69	3	A	0.0	1.0	1	4	4	1.0	1.0	1/2	True	0	65.0	65.0	65.0	65a	4	256	False	True				False	77	v		d	i		v	v					m	True	True	(1, -2, 2)	()	1	1	minor	minor	i	i, minor	v		i	i	True	v	v, minor		v, minor		v	2	2	2	1	1	1	True	True	True
1032.0	8.0	258.0	42	6	F	1.0	3.0	3	4	4	2.0	1.0	1/2	True	0	65.0	65.0	65.0	65a	2	258	False	True				False	78	V6/iv		d	i		V6/iv	V		6		iv	M	True	True	(4, 1, 0)	()	0	4	minor	minor	i	i, minor	V/iv	iv	iv/i	iv	True	V6/iv	V6/iv, minor		V6/iv, minor	iv	iv	2	2	1	4	4	5	True	False	True
1036.0	4.0	259.0	69	3	A	0.0	4.0	4	4	4	1.0	1.0	1/4	True	0	65.0	65.0	65.0	65a	4	259	False	False				False	78	V6/iv		d	i		V6/iv	V		6		iv	M	True	True	(4, 1, 0)	()	0	4	minor	minor	i	i, minor	V/iv	iv	iv/i	iv	True	V6/iv	V6/iv, minor		V6/iv, minor	iv	iv	2	2	1	1	1	2	True	False	False
1040.0	4.0	260.0	43	1	G	0.0	1.0	1	4	4	2.0	1.0	1/4	True	0	66.0	66.0	66.0	66a	2	260	False	True				False	79	iv		d	i		iv	iv					m	True	True	(-1, -4, 0)	()	-1	-1	minor	minor	i	i, minor	iv		i	i	True	iv	iv, minor		iv, minor		iv	2	2	2	-1	-1	-1	True	True	True
1040.0	12.0	260.0	70	-2	B	-1.0	1.0	1	4	4	1.0	1.0	3/4	True	0	66.0	66.0	66.0	66a	4	260	False	True				False	79	iv		d	i		iv	iv					m	True	True	(-1, -4, 0)	()	-1	-1	minor	minor	i	i, minor	iv		i	i	True	iv	iv, minor		iv, minor		iv	2	2	2	-4	-4	-4	True	False	False
1044.0	4.0	261.0	45	3	A	0.0	2.0	2	4	4	2.0	1.0	1/4	True	0	66.0	66.0	66.0	66a	2	261	False	False				False	79	iv		d	i		iv	iv					m	True	True	(-1, -4, 0)	()	-1	-1	minor	minor	i	i, minor	iv		i	i	True	iv	iv, minor		iv, minor		iv	2	2	2	1	1	1	False	False	False
1048.0	4.0	262.0	46	-2	B	-1.0	3.0	3	4	4	2.0	1.0	1/4	True	0	66.0	66.0	66.0	66a	2	262	False	True				False	80	iv6		d	i		iv6	iv		6			m	True	True	(-4, 0, -1)	()	-1	-4	minor	minor	i	i, minor	iv		i	i	True	iv6	iv6, minor		iv6, minor		iv	2	2	2	-4	-4	-4	True	False	True
1052.0	4.0	263.0	43	1	G	0.0	4.0	4	4	4	2.0	1.0	1/4	True	0	66.0	66.0	66.0	66a	2	263	False	True				False	81	iio6		d	i		iio6	ii	o	6			o	True	True	(-1, -4, 2)	()	2	-1	minor	minor	i	i, minor	ii		i	i	True	iio6	iio6, minor		iio6, minor		ii	2	2	2	-1	-1	-1	True	False	True
1052.0	4.0	263.0	64	4	E	0.0	4.0	4	4	4	1.0	1.0	1/4	True	0	66.0	66.0	66.0	66a	4	263	False	True				False	81	iio6		d	i		iio6	ii	o	6			o	True	True	(-1, -4, 2)	()	2	-1	minor	minor	i	i, minor	ii		i	i	True	iio6	iio6, minor		iio6, minor		ii	2	2	2	2	2	2	True	True	False
1056.0	16.0	264.0	45	3	A	0.0	1.0	1	4	4	2.0	1.0	1	True	0	67.0	67.0	67.0	67a	2	264	False	True				False	82	V		d	i		V	V					M	True	True	(1, 5, 2)	()	1	1	minor	minor	i	i, minor	V		i	i	True	V	V, minor		V, minor		V	2	2	2	1	1	1	True	True	True
1056.0	16.0	264.0	64	4	E	0.0	1.0	1	4	4	1.0	1.0	1	True	0	67.0	67.0	67.0	67a	4	264	False	True				False	82	V		d	i		V	V					M	True	True	(1, 5, 2)	()	1	1	minor	minor	i	i, minor	V		i	i	True	V	V, minor		V, minor		V	2	2	2	2	2	2	True	False	False
1072.0	16.0	268.0	50	2	D	0.0	1.0	1	4	4	2.0	1.0	1	True	0	68.0	68.0	68.0	68a	3	268	False	True			\\	True	83	i\\	I\\	d	i		i	i					m	True	True	(0, -3, 1)	()	0	0	minor	minor	i	i, minor	i		i	i	True	i	i, minor		i, minor		i	2	2	2	0	0	0	True	True	True
1072.0	16.0	268.0	62	2	D	0.0	1.0	1	4	4	1.0	1.0	1	True	0	68.0	68.0	68.0	68a	4	268	False	True			\\	True	83	i\\	I\\	d	i		i	i					m	True	True	(0, -3, 1)	()	0	0	minor	minor	i	i, minor	i		i	i	True	i	i, minor		i, minor		i	2	2	2	0	0	0	True	True	True
																					34		True				False	8	V		d	i		V	V					M	True	True	(1, 5, 2)	()	1	1	minor	minor	i	i, minor	V		i	i	True	V	V, minor		V, minor		V	2	2	2						
