onset_div	duration_div	continuous_beats	pitch	tpc	step	alter	beat_float	downbeat	ts_beats	ts_beat_type	staff	voice	duration	is_note_onset	ks_fifths	mc	mc_playthrough	mn	mn_playthrough	octave	quarterbeats_playthrough	section_start	is_harmony_onset	cadence	cadence_type	phraseend	is_phrase_ending	unfolded_harmony_index	label	globalkey	localkey	pedal	chord	numeral	form	figbass	changes	relativeroot	chord_type	globalkey_is_minor	localkey_is_minor	chord_tones	added_tones	root	bass_note	globalkey_mode	localkey_mode	localkey_resolved	localkey_and_mode	root_roman	relativeroot_resolved	effective_localkey	effective_localkey_resolved	effective_localkey_is_minor	chord_reduced	chord_reduced_and_mode	pedal_resolved	chord_and_mode	applied_to_numeral	numeral_or_applied_to_numeral	globalkey_tpc	localkey_tpc	tonicized_tpc	sic_with_global	sic_with_local	sic_with_tonicized	tpc_is_in_label	tpc_is_root	tpc_is_bass
0.0	6.0	0.0	53	-1	F	0.0	1.0	1	4	4	3.0	1.0	3/8	True	-1	1.0	1.0	1.0	1a	3	0	True	True			{	False	0	F.I{	F	I		I	I					M	False	False	(0, 4, 1)	()	0	0	major	major	I	I, major	I		I	I	False	I	I, major		I, major		I	-1	-1	-1	0	0	0	True	True	True
0.0	6.0	0.0	53	-1	F	0.0	1.0	1	4	4	4.0	1.0	3/8	True	-1	1.0	1.0	1.0	1a	3	0	True	True			{	False	0	F.I{	F	I		I	I					M	False	False	(0, 4, 1)	()	0	0	major	major	I	I, major	I		I	I	False	I	I, major		I, major		I	-1	-1	-1	0	0	0	True	True	True
0.0	6.0	0.0	81	3	A	0.0	1.0	1	4	4	2.0	1.0	3/8	True	-1	1.0	1.0	1.0	1a	5	0	True	True			{	False	0	F.I{	F	I		I	I					M	False	False	(0, 4, 1)	()	0	0	major	major	I	I, major	I		I	I	False	I	I, major		I, major		I	-1	-1	-1	4	4	4	True	False	False
0.0	6.0	0.0	84	0	C	0.0	1.0	1	4	4	1.0	1.0	3/8	True	-1	1.0	1.0	1.0	1a	6	0	True	True			{	False	0	F.I{	F	I		I	I					M	False	False	(0, 4, 1)	()	0	0	major	major	I	I, major	I		I	I	False	I	I, major		I, major		I	-1	-1	-1	1	1	1	True	False	False
6.0	2.0	1.5	53	-1	F	0.0	2.5	0	4	4	3.0	1.0	1/8	True	-1	1.0	1.0	1.0	1a	3	3/2	False	False				False	0	F.I{	F	I		I	I					M	False	False	(0, 4, 1)	()	0	0	major	major	I	I, major	I		I	I	False	I	I, major		I, major		I	-1	-1	-1	0	0	0	True	True	True
6.0	2.0	1.5	53	-1	F	0.0	2.5	0	4	4	4.0	1.0	1/8	True	-1	1.0	1.0	1.0	1a	3	3/2	False	False				False	0	F.I{	F	I		I	I					M	False	False	(0, 4, 1)	()	0	0	major	major	I	I, major	I		I	I	False	I	I, major		I, major		I	-1	-1	-1	0	0	0	True	True	True
6.0	2.0	1.5	81	3	A	0.0	2.5	0	4	4	2.0	1.0	1/8	True	-1	1.0	1.0	1.0	1a	5	3/2	False	False				False	0	F.I{	F	I		I	I					M	False	False	(0, 4, 1)	()	0	0	major	major	I	I, major	I		I	I	False	I	I, major		I, major		I	-1	-1	-1	4	4	4	True	False	False
6.0	2.0	1.5	84	0	C	0.0	2.5	0	4	4	1.0	1.0	1/8	True	-1	1.0	1.0	1.0	1a	6	3/2	False	False				False	0	F.I{	F	I		I	I					M	False	False	(0, 4, 1)	()	0	0	major	major	I	I, major	I		I	I	False	I	I, major		I, major		I	-1	-1	-1	1	1	1	True	False	False
8.0	4.0	2.0	55	1	G	0.0	3.0	3	4	4	3.0	1.0	1/4	True	-1	1.0	1.0	1.0	1a	3	2	False	True				False	1	viio6	F	I		viio6	vii	o	6			o	False	False	(2, -1, 5)	()	5	2	major	major	I	I, major	vii		I	I	False	viio6	viio6, major		viio6, major		vii	-1	-1	-1	2	2	2	True	False	True
8.0	4.0	2.0	55	1	G	0.0	3.0	3	4	4	4.0	1.0	1/4	True	-1	1.0	1.0	1.0	1a	3	2	False	True				False	1	viio6	F	I		viio6	vii	o	6			o	False	False	(2, -1, 5)	()	5	2	major	major	I	I, major	vii		I	I	False	viio6	viio6, major		viio6, major		vii	-1	-1	-1	2	2	2	True	False	True
8.0	4.0	2.0	79	1	G	0.0	3.0	3	4	4	2.0	1.0	1/4	True	-1	1.0	1.0	1.0	1a	5	2	False	True				False	1	viio6	F	I		viio6	vii	o	6			o	False	False	(2, -1, 5)	()	5	2	major	major	I	I, major	vii		I	I	False	viio6	viio6, major		viio6, major		vii	-1	-1	-1	2	2	2	True	False	True
8.0	4.0	2.0	82	-2	B	-1.0	3.0	3	4	4	1.0	1.0	1/4	True	-1	1.0	1.0	1.0	1a	5	2	False	True				False	1	viio6	F	I		viio6	vii	o	6			o	False	False	(2, -1, 5)	()	5	2	major	major	I	I, major	vii		I	I	False	viio6	viio6, major		viio6, major		vii	-1	-1	-1	-1	-1	-1	True	False	False
12.0	2.0	3.0	57	3	A	0.0	4.0	4	4	4	3.0	1.0	1/8	True	-1	1.0	1.0	1.0	1a	3	3	False	True				False	2	I6	F	I		I6	I		6			M	False	False	(4, 1, 0)	()	0	4	major	major	I	I, major	I		I	I	False	I6	I6, major		I6, major		I	-1	-1	-1	4	4	4	True	False	True
12.0	2.0	3.0	57	3	A	0.0	4.0	4	4	4	4.0	1.0	1/8	True	-1	1.0	1.0	1.0	1a	3	3	False	True				False	2	I6	F	I		I6	I		6			M	False	False	(4, 1, 0)	()	0	4	major	major	I	I, major	I		I	I	False	I6	I6, major		I6, major		I	-1	-1	-1	4	4	4	True	False	True
12.0	4.0	3.0	77	-1	F	0.0	4.0	4	4	4	2.0	1.0	1/4	True	-1	1.0	1.0	1.0	1a	5	3	False	True				False	2	I6	F	I		I6	I		6			M	False	False	(4, 1, 0)	()	0	4	major	major	I	I, major	I		I	I	False	I6	I6, major		I6, major		I	-1	-1	-1	0	0	0	True	True	False
12.0	4.0	3.0	81	3	A	0.0	4.0	4	4	4	1.0	1.0	1/4	True	-1	1.0	1.0	1.0	1a	5	3	False	True				False	2	I6	F	I		I6	I		6			M	False	False	(4, 1, 0)	()	0	4	major	major	I	I, major	I		I	I	False	I6	I6, major		I6, major		I	-1	-1	-1	4	4	4	True	False	True
14.0	2.0	3.5	58	-2	B	-1.0	4.5	0	4	4	3.0	1.0	1/8	True	-1	1.0	1.0	1.0	1a	3	7/2	False	False				False	2	I6	F	I		I6	I		6			M	False	False	(4, 1, 0)	()	0	4	major	major	I	I, major	I		I	I	False	I6	I6, major		I6, major		I	-1	-1	-1	-1	-1	-1	False	False	False
14.0	2.0	3.5	58	-2	B	-1.0	4.5	0	4	4	4.0	1.0	1/8	True	-1	1.0	1.0	1.0	1a	3	7/2	False	False				False	2	I6	F	I		I6	I		6			M	False	False	(4, 1, 0)	()	0	4	major	major	I	I, major	I		I	I	False	I6	I6, major		I6, major		I	-1	-1	-1	-1	-1	-1	False	False	False
16.0	8.0	4.0	60	0	C	0.0	1.0	1	4	4	3.0	1.0	1/2	True	-1	2.0	2.0	2.0	2a	4	4	False	True				False	3	V	F	I		V	V					M	False	False	(1, 5, 2)	()	1	1	major	major	I	I, major	V		I	I	False	V	V, major		V, major		V	-1	-1	-1	1	1	1	True	True	True
16.0	8.0	4.0	60	0	C	0.0	1.0	1	4	4	4.0	1.0	1/2	True	-1	2.0	2.0	2.0	2a	4	4	False	True				False	3	V	F	I		V	V					M	False	False	(1, 5, 2)	()	1	1	major	major	I	I, major	V		I	I	False	V	V, major		V, major		V	-1	-1	-1	1	1	1	True	True	True
16.0	8.0	4.0	76	4	E	0.0	1.0	1	4	4	2.0	1.0	1/2	True	-1	2.0	2.0	2.0	2a	5	4	False	True				False	3	V	F	I		V	V					M	False	False	(1, 5, 2)	()	1	1	major	major	I	I, major	V		I	I	False	V	V, major		V, major		V	-1	-1	-1	5	5	5	True	False	False
16.0	8.0	4.0	79	1	G	0.0	1.0	1	4	4	1.0	1.0	1/2	True	-1	2.0	2.0	2.0	2a	5	4	False	True				False	3	V	F	I		V	V					M	False	False	(1, 5, 2)	()	1	1	major	major	I	I, major	V		I	I	False	V	V, major		V, major		V	-1	-1	-1	2	2	2	True	False	False
24.0	4.0	6.0	57	3	A	0.0	3.0	3	4	4	3.0	1.0	1/4	True	-1	2.0	2.0	2.0	2a	3	6	False	True				False	4	I6	F	I		I6	I		6			M	False	False	(4, 1, 0)	()	0	4	major	major	I	I, major	I		I	I	False	I6	I6, major		I6, major		I	-1	-1	-1	4	4	4	True	False	True
24.0	4.0	6.0	57	3	A	0.0	3.0	3	4	4	4.0	1.0	1/4	True	-1	2.0	2.0	2.0	2a	3	6	False	True				False	4	I6	F	I		I6	I		6			M	False	False	(4, 1, 0)	()	0	4	major	major	I	I, major	I		I	I	False	I6	I6, major		I6, major		I	-1	-1	-1	4	4	4	True	False	True
24.0	6.0	6.0	77	-1	F	0.0	3.0	3	4	4	2.0	1.0	3/8	True	-1	2.0	2.0	2.0	2a	5	6	False	True				False	4	I6	F	I		I6	I		6			M	False	False	(4, 1, 0)	()	0	4	major	major	I	I, major	I		I	I	False	I6	I6, major		I6, major		I	-1	-1	-1	0	0	0	True	True	False
24.0	2.0	6.0	81	3	A	0.0	3.0	3	4	4	1.0	1.0	1/8	True	-1	2.0	2.0	2.0	2a	5	6	False	True				False	4	I6	F	I		I6	I		6			M	False	False	(4, 1, 0)	()	0	4	major	major	I	I, major	I		I	I	False	I6	I6, major		I6, major		I	-1	-1	-1	4	4	4	True	False	True
26.0	2.0	6.5	82	-2	B	-1.0	3.5	0	4	4	1.0	1.0	1/8	True	-1	2.0	2.0	2.0	2a	5	13/2	False	False				False	4	I6	F	I		I6	I		6			M	False	False	(4, 1, 0)	()	0	4	major	major	I	I, major	I		I	I	False	I6	I6, major		I6, major		I	-1	-1	-1	-1	-1	-1	False	False	False
28.0	4.0	7.0	45	3	A	0.0	4.0	4	4	4	3.0	1.0	1/4	True	-1	2.0	2.0	2.0	2a	2	7	False	False				False	4	I6	F	I		I6	I		6			M	False	False	(4, 1, 0)	()	0	4	major	major	I	I, major	I		I	I	False	I6	I6, major		I6, major		I	-1	-1	-1	4	4	4	True	False	True
28.0	4.0	7.0	45	3	A	0.0	4.0	4	4	4	4.0	1.0	1/4	True	-1	2.0	2.0	2.0	2a	2	7	False	False				False	4	I6	F	I		I6	I		6			M	False	False	(4, 1, 0)	()	0	4	major	major	I	I, major	I		I	I	False	I6	I6, major		I6, major		I	-1	-1	-1	4	4	4	True	False	True
28.0	4.0	7.0	84	0	C	0.0	4.0	4	4	4	1.0	1.0	1/4	True	-1	2.0	2.0	2.0	2a	6	7	False	False				False	4	I6	F	I		I6	I		6			M	False	False	(4, 1, 0)	()	0	4	major	major	I	I, major	I		I	I	False	I6	I6, major		I6, major		I	-1	-1	-1	1	1	1	True	False	False
30.0	2.0	7.5	76	4	E	0.0	4.5	0	4	4	2.0	1.0	1/8	True	-1	2.0	2.0	2.0	2a	5	15/2	False	False				False	4	I6	F	I		I6	I		6			M	False	False	(4, 1, 0)	()	0	4	major	major	I	I, major	I		I	I	False	I6	I6, major		I6, major		I	-1	-1	-1	5	5	5	False	False	False
32.0	6.0	8.0	46	-2	B	-1.0	1.0	1	4	4	3.0	1.0	3/8	True	-1	3.0	3.0	3.0	3a	2	8	False	True				False	5	IV(9)	F	I		IV(9)	IV			9		M	False	False	(-1, 3, 0)	(1,)	-1	-1	major	major	I	I, major	IV		I	I	False	IV	IV, major		IV(9), major		IV	-1	-1	-1	-1	-1	-1	True	True	True
32.0	6.0	8.0	46	-2	B	-1.0	1.0	1	4	4	4.0	1.0	3/8	True	-1	3.0	3.0	3.0	3a	2	8	False	True				False	5	IV(9)	F	I		IV(9)	IV			9		M	False	False	(-1, 3, 0)	(1,)	-1	-1	major	major	I	I, major	IV		I	I	False	IV	IV, major		IV(9), major		IV	-1	-1	-1	-1	-1	-1	True	True	True
32.0	6.0	8.0	74	2	D	0.0	1.0	1	4	4	2.0	1.0	3/8	True	-1	3.0	3.0	3.0	3a	5	8	False	True				False	5	IV(9)	F	I		IV(9)	IV			9		M	False	False	(-1, 3, 0)	(1,)	-1	-1	major	major	I	I, major	IV		I	I	False	IV	IV, major		IV(9), major		IV	-1	-1	-1	3	3	3	True	False	False
32.0	2.0	8.0	84	0	C	0.0	1.0	1	4	4	1.0	1.0	1/8	False	-1	3.0	3.0	3.0	3a	6	8	False	True				False	5	IV(9)	F	I		IV(9)	IV			9		M	False	False	(-1, 3, 0)	(1,)	-1	-1	major	major	I	I, major	IV		I	I	False	IV	IV, major		IV(9), major		IV	-1	-1	-1	1	1	1	False	False	False
34.0	2.0	8.5	77	-1	F	0.0	1.5	0	4	4	1.0	1.0	1/8	True	-1	3.0	3.0	3.0	3a	5	17/2	False	False				False	5	IV(9)	F	I		IV(9)	IV			9		M	False	False	(-1, 3, 0)	(1,)	-1	-1	major	major	I	I, major	IV		I	I	False	IV	IV, major		IV(9), major		IV	-1	-1	-1	0	0	0	True	False	False
36.0	8.0	9.0	82	-2	B	-1.0	2.0	2	4	4	1.0	1.0	1/2	True	-1	3.0	3.0	3.0	3a	5	9	False	True				False	6	IV	F	I		IV	IV					M	False	False	(-1, 3, 0)	()	-1	-1	major	major	I	I, major	IV		I	I	False	IV	IV, major		IV, major		IV	-1	-1	-1	-1	-1	-1	True	True	True
38.0	2.0	9.5	46	-2	B	-1.0	2.5	0	4	4	3.0	1.0	1/8	True	-1	3.0	3.0	3.0	3a	2	19/2	False	True				False	7	ii6	F	I		ii6	ii		6			m	False	False	(-1, 3, 2)	()	2	-1	major	major	I	I, major	ii		I	I	False	ii6	ii6, major		ii6, major		ii	-1	-1	-1	-1	-1	-1	True	False	True
38.0	2.0	9.5	46	-2	B	-1.0	2.5	0	4	4	4.0	1.0	1/8	True	-1	3.0	3.0	3.0	3a	2	19/2	False	True				False	7	ii6	F	I		ii6	ii		6			m	False	False	(-1, 3, 2)	()	2	-1	major	major	I	I, major	ii		I	I	False	ii6	ii6, major		ii6, major		ii	-1	-1	-1	-1	-1	-1	True	False	True
38.0	2.0	9.5	79	1	G	0.0	2.5	0	4	4	2.0	1.0	1/8	True	-1	3.0	3.0	3.0	3a	5	19/2	False	True				False	7	ii6	F	I		ii6	ii		6			m	False	False	(-1, 3, 2)	()	2	-1	major	major	I	I, major	ii		I	I	False	ii6	ii6, major		ii6, major		ii	-1	-1	-1	2	2	2	True	True	False
40.0	2.0	10.0	48	0	C	0.0	3.0	3	4	4	3.0	1.0	1/8	True	-1	3.0	3.0	3.0	3a	3	10	False	True				False	8	V7	F	I		V7	V		7			Mm7	False	False	(1, 5, 2, -1)	()	1	1	major	major	I	I, major	V		I	I	False	V7	V7, major		V7, major		V	-1	-1	-1	1	1	1	True	True	True
40.0	2.0	10.0	48	0	C	0.0	3.0	3	4	4	4.0	1.0	1/8	True	-1	3.0	3.0	3.0	3a	3	10	False	True				False	8	V7	F	I		V7	V		7			Mm7	False	False	(1, 5, 2, -1)	()	1	1	major	major	I	I, major	V		I	I	False	V7	V7, major		V7, major		V	-1	-1	-1	1	1	1	True	True	True
40.0	2.0	10.0	76	4	E	0.0	3.0	3	4	4	2.0	1.0	1/8	True	-1	3.0	3.0	3.0	3a	5	10	False	True				False	8	V7	F	I		V7	V		7			Mm7	False	False	(1, 5, 2, -1)	()	1	1	major	major	I	I, major	V		I	I	False	V7	V7, major		V7, major		V	-1	-1	-1	5	5	5	True	False	False
42.0	2.0	10.5	60	0	C	0.0	3.5	0	4	4	3.0	1.0	1/8	True	-1	3.0	3.0	3.0	3a	4	21/2	False	False				False	8	V7	F	I		V7	V		7			Mm7	False	False	(1, 5, 2, -1)	()	1	1	major	major	I	I, major	V		I	I	False	V7	V7, major		V7, major		V	-1	-1	-1	1	1	1	True	True	True
42.0	2.0	10.5	60	0	C	0.0	3.5	0	4	4	4.0	1.0	1/8	True	-1	3.0	3.0	3.0	3a	4	21/2	False	False				False	8	V7	F	I		V7	V		7			Mm7	False	False	(1, 5, 2, -1)	()	1	1	major	major	I	I, major	V		I	I	False	V7	V7, major		V7, major		V	-1	-1	-1	1	1	1	True	True	True
42.0	2.0	10.5	72	0	C	0.0	3.5	0	4	4	2.0	1.0	1/8	True	-1	3.0	3.0	3.0	3a	5	21/2	False	False				False	8	V7	F	I		V7	V		7			Mm7	False	False	(1, 5, 2, -1)	()	1	1	major	major	I	I, major	V		I	I	False	V7	V7, major		V7, major		V	-1	-1	-1	1	1	1	True	True	True
44.0	2.0	11.0	62	2	D	0.0	4.0	4	4	4	3.0	1.0	1/8	True	-1	3.0	3.0	3.0	3a	4	11	False	True				False	9	vi	F	I		vi	vi					m	False	False	(3, 0, 4)	()	3	3	major	major	I	I, major	vi		I	I	False	vi	vi, major		vi, major		vi	-1	-1	-1	3	3	3	True	True	True
44.0	2.0	11.0	62	2	D	0.0	4.0	4	4	4	4.0	1.0	1/8	True	-1	3.0	3.0	3.0	3a	4	11	False	True				False	9	vi	F	I		vi	vi					m	False	False	(3, 0, 4)	()	3	3	major	major	I	I, major	vi		I	I	False	vi	vi, major		vi, major		vi	-1	-1	-1	3	3	3	True	True	True
44.0	4.0	11.0	77	-1	F	0.0	4.0	4	4	4	2.0	1.0	1/4	True	-1	3.0	3.0	3.0	3a	5	11	False	True				False	9	vi	F	I		vi	vi					m	False	False	(3, 0, 4)	()	3	3	major	major	I	I, major	vi		I	I	False	vi	vi, major		vi, major		vi	-1	-1	-1	0	0	0	True	False	False
44.0	4.0	11.0	81	3	A	0.0	4.0	4	4	4	1.0	1.0	1/4	True	-1	3.0	3.0	3.0	3a	5	11	False	True				False	9	vi	F	I		vi	vi					m	False	False	(3, 0, 4)	()	3	3	major	major	I	I, major	vi		I	I	False	vi	vi, major		vi, major		vi	-1	-1	-1	4	4	4	True	False	False
46.0	2.0	11.5	57	3	A	0.0	4.5	0	4	4	3.0	1.0	1/8	True	-1	3.0	3.0	3.0	3a	3	23/2	False	True				False	10	I6	F	I		I6	I		6			M	False	False	(4, 1, 0)	()	0	4	major	major	I	I, major	I		I	I	False	I6	I6, major		I6, major		I	-1	-1	-1	4	4	4	True	False	True
46.0	2.0	11.5	57	3	A	0.0	4.5	0	4	4	4.0	1.0	1/8	True	-1	3.0	3.0	3.0	3a	3	23/2	False	True				False	10	I6	F	I		I6	I		6			M	False	False	(4, 1, 0)	()	0	4	major	major	I	I, major	I		I	I	False	I6	I6, major		I6, major		I	-1	-1	-1	4	4	4	True	False	True
48.0	2.0	12.0	58	-2	B	-1.0	1.0	1	4	4	3.0	1.0	1/8	True	-1	4.0	4.0	4.0	4a	3	12	False	True				False	11	ii65	F	I		ii65	ii		65			mm7	False	False	(-1, 3, 0, 2)	()	2	-1	major	major	I	I, major	ii		I	I	False	ii65	ii65, major		ii65, major		ii	-1	-1	-1	-1	-1	-1	True	False	True
48.0	2.0	12.0	58	-2	B	-1.0	1.0	1	4	4	4.0	1.0	1/8	True	-1	4.0	4.0	4.0	4a	3	12	False	True				False	11	ii65	F	I		ii65	ii		65			mm7	False	False	(-1, 3, 0, 2)	()	2	-1	major	major	I	I, major	ii		I	I	False	ii65	ii65, major		ii65, major		ii	-1	-1	-1	-1	-1	-1	True	False	True
48.0	4.0	12.0	77	-1	F	0.0	1.0	1	4	4	2.0	1.0	1/4	False	-1	4.0	4.0	4.0	4a	5	12	False	True				False	11	ii65	F	I		ii65	ii		65			mm7	False	False	(-1, 3, 0, 2)	()	2	-1	major	major	I	I, major	ii		I	I	False	ii65	ii65, major		ii65, major		ii	-1	-1	-1	0	0	0	True	False	False
48.0	8.0	12.0	79	1	G	0.0	1.0	1	4	4	1.0	1.0	1/2	True	-1	4.0	4.0	4.0	4a	5	12	False	True				False	11	ii65	F	I		ii65	ii		65			mm7	False	False	(-1, 3, 0, 2)	()	2	-1	major	major	I	I, major	ii		I	I	False	ii65	ii65, major		ii65, major		ii	-1	-1	-1	2	2	2	True	True	False
50.0	2.0	12.5	55	1	G	0.0	1.5	0	4	4	3.0	1.0	1/8	True	-1	4.0	4.0	4.0	4a	3	25/2	False	False				False	11	ii65	F	I		ii65	ii		65			mm7	False	False	(-1, 3, 0, 2)	()	2	-1	major	major	I	I, major	ii		I	I	False	ii65	ii65, major		ii65, major		ii	-1	-1	-1	2	2	2	True	True	False
50.0	2.0	12.5	55	1	G	0.0	1.5	0	4	4	4.0	1.0	1/8	True	-1	4.0	4.0	4.0	4a	3	25/2	False	False				False	11	ii65	F	I		ii65	ii		65			mm7	False	False	(-1, 3, 0, 2)	()	2	-1	major	major	I	I, major	ii		I	I	False	ii65	ii65, major		ii65, major		ii	-1	-1	-1	2	2	2	True	True	False
52.0	2.0	13.0	60	0	C	0.0	2.0	2	4	4	3.0	1.0	1/8	True	-1	4.0	4.0	4.0	4a	4	13	False	True				False	12	V(4)	F	I		V(4)	V			4		M	False	False	(1, 0, 2)	()	1	1	major	major	I	I, major	V		I	I	False	V	V, major		V(4), major		V	-1	-1	-1	1	1	1	True	True	True
52.0	2.0	13.0	60	0	C	0.0	2.0	2	4	4	4.0	1.0	1/8	True	-1	4.0	4.0	4.0	4a	4	13	False	True				False	12	V(4)	F	I		V(4)	V			4		M	False	False	(1, 0, 2)	()	1	1	major	major	I	I, major	V		I	I	False	V	V, major		V(4), major		V	-1	-1	-1	1	1	1	True	True	True
52.0	3.0	13.0	77	-1	F	0.0	2.0	2	4	4	2.0	1.0	3/16	True	-1	4.0	4.0	4.0	4a	5	13	False	True				False	12	V(4)	F	I		V(4)	V			4		M	False	False	(1, 0, 2)	()	1	1	major	major	I	I, major	V		I	I	False	V	V, major		V(4), major		V	-1	-1	-1	0	0	0	True	False	False
54.0	2.0	13.5	48	0	C	0.0	2.5	0	4	4	3.0	1.0	1/8	True	-1	4.0	4.0	4.0	4a	3	27/2	False	True				False	13	V	F	I		V	V					M	False	False	(1, 5, 2)	()	1	1	major	major	I	I, major	V		I	I	False	V	V, major		V, major		V	-1	-1	-1	1	1	1	True	True	True
54.0	2.0	13.5	48	0	C	0.0	2.5	0	4	4	4.0	1.0	1/8	True	-1	4.0	4.0	4.0	4a	3	27/2	False	True				False	13	V	F	I		V	V					M	False	False	(1, 5, 2)	()	1	1	major	major	I	I, major	V		I	I	False	V	V, major		V, major		V	-1	-1	-1	1	1	1	True	True	True
55.0	1.0	13.75	76	4	E	0.0	2.75	0	4	4	2.0	1.0	1/16	True	-1	4.0	4.0	4.0	4a	5	55/4	False	False				False	13	V	F	I		V	V					M	False	False	(1, 5, 2)	()	1	1	major	major	I	I, major	V		I	I	False	V	V, major		V, major		V	-1	-1	-1	5	5	5	True	False	False
56.0	8.0	14.0	53	-1	F	0.0	3.0	3	4	4	3.0	1.0	1/2	True	-1	4.0	4.0	4.0	4a	3	14	False	True	PAC	PAC	}	True	14	I|PAC}	F	I		I	I					M	False	False	(0, 4, 1)	()	0	0	major	major	I	I, major	I		I	I	False	I	I, major		I, major		I	-1	-1	-1	0	0	0	True	True	True
56.0	8.0	14.0	53	-1	F	0.0	3.0	3	4	4	4.0	1.0	1/2	True	-1	4.0	4.0	4.0	4a	3	14	False	True	PAC	PAC	}	True	14	I|PAC}	F	I		I	I					M	False	False	(0, 4, 1)	()	0	0	major	major	I	I, major	I		I	I	False	I	I, major		I, major		I	-1	-1	-1	0	0	0	True	True	True
56.0	8.0	14.0	77	-1	F	0.0	3.0	3	4	4	1.0	1.0	1/2	True	-1	4.0	4.0	4.0	4a	5	14	False	True	PAC	PAC	}	True	14	I|PAC}	F	I		I	I					M	False	False	(0, 4, 1)	()	0	0	major	major	I	I, major	I		I	I	False	I	I, major		I, major		I	-1	-1	-1	0	0	0	True	True	True
56.0	8.0	14.0	77	-1	F	0.0	3.0	3	4	4	2.0	1.0	1/2	True	-1	4.0	4.0	4.0	4a	5	14	False	True	PAC	PAC	}	True	14	I|PAC}	F	I		I	I					M	False	False	(0, 4, 1)	()	0	0	major	major	I	I, major	I		I	I	False	I	I, major		I, major		I	-1	-1	-1	0	0	0	True	True	True
64.0	2.0	16.0	53	-1	F	0.0	1.0	1	4	4	3.0	1.0	1/8	True	-1	5.0	5.0	5.0	5a	3	16	False	False			{	False	15	{	F	I		I	I					M	False	False	(0, 4, 1)	()	0	0	major	major	I	I, major	I		I	I	False		, major		I, major		I	-1	-1	-1	0	0	0	True	True	True
64.0	2.0	16.0	53	-1	F	0.0	1.0	1	4	4	4.0	1.0	1/8	True	-1	5.0	5.0	5.0	5a	3	16	False	False			{	False	15	{	F	I		I	I					M	False	False	(0, 4, 1)	()	0	0	major	major	I	I, major	I		I	I	False		, major		I, major		I	-1	-1	-1	0	0	0	True	True	True
64.0	6.0	16.0	81	3	A	0.0	1.0	1	4	4	1.0	1.0	3/8	True	-1	5.0	5.0	5.0	5a	5	16	False	False			{	False	15	{	F	I		I	I					M	False	False	(0, 4, 1)	()	0	0	major	major	I	I, major	I		I	I	False		, major		I, major		I	-1	-1	-1	4	4	4	True	False	False
64.0	4.0	16.0	84	0	C	0.0	1.0	1	4	4	2.0	1.0	1/4	True	-1	5.0	5.0	5.0	5a	6	16	False	False			{	False	15	{	F	I		I	I					M	False	False	(0, 4, 1)	()	0	0	major	major	I	I, major	I		I	I	False		, major		I, major		I	-1	-1	-1	1	1	1	True	False	False
66.0	2.0	16.5	55	1	G	0.0	1.5	0	4	4	3.0	1.0	1/8	True	-1	5.0	5.0	5.0	5a	3	33/2	False	False				False	15	{	F	I		I	I					M	False	False	(0, 4, 1)	()	0	0	major	major	I	I, major	I		I	I	False		, major		I, major		I	-1	-1	-1	2	2	2	False	False	False
66.0	2.0	16.5	55	1	G	0.0	1.5	0	4	4	4.0	1.0	1/8	True	-1	5.0	5.0	5.0	5a	3	33/2	False	False				False	15	{	F	I		I	I					M	False	False	(0, 4, 1)	()	0	0	major	major	I	I, major	I		I	I	False		, major		I, major		I	-1	-1	-1	2	2	2	False	False	False
68.0	2.0	17.0	57	3	A	0.0	2.0	2	4	4	3.0	1.0	1/8	True	-1	5.0	5.0	5.0	5a	3	17	False	False				False	15	{	F	I		I	I					M	False	False	(0, 4, 1)	()	0	0	major	major	I	I, major	I		I	I	False		, major		I, major		I	-1	-1	-1	4	4	4	True	False	False
68.0	2.0	17.0	57	3	A	0.0	2.0	2	4	4	4.0	1.0	1/8	True	-1	5.0	5.0	5.0	5a	3	17	False	False				False	15	{	F	I		I	I					M	False	False	(0, 4, 1)	()	0	0	major	major	I	I, major	I		I	I	False		, major		I, major		I	-1	-1	-1	4	4	4	True	False	False
68.0	6.0	17.0	77	-1	F	0.0	2.0	2	4	4	2.0	1.0	3/8	True	-1	5.0	5.0	5.0	5a	5	17	False	False				False	15	{	F	I		I	I					M	False	False	(0, 4, 1)	()	0	0	major	major	I	I, major	I		I	I	False		, major		I, major		I	-1	-1	-1	0	0	0	True	True	True
70.0	2.0	17.5	53	-1	F	0.0	2.5	0	4	4	3.0	1.0	1/8	True	-1	5.0	5.0	5.0	5a	3	35/2	False	False				False	15	{	F	I		I	I					M	False	False	(0, 4, 1)	()	0	0	major	major	I	I, major	I		I	I	False		, major		I, major		I	-1	-1	-1	0	0	0	True	True	True
70.0	2.0	17.5	53	-1	F	0.0	2.5	0	4	4	4.0	1.0	1/8	True	-1	5.0	5.0	5.0	5a	3	35/2	False	False				False	15	{	F	I		I	I					M	False	False	(0, 4, 1)	()	0	0	major	major	I	I, major	I		I	I	False		, major		I, major		I	-1	-1	-1	0	0	0	True	True	True
70.0	2.0	17.5	81	3	A	0.0	2.5	0	4	4	1.0	1.0	1/8	True	-1	5.0	5.0	5.0	5a	5	35/2	False	False				False	15	{	F	I		I	I					M	False	False	(0, 4, 1)	()	0	0	major	major	I	I, major	I		I	I	False		, major		I, major		I	-1	-1	-1	4	4	4	True	False	False
72.0	2.0	18.0	60	0	C	0.0	3.0	3	4	4	3.0	1.0	1/8	True	-1	5.0	5.0	5.0	5a	4	18	False	True				False	16	V.I(4)	F	V		I(4)	I			4		M	False	False	(0, -1, 1)	()	0	0	major	major	V	V, major	I		V	V	False	I	I, major		I(4), major		I	-1	0	0	1	0	0	True	True	True
72.0	2.0	18.0	60	0	C	0.0	3.0	3	4	4	4.0	1.0	1/8	True	-1	5.0	5.0	5.0	5a	4	18	False	True				False	16	V.I(4)	F	V		I(4)	I			4		M	False	False	(0, -1, 1)	()	0	0	major	major	V	V, major	I		V	V	False	I	I, major		I(4), major		I	-1	0	0	1	0	0	True	True	True
72.0	6.0	18.0	79	1	G	0.0	3.0	3	4	4	1.0	1.0	3/8	True	-1	5.0	5.0	5.0	5a	5	18	False	True				False	16	V.I(4)	F	V		I(4)	I			4		M	False	False	(0, -1, 1)	()	0	0	major	major	V	V, major	I		V	V	False	I	I, major		I(4), major		I	-1	0	0	2	1	1	True	False	False
74.0	2.0	18.5	48	0	C	0.0	3.5	0	4	4	3.0	1.0	1/8	True	-1	5.0	5.0	5.0	5a	3	37/2	False	False				False	16	V.I(4)	F	V		I(4)	I			4		M	False	False	(0, -1, 1)	()	0	0	major	major	V	V, major	I		V	V	False	I	I, major		I(4), major		I	-1	0	0	1	0	0	True	True	True
74.0	2.0	18.5	48	0	C	0.0	3.5	0	4	4	4.0	1.0	1/8	True	-1	5.0	5.0	5.0	5a	3	37/2	False	False				False	16	V.I(4)	F	V		I(4)	I			4		M	False	False	(0, -1, 1)	()	0	0	major	major	V	V, major	I		V	V	False	I	I, major		I(4), major		I	-1	0	0	1	0	0	True	True	True
74.0	1.0	18.5	76	4	E	0.0	3.5	0	4	4	2.0	1.0	1/16	True	-1	5.0	5.0	5.0	5a	5	37/2	False	False				False	16	V.I(4)	F	V		I(4)	I			4		M	False	False	(0, -1, 1)	()	0	0	major	major	V	V, major	I		V	V	False	I	I, major		I(4), major		I	-1	0	0	5	4	4	False	False	False
75.0	1.0	18.75	74	2	D	0.0	3.75	0	4	4	2.0	1.0	1/16	True	-1	5.0	5.0	5.0	5a	5	75/4	False	False				False	16	V.I(4)	F	V		I(4)	I			4		M	False	False	(0, -1, 1)	()	0	0	major	major	V	V, major	I		V	V	False	I	I, major		I(4), major		I	-1	0	0	3	2	2	False	False	False
76.0	2.0	19.0	52	4	E	0.0	4.0	4	4	4	3.0	1.0	1/8	True	-1	5.0	5.0	5.0	5a	3	19	False	True				False	17	I	F	V		I	I					M	False	False	(0, 4, 1)	()	0	0	major	major	V	V, major	I		V	V	False	I	I, major		I, major		I	-1	0	0	5	4	4	True	False	False
76.0	2.0	19.0	52	4	E	0.0	4.0	4	4	4	4.0	1.0	1/8	True	-1	5.0	5.0	5.0	5a	3	19	False	True				False	17	I	F	V		I	I					M	False	False	(0, 4, 1)	()	0	0	major	major	V	V, major	I		V	V	False	I	I, major		I, major		I	-1	0	0	5	4	4	True	False	False
76.0	4.0	19.0	76	4	E	0.0	4.0	4	4	4	2.0	1.0	1/4	True	-1	5.0	5.0	5.0	5a	5	19	False	True				False	17	I	F	V		I	I					M	False	False	(0, 4, 1)	()	0	0	major	major	V	V, major	I		V	V	False	I	I, major		I, major		I	-1	0	0	5	4	4	True	False	False
78.0	2.0	19.5	48	0	C	0.0	4.5	0	4	4	3.0	1.0	1/8	True	-1	5.0	5.0	5.0	5a	3	39/2	False	False				False	17	I	F	V		I	I					M	False	False	(0, 4, 1)	()	0	0	major	major	V	V, major	I		V	V	False	I	I, major		I, major		I	-1	0	0	1	0	0	True	True	True
78.0	2.0	19.5	48	0	C	0.0	4.5	0	4	4	4.0	1.0	1/8	True	-1	5.0	5.0	5.0	5a	3	39/2	False	False				False	17	I	F	V		I	I					M	False	False	(0, 4, 1)	()	0	0	major	major	V	V, major	I		V	V	False	I	I, major		I, major		I	-1	0	0	1	0	0	True	True	True
78.0	1.0	19.5	81	3	A	0.0	4.5	0	4	4	1.0	1.0	1/16	True	-1	5.0	5.0	5.0	5a	5	39/2	False	False				False	17	I	F	V		I	I					M	False	False	(0, 4, 1)	()	0	0	major	major	V	V, major	I		V	V	False	I	I, major		I, major		I	-1	0	0	4	3	3	False	False	False
79.0	1.0	19.75	79	1	G	0.0	4.75	0	4	4	1.0	1.0	1/16	True	-1	5.0	5.0	5.0	5a	5	79/4	False	False				False	17	I	F	V		I	I					M	False	False	(0, 4, 1)	()	0	0	major	major	V	V, major	I		V	V	False	I	I, major		I, major		I	-1	0	0	2	1	1	True	False	False
80.0	2.0	20.0	50	2	D	0.0	1.0	1	4	4	3.0	1.0	1/8	True	-1	6.0	6.0	6.0	6a	3	20	False	True				False	18	ii(9)	F	V		ii(9)	ii			9		m	False	False	(2, -1, 3)	(4,)	2	2	major	major	V	V, major	ii		V	V	False	ii	ii, major		ii(9), major		ii	-1	0	0	3	2	2	True	True	True
80.0	2.0	20.0	50	2	D	0.0	1.0	1	4	4	4.0	1.0	1/8	True	-1	6.0	6.0	6.0	6a	3	20	False	True				False	18	ii(9)	F	V		ii(9)	ii			9		m	False	False	(2, -1, 3)	(4,)	2	2	major	major	V	V, major	ii		V	V	False	ii	ii, major		ii(9), major		ii	-1	0	0	3	2	2	True	True	True
80.0	2.0	20.0	76	4	E	0.0	1.0	1	4	4	2.0	1.0	1/8	False	-1	6.0	6.0	6.0	6a	5	20	False	True				False	18	ii(9)	F	V		ii(9)	ii			9		m	False	False	(2, -1, 3)	(4,)	2	2	major	major	V	V, major	ii		V	V	False	ii	ii, major		ii(9), major		ii	-1	0	0	5	4	4	False	False	False
80.0	6.0	20.0	77	-1	F	0.0	1.0	1	4	4	1.0	1.0	3/8	True	-1	6.0	6.0	6.0	6a	5	20	False	True				False	18	ii(9)	F	V		ii(9)	ii			9		m	False	False	(2, -1, 3)	(4,)	2	2	major	major	V	V, major	ii		V	V	False	ii	ii, major		ii(9), major		ii	-1	0	0	0	-1	-1	True	False	False
82.0	2.0	20.5	48	0	C	0.0	1.5	0	4	4	3.0	1.0	1/8	True	-1	6.0	6.0	6.0	6a	3	41/2	False	False				False	18	ii(9)	F	V		ii(9)	ii			9		m	False	False	(2, -1, 3)	(4,)	2	2	major	major	V	V, major	ii		V	V	False	ii	ii, major		ii(9), major		ii	-1	0	0	1	0	0	False	False	False
82.0	2.0	20.5	48	0	C	0.0	1.5	0	4	4	4.0	1.0	1/8	True	-1	6.0	6.0	6.0	6a	3	41/2	False	False				False	18	ii(9)	F	V		ii(9)	ii			9		m	False	False	(2, -1, 3)	(4,)	2	2	major	major	V	V, major	ii		V	V	False	ii	ii, major		ii(9), major		ii	-1	0	0	1	0	0	False	False	False
82.0	2.0	20.5	69	3	A	0.0	1.5	0	4	4	2.0	1.0	1/8	True	-1	6.0	6.0	6.0	6a	4	41/2	False	False				False	18	ii(9)	F	V		ii(9)	ii			9		m	False	False	(2, -1, 3)	(4,)	2	2	major	major	V	V, major	ii		V	V	False	ii	ii, major		ii(9), major		ii	-1	0	0	4	3	3	True	False	False
84.0	2.0	21.0	47	5	B	0.0	2.0	2	4	4	3.0	1.0	1/8	True	-1	6.0	6.0	6.0	6a	2	21	False	True				False	19	V7	F	V		V7	V		7			Mm7	False	False	(1, 5, 2, -1)	()	1	1	major	major	V	V, major	V		V	V	False	V7	V7, major		V7, major		V	-1	0	0	6	5	5	True	False	False
84.0	2.0	21.0	47	5	B	0.0	2.0	2	4	4	4.0	1.0	1/8	True	-1	6.0	6.0	6.0	6a	2	21	False	True				False	19	V7	F	V		V7	V		7			Mm7	False	False	(1, 5, 2, -1)	()	1	1	major	major	V	V, major	V		V	V	False	V7	V7, major		V7, major		V	-1	0	0	6	5	5	True	False	False
84.0	6.0	21.0	74	2	D	0.0	2.0	2	4	4	2.0	1.0	3/8	True	-1	6.0	6.0	6.0	6a	5	21	False	True				False	19	V7	F	V		V7	V		7			Mm7	False	False	(1, 5, 2, -1)	()	1	1	major	major	V	V, major	V		V	V	False	V7	V7, major		V7, major		V	-1	0	0	3	2	2	True	False	False
86.0	2.0	21.5	43	1	G	0.0	2.5	0	4	4	3.0	1.0	1/8	True	-1	6.0	6.0	6.0	6a	2	43/2	False	False				False	19	V7	F	V		V7	V		7			Mm7	False	False	(1, 5, 2, -1)	()	1	1	major	major	V	V, major	V		V	V	False	V7	V7, major		V7, major		V	-1	0	0	2	1	1	True	True	True
86.0	2.0	21.5	43	1	G	0.0	2.5	0	4	4	4.0	1.0	1/8	True	-1	6.0	6.0	6.0	6a	2	43/2	False	False				False	19	V7	F	V		V7	V		7			Mm7	False	False	(1, 5, 2, -1)	()	1	1	major	major	V	V, major	V		V	V	False	V7	V7, major		V7, major		V	-1	0	0	2	1	1	True	True	True
86.0	1.0	21.5	79	1	G	0.0	2.5	0	4	4	1.0	1.0	1/16	True	-1	6.0	6.0	6.0	6a	5	43/2	False	False				False	19	V7	F	V		V7	V		7			Mm7	False	False	(1, 5, 2, -1)	()	1	1	major	major	V	V, major	V		V	V	False	V7	V7, major		V7, major		V	-1	0	0	2	1	1	True	True	True
87.0	1.0	21.75	77	-1	F	0.0	2.75	0	4	4	1.0	1.0	1/16	True	-1	6.0	6.0	6.0	6a	5	87/4	False	False				False	19	V7	F	V		V7	V		7			Mm7	False	False	(1, 5, 2, -1)	()	1	1	major	major	V	V, major	V		V	V	False	V7	V7, major		V7, major		V	-1	0	0	0	-1	-1	True	False	False
88.0	6.0	22.0	48	0	C	0.0	3.0	3	4	4	3.0	1.0	3/8	True	-1	6.0	6.0	6.0	6a	3	22	False	True				False	20	I(9)	F	V		I(9)	I			9		M	False	False	(0, 4, 1)	(2,)	0	0	major	major	V	V, major	I		V	V	False	I	I, major		I(9), major		I	-1	0	0	1	0	0	True	True	True
88.0	6.0	22.0	48	0	C	0.0	3.0	3	4	4	4.0	1.0	3/8	True	-1	6.0	6.0	6.0	6a	3	22	False	True				False	20	I(9)	F	V		I(9)	I			9		M	False	False	(0, 4, 1)	(2,)	0	0	major	major	V	V, major	I		V	V	False	I	I, major		I(9), major		I	-1	0	0	1	0	0	True	True	True
88.0	6.0	22.0	76	4	E	0.0	3.0	3	4	4	1.0	1.0	3/8	True	-1	6.0	6.0	6.0	6a	5	22	False	True				False	20	I(9)	F	V		I(9)	I			9		M	False	False	(0, 4, 1)	(2,)	0	0	major	major	V	V, major	I		V	V	False	I	I, major		I(9), major		I	-1	0	0	5	4	4	True	False	False
90.0	2.0	22.5	67	1	G	0.0	3.5	0	4	4	2.0	1.0	1/8	True	-1	6.0	6.0	6.0	6a	4	45/2	False	False				False	20	I(9)	F	V		I(9)	I			9		M	False	False	(0, 4, 1)	(2,)	0	0	major	major	V	V, major	I		V	V	False	I	I, major		I(9), major		I	-1	0	0	2	1	1	True	False	False
92.0	4.0	23.0	72	0	C	0.0	4.0	4	4	4	2.0	1.0	1/4	True	-1	6.0	6.0	6.0	6a	5	23	False	True				False	21	I	F	V		I	I					M	False	False	(0, 4, 1)	()	0	0	major	major	V	V, major	I		V	V	False	I	I, major		I, major		I	-1	0	0	1	0	0	True	True	True
94.0	2.0	23.5	52	4	E	0.0	4.5	0	4	4	3.0	1.0	1/8	True	-1	6.0	6.0	6.0	6a	3	47/2	False	True				False	22	I6	F	V		I6	I		6			M	False	False	(4, 1, 0)	()	0	4	major	major	V	V, major	I		V	V	False	I6	I6, major		I6, major		I	-1	0	0	5	4	4	True	False	True
94.0	2.0	23.5	52	4	E	0.0	4.5	0	4	4	4.0	1.0	1/8	True	-1	6.0	6.0	6.0	6a	3	47/2	False	True				False	22	I6	F	V		I6	I		6			M	False	False	(4, 1, 0)	()	0	4	major	major	V	V, major	I		V	V	False	I6	I6, major		I6, major		I	-1	0	0	5	4	4	True	False	True
94.0	2.0	23.5	79	1	G	0.0	4.5	0	4	4	1.0	1.0	1/8	True	-1	6.0	6.0	6.0	6a	5	47/2	False	True				False	22	I6	F	V		I6	I		6			M	False	False	(4, 1, 0)	()	0	4	major	major	V	V, major	I		V	V	False	I6	I6, major		I6, major		I	-1	0	0	2	1	1	True	False	False
96.0	4.0	24.0	53	-1	F	0.0	1.0	1	4	4	3.0	1.0	1/4	True	-1	7.0	7.0	7.0	7a	3	24	False	True				False	23	ii65	F	V		ii65	ii		65			mm7	False	False	(-1, 3, 0, 2)	()	2	-1	major	major	V	V, major	ii		V	V	False	ii65	ii65, major		ii65, major		ii	-1	0	0	0	-1	-1	True	False	True
96.0	4.0	24.0	53	-1	F	0.0	1.0	1	4	4	4.0	1.0	1/4	True	-1	7.0	7.0	7.0	7a	3	24	False	True				False	23	ii65	F	V		ii65	ii		65			mm7	False	False	(-1, 3, 0, 2)	()	2	-1	major	major	V	V, major	ii		V	V	False	ii65	ii65, major		ii65, major		ii	-1	0	0	0	-1	-1	True	False	True
96.0	4.0	24.0	72	0	C	0.0	1.0	1	4	4	2.0	1.0	1/4	False	-1	7.0	7.0	7.0	7a	5	24	False	True				False	23	ii65	F	V		ii65	ii		65			mm7	False	False	(-1, 3, 0, 2)	()	2	-1	major	major	V	V, major	ii		V	V	False	ii65	ii65, major		ii65, major		ii	-1	0	0	1	0	0	True	False	False
96.0	2.0	24.0	81	3	A	0.0	1.0	1	4	4	1.0	1.0	1/8	True	-1	7.0	7.0	7.0	7a	5	24	False	True				False	23	ii65	F	V		ii65	ii		65			mm7	False	False	(-1, 3, 0, 2)	()	2	-1	major	major	V	V, major	ii		V	V	False	ii65	ii65, major		ii65, major		ii	-1	0	0	4	3	3	True	False	False
98.0	2.0	24.5	74	2	D	0.0	1.5	0	4	4	1.0	1.0	1/8	True	-1	7.0	7.0	7.0	7a	5	49/2	False	False				False	23	ii65	F	V		ii65	ii		65			mm7	False	False	(-1, 3, 0, 2)	()	2	-1	major	major	V	V, major	ii		V	V	False	ii65	ii65, major		ii65, major		ii	-1	0	0	3	2	2	True	True	False
100.0	4.0	25.0	55	1	G	0.0	2.0	2	4	4	3.0	1.0	1/4	True	-1	7.0	7.0	7.0	7a	3	25	False	True				False	24	V(4)	F	V		V(4)	V			4		M	False	False	(1, 0, 2)	()	1	1	major	major	V	V, major	V		V	V	False	V	V, major		V(4), major		V	-1	0	0	2	1	1	True	True	True
100.0	4.0	25.0	55	1	G	0.0	2.0	2	4	4	4.0	1.0	1/4	True	-1	7.0	7.0	7.0	7a	3	25	False	True				False	24	V(4)	F	V		V(4)	V			4		M	False	False	(1, 0, 2)	()	1	1	major	major	V	V, major	V		V	V	False	V	V, major		V(4), major		V	-1	0	0	2	1	1	True	True	True
100.0	4.0	25.0	72	0	C	0.0	2.0	2	4	4	2.0	1.0	1/4	True	-1	7.0	7.0	7.0	7a	5	25	False	True				False	24	V(4)	F	V		V(4)	V			4		M	False	False	(1, 0, 2)	()	1	1	major	major	V	V, major	V		V	V	False	V	V, major		V(4), major		V	-1	0	0	1	0	0	True	False	False
100.0	2.0	25.0	74	2	D	0.0	2.0	2	4	4	1.0	1.0	1/8	True	-1	7.0	7.0	7.0	7a	5	25	False	True				False	24	V(4)	F	V		V(4)	V			4		M	False	False	(1, 0, 2)	()	1	1	major	major	V	V, major	V		V	V	False	V	V, major		V(4), major		V	-1	0	0	3	2	2	True	False	False
102.0	2.0	25.5	74	2	D	0.0	2.5	0	4	4	1.0	1.0	1/8	True	-1	7.0	7.0	7.0	7a	5	51/2	False	False				False	24	V(4)	F	V		V(4)	V			4		M	False	False	(1, 0, 2)	()	1	1	major	major	V	V, major	V		V	V	False	V	V, major		V(4), major		V	-1	0	0	3	2	2	True	False	False
104.0	4.0	26.0	57	3	A	0.0	3.0	3	4	4	3.0	1.0	1/4	True	-1	7.0	7.0	7.0	7a	3	26	False	True				False	25	vi(11)	F	V		vi(11)	vi			11		m	False	False	(3, 0, 4)	(2,)	3	3	major	major	V	V, major	vi		V	V	False	vi	vi, major		vi(11), major		vi	-1	0	0	4	3	3	True	True	True
104.0	4.0	26.0	57	3	A	0.0	3.0	3	4	4	4.0	1.0	1/4	True	-1	7.0	7.0	7.0	7a	3	26	False	True				False	25	vi(11)	F	V		vi(11)	vi			11		m	False	False	(3, 0, 4)	(2,)	3	3	major	major	V	V, major	vi		V	V	False	vi	vi, major		vi(11), major		vi	-1	0	0	4	3	3	True	True	True
104.0	4.0	26.0	72	0	C	0.0	3.0	3	4	4	2.0	1.0	1/4	True	-1	7.0	7.0	7.0	7a	5	26	False	True				False	25	vi(11)	F	V		vi(11)	vi			11		m	False	False	(3, 0, 4)	(2,)	3	3	major	major	V	V, major	vi		V	V	False	vi	vi, major		vi(11), major		vi	-1	0	0	1	0	0	True	False	False
104.0	2.0	26.0	74	2	D	0.0	3.0	3	4	4	1.0	1.0	1/8	True	-1	7.0	7.0	7.0	7a	5	26	False	True				False	25	vi(11)	F	V		vi(11)	vi			11		m	False	False	(3, 0, 4)	(2,)	3	3	major	major	V	V, major	vi		V	V	False	vi	vi, major		vi(11), major		vi	-1	0	0	3	2	2	False	False	False
106.0	2.0	26.5	72	0	C	0.0	3.5	0	4	4	1.0	1.0	1/8	True	-1	7.0	7.0	7.0	7a	5	53/2	False	True				False	26	vi	F	V		vi	vi					m	False	False	(3, 0, 4)	()	3	3	major	major	V	V, major	vi		V	V	False	vi	vi, major		vi, major		vi	-1	0	0	1	0	0	True	False	False
108.0	4.0	27.0	52	4	E	0.0	4.0	4	4	4	3.0	1.0	1/4	True	-1	7.0	7.0	7.0	7a	3	27	False	True				False	27	I6	F	V		I6	I		6			M	False	False	(4, 1, 0)	()	0	4	major	major	V	V, major	I		V	V	False	I6	I6, major		I6, major		I	-1	0	0	5	4	4	True	False	True
108.0	4.0	27.0	52	4	E	0.0	4.0	4	4	4	4.0	1.0	1/4	True	-1	7.0	7.0	7.0	7a	3	27	False	True				False	27	I6	F	V		I6	I		6			M	False	False	(4, 1, 0)	()	0	4	major	major	V	V, major	I		V	V	False	I6	I6, major		I6, major		I	-1	0	0	5	4	4	True	False	True
110.0	2.0	27.5	76	4	E	0.0	4.5	0	4	4	2.0	1.0	1/8	True	-1	7.0	7.0	7.0	7a	5	55/2	False	False				False	27	I6	F	V		I6	I		6			M	False	False	(4, 1, 0)	()	0	4	major	major	V	V, major	I		V	V	False	I6	I6, major		I6, major		I	-1	0	0	5	4	4	True	False	True
110.0	2.0	27.5	79	1	G	0.0	4.5	0	4	4	1.0	1.0	1/8	True	-1	7.0	7.0	7.0	7a	5	55/2	False	False				False	27	I6	F	V		I6	I		6			M	False	False	(4, 1, 0)	()	0	4	major	major	V	V, major	I		V	V	False	I6	I6, major		I6, major		I	-1	0	0	2	1	1	True	False	False
112.0	4.0	28.0	53	-1	F	0.0	1.0	1	4	4	3.0	1.0	1/4	True	-1	8.0	8.0	8.0	8a	3	28	False	True				False	28	ii65	F	V		ii65	ii		65			mm7	False	False	(-1, 3, 0, 2)	()	2	-1	major	major	V	V, major	ii		V	V	False	ii65	ii65, major		ii65, major		ii	-1	0	0	0	-1	-1	True	False	True
112.0	4.0	28.0	53	-1	F	0.0	1.0	1	4	4	4.0	1.0	1/4	True	-1	8.0	8.0	8.0	8a	3	28	False	True				False	28	ii65	F	V		ii65	ii		65			mm7	False	False	(-1, 3, 0, 2)	()	2	-1	major	major	V	V, major	ii		V	V	False	ii65	ii65, major		ii65, major		ii	-1	0	0	0	-1	-1	True	False	True
112.0	1.0	28.0	69	3	A	0.0	1.0	1	4	4	2.0	1.0	1/16	True	-1	8.0	8.0	8.0	8a	4	28	False	True				False	28	ii65	F	V		ii65	ii		65			mm7	False	False	(-1, 3, 0, 2)	()	2	-1	major	major	V	V, major	ii		V	V	False	ii65	ii65, major		ii65, major		ii	-1	0	0	4	3	3	True	False	False
112.0	1.0	28.0	81	3	A	0.0	1.0	1	4	4	1.0	1.0	1/16	True	-1	8.0	8.0	8.0	8a	5	28	False	True				False	28	ii65	F	V		ii65	ii		65			mm7	False	False	(-1, 3, 0, 2)	()	2	-1	major	major	V	V, major	ii		V	V	False	ii65	ii65, major		ii65, major		ii	-1	0	0	4	3	3	True	False	False
113.0	1.0	28.25	71	5	B	0.0	1.25	0	4	4	2.0	1.0	1/16	True	-1	8.0	8.0	8.0	8a	4	113/4	False	False				False	28	ii65	F	V		ii65	ii		65			mm7	False	False	(-1, 3, 0, 2)	()	2	-1	major	major	V	V, major	ii		V	V	False	ii65	ii65, major		ii65, major		ii	-1	0	0	6	5	5	False	False	False
113.0	1.0	28.25	79	1	G	0.0	1.25	0	4	4	1.0	1.0	1/16	True	-1	8.0	8.0	8.0	8a	5	113/4	False	False				False	28	ii65	F	V		ii65	ii		65			mm7	False	False	(-1, 3, 0, 2)	()	2	-1	major	major	V	V, major	ii		V	V	False	ii65	ii65, major		ii65, major		ii	-1	0	0	2	1	1	False	False	False
114.0	2.0	28.5	72	0	C	0.0	1.5	0	4	4	2.0	1.0	1/8	True	-1	8.0	8.0	8.0	8a	5	57/2	False	False				False	28	ii65	F	V		ii65	ii		65			mm7	False	False	(-1, 3, 0, 2)	()	2	-1	major	major	V	V, major	ii		V	V	False	ii65	ii65, major		ii65, major		ii	-1	0	0	1	0	0	True	False	False
114.0	1.0	28.5	77	-1	F	0.0	1.5	0	4	4	1.0	1.0	1/16	True	-1	8.0	8.0	8.0	8a	5	57/2	False	False				False	28	ii65	F	V		ii65	ii		65			mm7	False	False	(-1, 3, 0, 2)	()	2	-1	major	major	V	V, major	ii		V	V	False	ii65	ii65, major		ii65, major		ii	-1	0	0	0	-1	-1	True	False	True
115.0	1.0	28.75	76	4	E	0.0	1.75	0	4	4	1.0	1.0	1/16	True	-1	8.0	8.0	8.0	8a	5	115/4	False	False				False	28	ii65	F	V		ii65	ii		65			mm7	False	False	(-1, 3, 0, 2)	()	2	-1	major	major	V	V, major	ii		V	V	False	ii65	ii65, major		ii65, major		ii	-1	0	0	5	4	4	False	False	False
116.0	4.0	29.0	55	1	G	0.0	2.0	2	4	4	3.0	1.0	1/4	True	-1	8.0	8.0	8.0	8a	3	29	False	True				False	29	V(4)	F	V		V(4)	V			4		M	False	False	(1, 0, 2)	()	1	1	major	major	V	V, major	V		V	V	False	V	V, major		V(4), major		V	-1	0	0	2	1	1	True	True	True
116.0	4.0	29.0	55	1	G	0.0	2.0	2	4	4	4.0	1.0	1/4	True	-1	8.0	8.0	8.0	8a	3	29	False	True				False	29	V(4)	F	V		V(4)	V			4		M	False	False	(1, 0, 2)	()	1	1	major	major	V	V, major	V		V	V	False	V	V, major		V(4), major		V	-1	0	0	2	1	1	True	True	True
116.0	3.0	29.0	72	0	C	0.0	2.0	2	4	4	2.0	1.0	3/16	True	-1	8.0	8.0	8.0	8a	5	29	False	True				False	29	V(4)	F	V		V(4)	V			4		M	False	False	(1, 0, 2)	()	1	1	major	major	V	V, major	V		V	V	False	V	V, major		V(4), major		V	-1	0	0	1	0	0	True	False	False
116.0	4.0	29.0	74	2	D	0.0	2.0	2	4	4	1.0	1.0	1/4	True	-1	8.0	8.0	8.0	8a	5	29	False	True				False	29	V(4)	F	V		V(4)	V			4		M	False	False	(1, 0, 2)	()	1	1	major	major	V	V, major	V		V	V	False	V	V, major		V(4), major		V	-1	0	0	3	2	2	True	False	False
119.0	1.0	29.75	71	5	B	0.0	2.75	0	4	4	2.0	1.0	1/16	True	-1	8.0	8.0	8.0	8a	4	119/4	False	False				False	29	V(4)	F	V		V(4)	V			4		M	False	False	(1, 0, 2)	()	1	1	major	major	V	V, major	V		V	V	False	V	V, major		V(4), major		V	-1	0	0	6	5	5	False	False	False
120.0	2.0	30.0	48	0	C	0.0	3.0	3	4	4	3.0	1.0	1/8	True	-1	8.0	8.0	8.0	8a	3	30	False	True	PAC	PAC	}	True	31	I|PAC}	F	V		I	I					M	False	False	(0, 4, 1)	()	0	0	major	major	V	V, major	I		V	V	False	I	I, major		I, major		I	-1	0	0	1	0	0	True	True	True
120.0	2.0	30.0	48	0	C	0.0	3.0	3	4	4	4.0	1.0	1/8	True	-1	8.0	8.0	8.0	8a	3	30	False	True	PAC	PAC	}	True	31	I|PAC}	F	V		I	I					M	False	False	(0, 4, 1)	()	0	0	major	major	V	V, major	I		V	V	False	I	I, major		I, major		I	-1	0	0	1	0	0	True	True	True
120.0	4.0	30.0	72	0	C	0.0	3.0	3	4	4	1.0	1.0	1/4	True	-1	8.0	8.0	8.0	8a	5	30	False	True	PAC	PAC	}	True	31	I|PAC}	F	V		I	I					M	False	False	(0, 4, 1)	()	0	0	major	major	V	V, major	I		V	V	False	I	I, major		I, major		I	-1	0	0	1	0	0	True	True	True
120.0	4.0	30.0	72	0	C	0.0	3.0	3	4	4	2.0	1.0	1/4	True	-1	8.0	8.0	8.0	8a	5	30	False	True	PAC	PAC	}	True	31	I|PAC}	F	V		I	I					M	False	False	(0, 4, 1)	()	0	0	major	major	V	V, major	I		V	V	False	I	I, major		I, major		I	-1	0	0	1	0	0	True	True	True
122.0	2.0	30.5	60	0	C	0.0	3.5	0	4	4	3.0	1.0	1/8	True	-1	8.0	8.0	8.0	8a	4	61/2	False	False				False	31	I|PAC}	F	V		I	I					M	False	False	(0, 4, 1)	()	0	0	major	major	V	V, major	I		V	V	False	I	I, major		I, major		I	-1	0	0	1	0	0	True	True	True
122.0	2.0	30.5	60	0	C	0.0	3.5	0	4	4	4.0	1.0	1/8	True	-1	8.0	8.0	8.0	8a	4	61/2	False	False				False	31	I|PAC}	F	V		I	I					M	False	False	(0, 4, 1)	()	0	0	major	major	V	V, major	I		V	V	False	I	I, major		I, major		I	-1	0	0	1	0	0	True	True	True
124.0	2.0	31.0	57	3	A	0.0	4.0	4	4	4	3.0	1.0	1/8	True	-1	8.0	8.0	8.0	8a	3	31	False	True			{	False	32	I.I6{	F	I		I6	I		6			M	False	False	(4, 1, 0)	()	0	4	major	major	I	I, major	I		I	I	False	I6	I6, major		I6, major		I	-1	-1	-1	4	4	4	True	False	True
124.0	2.0	31.0	57	3	A	0.0	4.0	4	4	4	4.0	1.0	1/8	True	-1	8.0	8.0	8.0	8a	3	31	False	True			{	False	32	I.I6{	F	I		I6	I		6			M	False	False	(4, 1, 0)	()	0	4	major	major	I	I, major	I		I	I	False	I6	I6, major		I6, major		I	-1	-1	-1	4	4	4	True	False	True
124.0	4.0	31.0	77	-1	F	0.0	4.0	4	4	4	1.0	1.0	1/4	True	-1	8.0	8.0	8.0	8a	5	31	False	True			{	False	32	I.I6{	F	I		I6	I		6			M	False	False	(4, 1, 0)	()	0	4	major	major	I	I, major	I		I	I	False	I6	I6, major		I6, major		I	-1	-1	-1	0	0	0	True	True	False
126.0	2.0	31.5	53	-1	F	0.0	4.5	0	4	4	3.0	1.0	1/8	True	-1	8.0	8.0	8.0	8a	3	63/2	False	False				False	32	I.I6{	F	I		I6	I		6			M	False	False	(4, 1, 0)	()	0	4	major	major	I	I, major	I		I	I	False	I6	I6, major		I6, major		I	-1	-1	-1	0	0	0	True	True	False
126.0	2.0	31.5	53	-1	F	0.0	4.5	0	4	4	4.0	1.0	1/8	True	-1	8.0	8.0	8.0	8a	3	63/2	False	False				False	32	I.I6{	F	I		I6	I		6			M	False	False	(4, 1, 0)	()	0	4	major	major	I	I, major	I		I	I	False	I6	I6, major		I6, major		I	-1	-1	-1	0	0	0	True	True	False
128.0	2.0	32.0	58	-2	B	-1.0	1.0	1	4	4	3.0	1.0	1/8	True	-1	9.0	9.0	9.0	9a	3	32	False	True				False	33	ii65	F	I		ii65	ii		65			mm7	False	False	(-1, 3, 0, 2)	()	2	-1	major	major	I	I, major	ii		I	I	False	ii65	ii65, major		ii65, major		ii	-1	-1	-1	-1	-1	-1	True	False	True
128.0	2.0	32.0	58	-2	B	-1.0	1.0	1	4	4	4.0	1.0	1/8	True	-1	9.0	9.0	9.0	9a	3	32	False	True				False	33	ii65	F	I		ii65	ii		65			mm7	False	False	(-1, 3, 0, 2)	()	2	-1	major	major	I	I, major	ii		I	I	False	ii65	ii65, major		ii65, major		ii	-1	-1	-1	-1	-1	-1	True	False	True
128.0	4.0	32.0	77	-1	F	0.0	1.0	1	4	4	1.0	1.0	1/4	False	-1	9.0	9.0	9.0	9a	5	32	False	True				False	33	ii65	F	I		ii65	ii		65			mm7	False	False	(-1, 3, 0, 2)	()	2	-1	major	major	I	I, major	ii		I	I	False	ii65	ii65, major		ii65, major		ii	-1	-1	-1	0	0	0	True	False	False
128.0	12.0	32.0	79	1	G	0.0	1.0	1	4	4	2.0	1.0	3/4	True	-1	9.0	9.0	9.0	9a	5	32	False	True				False	33	ii65	F	I		ii65	ii		65			mm7	False	False	(-1, 3, 0, 2)	()	2	-1	major	major	I	I, major	ii		I	I	False	ii65	ii65, major		ii65, major		ii	-1	-1	-1	2	2	2	True	True	False
130.0	2.0	32.5	55	1	G	0.0	1.5	0	4	4	3.0	1.0	1/8	True	-1	9.0	9.0	9.0	9a	3	65/2	False	False				False	33	ii65	F	I		ii65	ii		65			mm7	False	False	(-1, 3, 0, 2)	()	2	-1	major	major	I	I, major	ii		I	I	False	ii65	ii65, major		ii65, major		ii	-1	-1	-1	2	2	2	True	True	False
130.0	2.0	32.5	55	1	G	0.0	1.5	0	4	4	4.0	1.0	1/8	True	-1	9.0	9.0	9.0	9a	3	65/2	False	False				False	33	ii65	F	I		ii65	ii		65			mm7	False	False	(-1, 3, 0, 2)	()	2	-1	major	major	I	I, major	ii		I	I	False	ii65	ii65, major		ii65, major		ii	-1	-1	-1	2	2	2	True	True	False
132.0	2.0	33.0	60	0	C	0.0	2.0	2	4	4	3.0	1.0	1/8	True	-1	9.0	9.0	9.0	9a	4	33	False	True				False	34	V	F	I		V	V					M	False	False	(1, 5, 2)	()	1	1	major	major	I	I, major	V		I	I	False	V	V, major		V, major		V	-1	-1	-1	1	1	1	True	True	True
132.0	2.0	33.0	60	0	C	0.0	2.0	2	4	4	4.0	1.0	1/8	True	-1	9.0	9.0	9.0	9a	4	33	False	True				False	34	V	F	I		V	V					M	False	False	(1, 5, 2)	()	1	1	major	major	I	I, major	V		I	I	False	V	V, major		V, major		V	-1	-1	-1	1	1	1	True	True	True
132.0	4.0	33.0	76	4	E	0.0	2.0	2	4	4	1.0	1.0	1/4	True	-1	9.0	9.0	9.0	9a	5	33	False	True				False	34	V	F	I		V	V					M	False	False	(1, 5, 2)	()	1	1	major	major	I	I, major	V		I	I	False	V	V, major		V, major		V	-1	-1	-1	5	5	5	True	False	False
134.0	2.0	33.5	48	0	C	0.0	2.5	0	4	4	3.0	1.0	1/8	True	-1	9.0	9.0	9.0	9a	3	67/2	False	False				False	34	V	F	I		V	V					M	False	False	(1, 5, 2)	()	1	1	major	major	I	I, major	V		I	I	False	V	V, major		V, major		V	-1	-1	-1	1	1	1	True	True	True
134.0	2.0	33.5	48	0	C	0.0	2.5	0	4	4	4.0	1.0	1/8	True	-1	9.0	9.0	9.0	9a	3	67/2	False	False				False	34	V	F	I		V	V					M	False	False	(1, 5, 2)	()	1	1	major	major	I	I, major	V		I	I	False	V	V, major		V, major		V	-1	-1	-1	1	1	1	True	True	True
136.0	2.0	34.0	53	-1	F	0.0	3.0	3	4	4	3.0	1.0	1/8	True	-1	9.0	9.0	9.0	9a	3	34	False	True				False	35	I(9)	F	I		I(9)	I			9		M	False	False	(0, 4, 1)	(2,)	0	0	major	major	I	I, major	I		I	I	False	I	I, major		I(9), major		I	-1	-1	-1	0	0	0	True	True	True
136.0	2.0	34.0	53	-1	F	0.0	3.0	3	4	4	4.0	1.0	1/8	True	-1	9.0	9.0	9.0	9a	3	34	False	True				False	35	I(9)	F	I		I(9)	I			9		M	False	False	(0, 4, 1)	(2,)	0	0	major	major	I	I, major	I		I	I	False	I	I, major		I(9), major		I	-1	-1	-1	0	0	0	True	True	True
136.0	8.0	34.0	81	3	A	0.0	3.0	3	4	4	1.0	1.0	1/2	True	-1	9.0	9.0	9.0	9a	5	34	False	True				False	35	I(9)	F	I		I(9)	I			9		M	False	False	(0, 4, 1)	(2,)	0	0	major	major	I	I, major	I		I	I	False	I	I, major		I(9), major		I	-1	-1	-1	4	4	4	True	False	False
138.0	2.0	34.5	55	1	G	0.0	3.5	0	4	4	3.0	1.0	1/8	True	-1	9.0	9.0	9.0	9a	3	69/2	False	False				False	35	I(9)	F	I		I(9)	I			9		M	False	False	(0, 4, 1)	(2,)	0	0	major	major	I	I, major	I		I	I	False	I	I, major		I(9), major		I	-1	-1	-1	2	2	2	False	False	False
138.0	2.0	34.5	55	1	G	0.0	3.5	0	4	4	4.0	1.0	1/8	True	-1	9.0	9.0	9.0	9a	3	69/2	False	False				False	35	I(9)	F	I		I(9)	I			9		M	False	False	(0, 4, 1)	(2,)	0	0	major	major	I	I, major	I		I	I	False	I	I, major		I(9), major		I	-1	-1	-1	2	2	2	False	False	False
140.0	2.0	35.0	57	3	A	0.0	4.0	4	4	4	3.0	1.0	1/8	True	-1	9.0	9.0	9.0	9a	3	35	False	True				False	36	I	F	I		I	I					M	False	False	(0, 4, 1)	()	0	0	major	major	I	I, major	I		I	I	False	I	I, major		I, major		I	-1	-1	-1	4	4	4	True	False	False
140.0	2.0	35.0	57	3	A	0.0	4.0	4	4	4	4.0	1.0	1/8	True	-1	9.0	9.0	9.0	9a	3	35	False	True				False	36	I	F	I		I	I					M	False	False	(0, 4, 1)	()	0	0	major	major	I	I, major	I		I	I	False	I	I, major		I, major		I	-1	-1	-1	4	4	4	True	False	False
140.0	4.0	35.0	77	-1	F	0.0	4.0	4	4	4	2.0	1.0	1/4	True	-1	9.0	9.0	9.0	9a	5	35	False	True				False	36	I	F	I		I	I					M	False	False	(0, 4, 1)	()	0	0	major	major	I	I, major	I		I	I	False	I	I, major		I, major		I	-1	-1	-1	0	0	0	True	True	True
142.0	2.0	35.5	53	-1	F	0.0	4.5	0	4	4	3.0	1.0	1/8	True	-1	9.0	9.0	9.0	9a	3	71/2	False	False				False	36	I	F	I		I	I					M	False	False	(0, 4, 1)	()	0	0	major	major	I	I, major	I		I	I	False	I	I, major		I, major		I	-1	-1	-1	0	0	0	True	True	True
142.0	2.0	35.5	53	-1	F	0.0	4.5	0	4	4	4.0	1.0	1/8	True	-1	9.0	9.0	9.0	9a	3	71/2	False	False				False	36	I	F	I		I	I					M	False	False	(0, 4, 1)	()	0	0	major	major	I	I, major	I		I	I	False	I	I, major		I, major		I	-1	-1	-1	0	0	0	True	True	True
144.0	2.0	36.0	50	2	D	0.0	1.0	1	4	4	3.0	1.0	1/8	True	-1	10.0	10.0	10.0	10a	3	36	False	True				False	37	IVM65	F	I		IVM65	IV	M	65			MM7	False	False	(3, 0, 4, -1)	()	-1	3	major	major	I	I, major	IV		I	I	False	IVM65	IVM65, major		IVM65, major		IV	-1	-1	-1	3	3	3	True	False	True
144.0	2.0	36.0	50	2	D	0.0	1.0	1	4	4	4.0	1.0	1/8	True	-1	10.0	10.0	10.0	10a	3	36	False	True				False	37	IVM65	F	I		IVM65	IV	M	65			MM7	False	False	(3, 0, 4, -1)	()	-1	3	major	major	I	I, major	IV		I	I	False	IVM65	IVM65, major		IVM65, major		IV	-1	-1	-1	3	3	3	True	False	True
144.0	4.0	36.0	81	3	A	0.0	1.0	1	4	4	1.0	1.0	1/4	False	-1	10.0	10.0	10.0	10a	5	36	False	True				False	37	IVM65	F	I		IVM65	IV	M	65			MM7	False	False	(3, 0, 4, -1)	()	-1	3	major	major	I	I, major	IV		I	I	False	IVM65	IVM65, major		IVM65, major		IV	-1	-1	-1	4	4	4	True	False	False
144.0	8.0	36.0	82	-2	B	-1.0	1.0	1	4	4	2.0	1.0	1/2	True	-1	10.0	10.0	10.0	10a	5	36	False	True				False	37	IVM65	F	I		IVM65	IV	M	65			MM7	False	False	(3, 0, 4, -1)	()	-1	3	major	major	I	I, major	IV		I	I	False	IVM65	IVM65, major		IVM65, major		IV	-1	-1	-1	-1	-1	-1	True	True	False
146.0	2.0	36.5	50	2	D	0.0	1.5	0	4	4	3.0	1.0	1/8	True	-1	10.0	10.0	10.0	10a	3	73/2	False	False				False	37	IVM65	F	I		IVM65	IV	M	65			MM7	False	False	(3, 0, 4, -1)	()	-1	3	major	major	I	I, major	IV		I	I	False	IVM65	IVM65, major		IVM65, major		IV	-1	-1	-1	3	3	3	True	False	True
146.0	2.0	36.5	50	2	D	0.0	1.5	0	4	4	4.0	1.0	1/8	True	-1	10.0	10.0	10.0	10a	3	73/2	False	False				False	37	IVM65	F	I		IVM65	IV	M	65			MM7	False	False	(3, 0, 4, -1)	()	-1	3	major	major	I	I, major	IV		I	I	False	IVM65	IVM65, major		IVM65, major		IV	-1	-1	-1	3	3	3	True	False	True
148.0	2.0	37.0	52	4	E	0.0	2.0	2	4	4	3.0	1.0	1/8	True	-1	10.0	10.0	10.0	10a	3	37	False	True				False	38	V7	F	I		V7	V		7			Mm7	False	False	(1, 5, 2, -1)	()	1	1	major	major	I	I, major	V		I	I	False	V7	V7, major		V7, major		V	-1	-1	-1	5	5	5	True	False	False
148.0	2.0	37.0	52	4	E	0.0	2.0	2	4	4	4.0	1.0	1/8	True	-1	10.0	10.0	10.0	10a	3	37	False	True				False	38	V7	F	I		V7	V		7			Mm7	False	False	(1, 5, 2, -1)	()	1	1	major	major	I	I, major	V		I	I	False	V7	V7, major		V7, major		V	-1	-1	-1	5	5	5	True	False	False
148.0	8.0	37.0	79	1	G	0.0	2.0	2	4	4	1.0	1.0	1/2	True	-1	10.0	10.0	10.0	10a	5	37	False	True				False	38	V7	F	I		V7	V		7			Mm7	False	False	(1, 5, 2, -1)	()	1	1	major	major	I	I, major	V		I	I	False	V7	V7, major		V7, major		V	-1	-1	-1	2	2	2	True	False	False
150.0	2.0	37.5	48	0	C	0.0	2.5	0	4	4	3.0	1.0	1/8	True	-1	10.0	10.0	10.0	10a	3	75/2	False	False				False	38	V7	F	I		V7	V		7			Mm7	False	False	(1, 5, 2, -1)	()	1	1	major	major	I	I, major	V		I	I	False	V7	V7, major		V7, major		V	-1	-1	-1	1	1	1	True	True	True
150.0	2.0	37.5	48	0	C	0.0	2.5	0	4	4	4.0	1.0	1/8	True	-1	10.0	10.0	10.0	10a	3	75/2	False	False				False	38	V7	F	I		V7	V		7			Mm7	False	False	(1, 5, 2, -1)	()	1	1	major	major	I	I, major	V		I	I	False	V7	V7, major		V7, major		V	-1	-1	-1	1	1	1	True	True	True
152.0	2.0	38.0	53	-1	F	0.0	3.0	3	4	4	3.0	1.0	1/8	True	-1	10.0	10.0	10.0	10a	3	38	False	True				False	39	I(9)	F	I		I(9)	I			9		M	False	False	(0, 4, 1)	(2,)	0	0	major	major	I	I, major	I		I	I	False	I	I, major		I(9), major		I	-1	-1	-1	0	0	0	True	True	True
152.0	2.0	38.0	53	-1	F	0.0	3.0	3	4	4	4.0	1.0	1/8	True	-1	10.0	10.0	10.0	10a	3	38	False	True				False	39	I(9)	F	I		I(9)	I			9		M	False	False	(0, 4, 1)	(2,)	0	0	major	major	I	I, major	I		I	I	False	I	I, major		I(9), major		I	-1	-1	-1	0	0	0	True	True	True
152.0	8.0	38.0	81	3	A	0.0	3.0	3	4	4	2.0	1.0	1/2	True	-1	10.0	10.0	10.0	10a	5	38	False	True				False	39	I(9)	F	I		I(9)	I			9		M	False	False	(0, 4, 1)	(2,)	0	0	major	major	I	I, major	I		I	I	False	I	I, major		I(9), major		I	-1	-1	-1	4	4	4	True	False	False
154.0	2.0	38.5	55	1	G	0.0	3.5	0	4	4	3.0	1.0	1/8	True	-1	10.0	10.0	10.0	10a	3	77/2	False	False				False	39	I(9)	F	I		I(9)	I			9		M	False	False	(0, 4, 1)	(2,)	0	0	major	major	I	I, major	I		I	I	False	I	I, major		I(9), major		I	-1	-1	-1	2	2	2	False	False	False
154.0	2.0	38.5	55	1	G	0.0	3.5	0	4	4	4.0	1.0	1/8	True	-1	10.0	10.0	10.0	10a	3	77/2	False	False				False	39	I(9)	F	I		I(9)	I			9		M	False	False	(0, 4, 1)	(2,)	0	0	major	major	I	I, major	I		I	I	False	I	I, major		I(9), major		I	-1	-1	-1	2	2	2	False	False	False
156.0	2.0	39.0	57	3	A	0.0	4.0	4	4	4	3.0	1.0	1/8	True	-1	10.0	10.0	10.0	10a	3	39	False	True				False	40	I6	F	I		I6	I		6			M	False	False	(4, 1, 0)	()	0	4	major	major	I	I, major	I		I	I	False	I6	I6, major		I6, major		I	-1	-1	-1	4	4	4	True	False	True
156.0	2.0	39.0	57	3	A	0.0	4.0	4	4	4	4.0	1.0	1/8	True	-1	10.0	10.0	10.0	10a	3	39	False	True				False	40	I6	F	I		I6	I		6			M	False	False	(4, 1, 0)	()	0	4	major	major	I	I, major	I		I	I	False	I6	I6, major		I6, major		I	-1	-1	-1	4	4	4	True	False	True
156.0	4.0	39.0	77	-1	F	0.0	4.0	4	4	4	1.0	1.0	1/4	True	-1	10.0	10.0	10.0	10a	5	39	False	True				False	40	I6	F	I		I6	I		6			M	False	False	(4, 1, 0)	()	0	4	major	major	I	I, major	I		I	I	False	I6	I6, major		I6, major		I	-1	-1	-1	0	0	0	True	True	False
158.0	2.0	39.5	45	3	A	0.0	4.5	0	4	4	3.0	1.0	1/8	True	-1	10.0	10.0	10.0	10a	2	79/2	False	False				False	40	I6	F	I		I6	I		6			M	False	False	(4, 1, 0)	()	0	4	major	major	I	I, major	I		I	I	False	I6	I6, major		I6, major		I	-1	-1	-1	4	4	4	True	False	True
158.0	2.0	39.5	45	3	A	0.0	4.5	0	4	4	4.0	1.0	1/8	True	-1	10.0	10.0	10.0	10a	2	79/2	False	False				False	40	I6	F	I		I6	I		6			M	False	False	(4, 1, 0)	()	0	4	major	major	I	I, major	I		I	I	False	I6	I6, major		I6, major		I	-1	-1	-1	4	4	4	True	False	True
160.0	4.0	40.0	47	5	B	0.0	1.0	1	4	4	3.0	1.0	1/4	True	-1	11.0	11.0	11.0	11a	2	40	False	True				False	41	vi.IV65	F	vi		IV65	IV		65			Mm7	False	True	(3, 0, -3, -1)	()	-1	3	major	minor	vi	vi, major	IV		vi	vi	True	IV65	IV65, minor		IV65, minor		IV	-1	2	2	6	3	3	True	False	True
160.0	4.0	40.0	47	5	B	0.0	1.0	1	4	4	4.0	1.0	1/4	True	-1	11.0	11.0	11.0	11a	2	40	False	True				False	41	vi.IV65	F	vi		IV65	IV		65			Mm7	False	True	(3, 0, -3, -1)	()	-1	3	major	minor	vi	vi, major	IV		vi	vi	True	IV65	IV65, minor		IV65, minor		IV	-1	2	2	6	3	3	True	False	True
160.0	4.0	40.0	77	-1	F	0.0	1.0	1	4	4	1.0	1.0	1/4	False	-1	11.0	11.0	11.0	11a	5	40	False	True				False	41	vi.IV65	F	vi		IV65	IV		65			Mm7	False	True	(3, 0, -3, -1)	()	-1	3	major	minor	vi	vi, major	IV		vi	vi	True	IV65	IV65, minor		IV65, minor		IV	-1	2	2	0	-3	-3	True	False	False
160.0	8.0	40.0	79	1	G	0.0	1.0	1	4	4	2.0	1.0	1/2	True	-1	11.0	11.0	11.0	11a	5	40	False	True				False	41	vi.IV65	F	vi		IV65	IV		65			Mm7	False	True	(3, 0, -3, -1)	()	-1	3	major	minor	vi	vi, major	IV		vi	vi	True	IV65	IV65, minor		IV65, minor		IV	-1	2	2	2	-1	-1	True	True	False
164.0	4.0	41.0	49	7	C	1.0	2.0	2	4	4	3.0	1.0	1/4	True	-1	11.0	11.0	11.0	11a	3	41	False	True				False	42	V65	F	vi		V65	V		65			Mm7	False	True	(5, 2, -1, 1)	()	1	5	major	minor	vi	vi, major	V		vi	vi	True	V65	V65, minor		V65, minor		V	-1	2	2	8	5	5	True	False	True
164.0	4.0	41.0	49	7	C	1.0	2.0	2	4	4	4.0	1.0	1/4	True	-1	11.0	11.0	11.0	11a	3	41	False	True				False	42	V65	F	vi		V65	V		65			Mm7	False	True	(5, 2, -1, 1)	()	1	5	major	minor	vi	vi, major	V		vi	vi	True	V65	V65, minor		V65, minor		V	-1	2	2	8	5	5	True	False	True
164.0	6.0	41.0	76	4	E	0.0	2.0	2	4	4	1.0	1.0	3/8	True	-1	11.0	11.0	11.0	11a	5	41	False	True				False	42	V65	F	vi		V65	V		65			Mm7	False	True	(5, 2, -1, 1)	()	1	5	major	minor	vi	vi, major	V		vi	vi	True	V65	V65, minor		V65, minor		V	-1	2	2	5	2	2	True	False	False
168.0	6.0	42.0	50	2	D	0.0	3.0	3	4	4	3.0	1.0	3/8	True	-1	11.0	11.0	11.0	11a	3	42	False	True				False	43	i(9)	F	vi		i(9)	i			9		m	False	True	(0, -3, 1)	(2,)	0	0	major	minor	vi	vi, major	i		vi	vi	True	i	i, minor		i(9), minor		i	-1	2	2	3	0	0	True	True	True
168.0	6.0	42.0	50	2	D	0.0	3.0	3	4	4	4.0	1.0	3/8	True	-1	11.0	11.0	11.0	11a	3	42	False	True				False	43	i(9)	F	vi		i(9)	i			9		m	False	True	(0, -3, 1)	(2,)	0	0	major	minor	vi	vi, major	i		vi	vi	True	i	i, minor		i(9), minor		i	-1	2	2	3	0	0	True	True	True
168.0	6.0	42.0	77	-1	F	0.0	3.0	3	4	4	2.0	1.0	3/8	True	-1	11.0	11.0	11.0	11a	5	42	False	True				False	43	i(9)	F	vi		i(9)	i			9		m	False	True	(0, -3, 1)	(2,)	0	0	major	minor	vi	vi, major	i		vi	vi	True	i	i, minor		i(9), minor		i	-1	2	2	0	-3	-3	True	False	False
170.0	2.0	42.5	69	3	A	0.0	3.5	0	4	4	1.0	1.0	1/8	True	-1	11.0	11.0	11.0	11a	4	85/2	False	False				False	43	i(9)	F	vi		i(9)	i			9		m	False	True	(0, -3, 1)	(2,)	0	0	major	minor	vi	vi, major	i		vi	vi	True	i	i, minor		i(9), minor		i	-1	2	2	4	1	1	True	False	False
172.0	4.0	43.0	74	2	D	0.0	4.0	4	4	4	1.0	1.0	1/4	True	-1	11.0	11.0	11.0	11a	5	43	False	True				False	44	i	F	vi		i	i					m	False	True	(0, -3, 1)	()	0	0	major	minor	vi	vi, major	i		vi	vi	True	i	i, minor		i, minor		i	-1	2	2	3	0	0	True	True	True
174.0	2.0	43.5	53	-1	F	0.0	4.5	0	4	4	3.0	1.0	1/8	True	-1	11.0	11.0	11.0	11a	3	87/2	False	True				False	45	i6	F	vi		i6	i		6			m	False	True	(-3, 1, 0)	()	0	-3	major	minor	vi	vi, major	i		vi	vi	True	i6	i6, minor		i6, minor		i	-1	2	2	0	-3	-3	True	False	True
174.0	2.0	43.5	53	-1	F	0.0	4.5	0	4	4	4.0	1.0	1/8	True	-1	11.0	11.0	11.0	11a	3	87/2	False	True				False	45	i6	F	vi		i6	i		6			m	False	True	(-3, 1, 0)	()	0	-3	major	minor	vi	vi, major	i		vi	vi	True	i6	i6, minor		i6, minor		i	-1	2	2	0	-3	-3	True	False	True
174.0	2.0	43.5	81	3	A	0.0	4.5	0	4	4	2.0	1.0	1/8	True	-1	11.0	11.0	11.0	11a	5	87/2	False	True				False	45	i6	F	vi		i6	i		6			m	False	True	(-3, 1, 0)	()	0	-3	major	minor	vi	vi, major	i		vi	vi	True	i6	i6, minor		i6, minor		i	-1	2	2	4	1	1	True	False	False
176.0	2.0	44.0	55	1	G	0.0	1.0	1	4	4	3.0	1.0	1/8	True	-1	12.0	12.0	12.0	12a	3	44	False	True				False	46	ii%65	F	vi		ii%65	ii	%	65			%7	False	True	(-1, -4, 0, 2)	()	2	-1	major	minor	vi	vi, major	ii		vi	vi	True	ii%65	ii%65, minor		ii%65, minor		ii	-1	2	2	2	-1	-1	True	False	True
176.0	2.0	44.0	55	1	G	0.0	1.0	1	4	4	4.0	1.0	1/8	True	-1	12.0	12.0	12.0	12a	3	44	False	True				False	46	ii%65	F	vi		ii%65	ii	%	65			%7	False	True	(-1, -4, 0, 2)	()	2	-1	major	minor	vi	vi, major	ii		vi	vi	True	ii%65	ii%65, minor		ii%65, minor		ii	-1	2	2	2	-1	-1	True	False	True
176.0	4.0	44.0	74	2	D	0.0	1.0	1	4	4	1.0	1.0	1/4	False	-1	12.0	12.0	12.0	12a	5	44	False	True				False	46	ii%65	F	vi		ii%65	ii	%	65			%7	False	True	(-1, -4, 0, 2)	()	2	-1	major	minor	vi	vi, major	ii		vi	vi	True	ii%65	ii%65, minor		ii%65, minor		ii	-1	2	2	3	0	0	True	False	False
176.0	2.0	44.0	82	-2	B	-1.0	1.0	1	4	4	2.0	1.0	1/8	True	-1	12.0	12.0	12.0	12a	5	44	False	True				False	46	ii%65	F	vi		ii%65	ii	%	65			%7	False	True	(-1, -4, 0, 2)	()	2	-1	major	minor	vi	vi, major	ii		vi	vi	True	ii%65	ii%65, minor		ii%65, minor		ii	-1	2	2	-1	-4	-4	True	False	False
178.0	2.0	44.5	52	4	E	0.0	1.5	0	4	4	3.0	1.0	1/8	True	-1	12.0	12.0	12.0	12a	3	89/2	False	False				False	46	ii%65	F	vi		ii%65	ii	%	65			%7	False	True	(-1, -4, 0, 2)	()	2	-1	major	minor	vi	vi, major	ii		vi	vi	True	ii%65	ii%65, minor		ii%65, minor		ii	-1	2	2	5	2	2	True	True	False
178.0	2.0	44.5	52	4	E	0.0	1.5	0	4	4	4.0	1.0	1/8	True	-1	12.0	12.0	12.0	12a	3	89/2	False	False				False	46	ii%65	F	vi		ii%65	ii	%	65			%7	False	True	(-1, -4, 0, 2)	()	2	-1	major	minor	vi	vi, major	ii		vi	vi	True	ii%65	ii%65, minor		ii%65, minor		ii	-1	2	2	5	2	2	True	True	False
178.0	2.0	44.5	76	4	E	0.0	1.5	0	4	4	2.0	1.0	1/8	True	-1	12.0	12.0	12.0	12a	5	89/2	False	False				False	46	ii%65	F	vi		ii%65	ii	%	65			%7	False	True	(-1, -4, 0, 2)	()	2	-1	major	minor	vi	vi, major	ii		vi	vi	True	ii%65	ii%65, minor		ii%65, minor		ii	-1	2	2	5	2	2	True	True	False
180.0	2.0	45.0	57	3	A	0.0	2.0	2	4	4	3.0	1.0	1/8	True	-1	12.0	12.0	12.0	12a	3	45	False	True				False	47	V(4)	F	vi		V(4)	V			4		M	False	True	(1, 0, 2)	()	1	1	major	minor	vi	vi, major	V		vi	vi	True	V	V, minor		V(4), minor		V	-1	2	2	4	1	1	True	True	True
180.0	2.0	45.0	57	3	A	0.0	2.0	2	4	4	4.0	1.0	1/8	True	-1	12.0	12.0	12.0	12a	3	45	False	True				False	47	V(4)	F	vi		V(4)	V			4		M	False	True	(1, 0, 2)	()	1	1	major	minor	vi	vi, major	V		vi	vi	True	V	V, minor		V(4), minor		V	-1	2	2	4	1	1	True	True	True
180.0	3.0	45.0	74	2	D	0.0	2.0	2	4	4	1.0	1.0	3/16	True	-1	12.0	12.0	12.0	12a	5	45	False	True				False	47	V(4)	F	vi		V(4)	V			4		M	False	True	(1, 0, 2)	()	1	1	major	minor	vi	vi, major	V		vi	vi	True	V	V, minor		V(4), minor		V	-1	2	2	3	0	0	True	False	False
180.0	4.0	45.0	76	4	E	0.0	2.0	2	4	4	2.0	1.0	1/4	True	-1	12.0	12.0	12.0	12a	5	45	False	True				False	47	V(4)	F	vi		V(4)	V			4		M	False	True	(1, 0, 2)	()	1	1	major	minor	vi	vi, major	V		vi	vi	True	V	V, minor		V(4), minor		V	-1	2	2	5	2	2	True	False	False
182.0	2.0	45.5	45	3	A	0.0	2.5	0	4	4	3.0	1.0	1/8	True	-1	12.0	12.0	12.0	12a	2	91/2	False	True				False	48	V	F	vi		V	V					M	False	True	(1, 5, 2)	()	1	1	major	minor	vi	vi, major	V		vi	vi	True	V	V, minor		V, minor		V	-1	2	2	4	1	1	True	True	True
182.0	2.0	45.5	45	3	A	0.0	2.5	0	4	4	4.0	1.0	1/8	True	-1	12.0	12.0	12.0	12a	2	91/2	False	True				False	48	V	F	vi		V	V					M	False	True	(1, 5, 2)	()	1	1	major	minor	vi	vi, major	V		vi	vi	True	V	V, minor		V, minor		V	-1	2	2	4	1	1	True	True	True
183.0	1.0	45.75	73	7	C	1.0	2.75	0	4	4	1.0	1.0	1/16	True	-1	12.0	12.0	12.0	12a	5	183/4	False	False				False	48	V	F	vi		V	V					M	False	True	(1, 5, 2)	()	1	1	major	minor	vi	vi, major	V		vi	vi	True	V	V, minor		V, minor		V	-1	2	2	8	5	5	True	False	False
184.0	4.0	46.0	50	2	D	0.0	3.0	3	4	4	3.0	1.0	1/4	True	-1	12.0	12.0	12.0	12a	3	46	False	True	PAC	PAC	}	True	49	i|PAC}	F	vi		i	i					m	False	True	(0, -3, 1)	()	0	0	major	minor	vi	vi, major	i		vi	vi	True	i	i, minor		i, minor		i	-1	2	2	3	0	0	True	True	True
184.0	4.0	46.0	50	2	D	0.0	3.0	3	4	4	4.0	1.0	1/4	True	-1	12.0	12.0	12.0	12a	3	46	False	True	PAC	PAC	}	True	49	i|PAC}	F	vi		i	i					m	False	True	(0, -3, 1)	()	0	0	major	minor	vi	vi, major	i		vi	vi	True	i	i, minor		i, minor		i	-1	2	2	3	0	0	True	True	True
184.0	4.0	46.0	74	2	D	0.0	3.0	3	4	4	1.0	1.0	1/4	True	-1	12.0	12.0	12.0	12a	5	46	False	True	PAC	PAC	}	True	49	i|PAC}	F	vi		i	i					m	False	True	(0, -3, 1)	()	0	0	major	minor	vi	vi, major	i		vi	vi	True	i	i, minor		i, minor		i	-1	2	2	3	0	0	True	True	True
184.0	8.0	46.0	74	2	D	0.0	3.0	3	4	4	2.0	1.0	1/2	True	-1	12.0	12.0	12.0	12a	5	46	False	True	PAC	PAC	}	True	49	i|PAC}	F	vi		i	i					m	False	True	(0, -3, 1)	()	0	0	major	minor	vi	vi, major	i		vi	vi	True	i	i, minor		i, minor		i	-1	2	2	3	0	0	True	True	True
188.0	4.0	47.0	70	-2	B	-1.0	4.0	4	4	4	1.0	1.0	1/4	True	-1	12.0	12.0	12.0	12a	4	47	False	True			{	False	50	I.IV6{	F	I		IV6	IV		6			M	False	False	(3, 0, -1)	()	-1	3	major	major	I	I, major	IV		I	I	False	IV6	IV6, major		IV6, major		IV	-1	-1	-1	-1	-1	-1	True	True	False
192.0	6.0	48.0	53	-1	F	0.0	1.0	1	4	4	3.0	1.0	3/8	True	-1	13.0	13.0	13.0	13a	3	48	False	True				False	51	I(4)	F	I		I(4)	I			4		M	False	False	(0, -1, 1)	()	0	0	major	major	I	I, major	I		I	I	False	I	I, major		I(4), major		I	-1	-1	-1	0	0	0	True	True	True
192.0	6.0	48.0	53	-1	F	0.0	1.0	1	4	4	4.0	1.0	3/8	True	-1	13.0	13.0	13.0	13a	3	48	False	True				False	51	I(4)	F	I		I(4)	I			4		M	False	False	(0, -1, 1)	()	0	0	major	major	I	I, major	I		I	I	False	I	I, major		I(4), major		I	-1	-1	-1	0	0	0	True	True	True
192.0	4.0	48.0	70	-2	B	-1.0	1.0	1	4	4	1.0	1.0	1/4	False	-1	13.0	13.0	13.0	13a	4	48	False	True				False	51	I(4)	F	I		I(4)	I			4		M	False	False	(0, -1, 1)	()	0	0	major	major	I	I, major	I		I	I	False	I	I, major		I(4), major		I	-1	-1	-1	-1	-1	-1	True	False	False
192.0	6.0	48.0	72	0	C	0.0	1.0	1	4	4	2.0	1.0	3/8	True	-1	13.0	13.0	13.0	13a	5	48	False	True				False	51	I(4)	F	I		I(4)	I			4		M	False	False	(0, -1, 1)	()	0	0	major	major	I	I, major	I		I	I	False	I	I, major		I(4), major		I	-1	-1	-1	1	1	1	True	False	False
196.0	8.0	49.0	69	3	A	0.0	2.0	2	4	4	1.0	1.0	1/2	True	-1	13.0	13.0	13.0	13a	4	49	False	True				False	52	I	F	I		I	I					M	False	False	(0, 4, 1)	()	0	0	major	major	I	I, major	I		I	I	False	I	I, major		I, major		I	-1	-1	-1	4	4	4	True	False	False
198.0	2.0	49.5	53	-1	F	0.0	2.5	0	4	4	3.0	1.0	1/8	True	-1	13.0	13.0	13.0	13a	3	99/2	False	False				False	52	I	F	I		I	I					M	False	False	(0, 4, 1)	()	0	0	major	major	I	I, major	I		I	I	False	I	I, major		I, major		I	-1	-1	-1	0	0	0	True	True	True
198.0	2.0	49.5	53	-1	F	0.0	2.5	0	4	4	4.0	1.0	1/8	True	-1	13.0	13.0	13.0	13a	3	99/2	False	False				False	52	I	F	I		I	I					M	False	False	(0, 4, 1)	()	0	0	major	major	I	I, major	I		I	I	False	I	I, major		I, major		I	-1	-1	-1	0	0	0	True	True	True
198.0	2.0	49.5	72	0	C	0.0	2.5	0	4	4	2.0	1.0	1/8	True	-1	13.0	13.0	13.0	13a	5	99/2	False	False				False	52	I	F	I		I	I					M	False	False	(0, 4, 1)	()	0	0	major	major	I	I, major	I		I	I	False	I	I, major		I, major		I	-1	-1	-1	1	1	1	True	False	False
200.0	6.0	50.0	46	-2	B	-1.0	3.0	3	4	4	3.0	1.0	3/8	True	-1	13.0	13.0	13.0	13a	2	50	False	True				False	53	ii6(2)	F	I		ii6(2)	ii		6	2		m	False	False	(-1, 3, 4)	()	2	-1	major	major	I	I, major	ii		I	I	False	ii6	ii6, major		ii6(2), major		ii	-1	-1	-1	-1	-1	-1	True	False	True
200.0	6.0	50.0	46	-2	B	-1.0	3.0	3	4	4	4.0	1.0	3/8	True	-1	13.0	13.0	13.0	13a	2	50	False	True				False	53	ii6(2)	F	I		ii6(2)	ii		6	2		m	False	False	(-1, 3, 4)	()	2	-1	major	major	I	I, major	ii		I	I	False	ii6	ii6, major		ii6(2), major		ii	-1	-1	-1	-1	-1	-1	True	False	True
200.0	2.0	50.0	74	2	D	0.0	3.0	3	4	4	2.0	1.0	1/8	True	-1	13.0	13.0	13.0	13a	5	50	False	True				False	53	ii6(2)	F	I		ii6(2)	ii		6	2		m	False	False	(-1, 3, 4)	()	2	-1	major	major	I	I, major	ii		I	I	False	ii6	ii6, major		ii6(2), major		ii	-1	-1	-1	3	3	3	True	False	False
202.0	2.0	50.5	72	0	C	0.0	3.5	0	4	4	2.0	1.0	1/8	True	-1	13.0	13.0	13.0	13a	5	101/2	False	False				False	53	ii6(2)	F	I		ii6(2)	ii		6	2		m	False	False	(-1, 3, 4)	()	2	-1	major	major	I	I, major	ii		I	I	False	ii6	ii6, major		ii6(2), major		ii	-1	-1	-1	1	1	1	False	False	False
204.0	2.0	51.0	67	1	G	0.0	4.0	4	4	4	1.0	1.0	1/8	True	-1	13.0	13.0	13.0	13a	4	51	False	True				False	54	ii6	F	I		ii6	ii		6			m	False	False	(-1, 3, 2)	()	2	-1	major	major	I	I, major	ii		I	I	False	ii6	ii6, major		ii6, major		ii	-1	-1	-1	2	2	2	True	True	False
204.0	2.0	51.0	70	-2	B	-1.0	4.0	4	4	4	2.0	1.0	1/8	True	-1	13.0	13.0	13.0	13a	4	51	False	True				False	54	ii6	F	I		ii6	ii		6			m	False	False	(-1, 3, 2)	()	2	-1	major	major	I	I, major	ii		I	I	False	ii6	ii6, major		ii6, major		ii	-1	-1	-1	-1	-1	-1	True	False	True
206.0	2.0	51.5	46	-2	B	-1.0	4.5	0	4	4	3.0	1.0	1/8	True	-1	13.0	13.0	13.0	13a	2	103/2	False	False				False	54	ii6	F	I		ii6	ii		6			m	False	False	(-1, 3, 2)	()	2	-1	major	major	I	I, major	ii		I	I	False	ii6	ii6, major		ii6, major		ii	-1	-1	-1	-1	-1	-1	True	False	True
206.0	2.0	51.5	46	-2	B	-1.0	4.5	0	4	4	4.0	1.0	1/8	True	-1	13.0	13.0	13.0	13a	2	103/2	False	False				False	54	ii6	F	I		ii6	ii		6			m	False	False	(-1, 3, 2)	()	2	-1	major	major	I	I, major	ii		I	I	False	ii6	ii6, major		ii6, major		ii	-1	-1	-1	-1	-1	-1	True	False	True
206.0	2.0	51.5	65	-1	F	0.0	4.5	0	4	4	1.0	1.0	1/8	True	-1	13.0	13.0	13.0	13a	4	103/2	False	False				False	54	ii6	F	I		ii6	ii		6			m	False	False	(-1, 3, 2)	()	2	-1	major	major	I	I, major	ii		I	I	False	ii6	ii6, major		ii6, major		ii	-1	-1	-1	0	0	0	False	False	False
206.0	2.0	51.5	69	3	A	0.0	4.5	0	4	4	2.0	1.0	1/8	True	-1	13.0	13.0	13.0	13a	4	103/2	False	False				False	54	ii6	F	I		ii6	ii		6			m	False	False	(-1, 3, 2)	()	2	-1	major	major	I	I, major	ii		I	I	False	ii6	ii6, major		ii6, major		ii	-1	-1	-1	4	4	4	False	False	False
208.0	6.0	52.0	48	0	C	0.0	1.0	1	4	4	3.0	1.0	3/8	True	-1	14.0	14.0	14.0	14a	3	52	False	True				False	55	V	F	I		V	V					M	False	False	(1, 5, 2)	()	1	1	major	major	I	I, major	V		I	I	False	V	V, major		V, major		V	-1	-1	-1	1	1	1	True	True	True
208.0	6.0	52.0	48	0	C	0.0	1.0	1	4	4	4.0	1.0	3/8	True	-1	14.0	14.0	14.0	14a	3	52	False	True				False	55	V	F	I		V	V					M	False	False	(1, 5, 2)	()	1	1	major	major	I	I, major	V		I	I	False	V	V, major		V, major		V	-1	-1	-1	1	1	1	True	True	True
208.0	2.0	52.0	64	4	E	0.0	1.0	1	4	4	1.0	1.0	1/8	True	-1	14.0	14.0	14.0	14a	4	52	False	True				False	55	V	F	I		V	V					M	False	False	(1, 5, 2)	()	1	1	major	major	I	I, major	V		I	I	False	V	V, major		V, major		V	-1	-1	-1	5	5	5	True	False	False
208.0	4.0	52.0	67	1	G	0.0	1.0	1	4	4	2.0	1.0	1/4	True	-1	14.0	14.0	14.0	14a	4	52	False	True				False	55	V	F	I		V	V					M	False	False	(1, 5, 2)	()	1	1	major	major	I	I, major	V		I	I	False	V	V, major		V, major		V	-1	-1	-1	2	2	2	True	False	False
210.0	2.0	52.5	60	0	C	0.0	1.5	0	4	4	1.0	1.0	1/8	True	-1	14.0	14.0	14.0	14a	4	105/2	False	False				False	55	V	F	I		V	V					M	False	False	(1, 5, 2)	()	1	1	major	major	I	I, major	V		I	I	False	V	V, major		V, major		V	-1	-1	-1	1	1	1	True	True	True
212.0	8.0	53.0	84	0	C	0.0	2.0	2	4	4	1.0	1.0	1/2	True	-1	14.0	14.0	14.0	14a	6	53	False	False				False	55	V	F	I		V	V					M	False	False	(1, 5, 2)	()	1	1	major	major	I	I, major	V		I	I	False	V	V, major		V, major		V	-1	-1	-1	1	1	1	True	True	True
214.0	2.0	53.5	48	0	C	0.0	2.5	0	4	4	3.0	1.0	1/8	True	-1	14.0	14.0	14.0	14a	3	107/2	False	False				False	55	V	F	I		V	V					M	False	False	(1, 5, 2)	()	1	1	major	major	I	I, major	V		I	I	False	V	V, major		V, major		V	-1	-1	-1	1	1	1	True	True	True
214.0	2.0	53.5	48	0	C	0.0	2.5	0	4	4	4.0	1.0	1/8	True	-1	14.0	14.0	14.0	14a	3	107/2	False	False				False	55	V	F	I		V	V					M	False	False	(1, 5, 2)	()	1	1	major	major	I	I, major	V		I	I	False	V	V, major		V, major		V	-1	-1	-1	1	1	1	True	True	True
214.0	2.0	53.5	76	4	E	0.0	2.5	0	4	4	2.0	1.0	1/8	True	-1	14.0	14.0	14.0	14a	5	107/2	False	False				False	55	V	F	I		V	V					M	False	False	(1, 5, 2)	()	1	1	major	major	I	I, major	V		I	I	False	V	V, major		V, major		V	-1	-1	-1	5	5	5	True	False	False
216.0	4.0	54.0	50	2	D	0.0	3.0	3	4	4	3.0	1.0	1/4	True	-1	14.0	14.0	14.0	14a	3	54	False	True				False	56	IV6(2)	F	I		IV6(2)	IV		6	2		M	False	False	(3, 0, 1)	()	-1	3	major	major	I	I, major	IV		I	I	False	IV6	IV6, major		IV6(2), major		IV	-1	-1	-1	3	3	3	True	False	True
216.0	4.0	54.0	50	2	D	0.0	3.0	3	4	4	4.0	1.0	1/4	True	-1	14.0	14.0	14.0	14a	3	54	False	True				False	56	IV6(2)	F	I		IV6(2)	IV		6	2		M	False	False	(3, 0, 1)	()	-1	3	major	major	I	I, major	IV		I	I	False	IV6	IV6, major		IV6(2), major		IV	-1	-1	-1	3	3	3	True	False	True
216.0	4.0	54.0	77	-1	F	0.0	3.0	3	4	4	2.0	1.0	1/4	True	-1	14.0	14.0	14.0	14a	5	54	False	True				False	56	IV6(2)	F	I		IV6(2)	IV		6	2		M	False	False	(3, 0, 1)	()	-1	3	major	major	I	I, major	IV		I	I	False	IV6	IV6, major		IV6(2), major		IV	-1	-1	-1	0	0	0	True	False	False
220.0	4.0	55.0	52	4	E	0.0	4.0	4	4	4	3.0	1.0	1/4	True	-1	14.0	14.0	14.0	14a	3	55	False	True				False	57	V65	F	I		V65	V		65			Mm7	False	False	(5, 2, -1, 1)	()	1	5	major	major	I	I, major	V		I	I	False	V65	V65, major		V65, major		V	-1	-1	-1	5	5	5	True	False	True
220.0	4.0	55.0	52	4	E	0.0	4.0	4	4	4	4.0	1.0	1/4	True	-1	14.0	14.0	14.0	14a	3	55	False	True				False	57	V65	F	I		V65	V		65			Mm7	False	False	(5, 2, -1, 1)	()	1	5	major	major	I	I, major	V		I	I	False	V65	V65, major		V65, major		V	-1	-1	-1	5	5	5	True	False	True
220.0	4.0	55.0	79	1	G	0.0	4.0	4	4	4	2.0	1.0	1/4	True	-1	14.0	14.0	14.0	14a	5	55	False	True				False	57	V65	F	I		V65	V		65			Mm7	False	False	(5, 2, -1, 1)	()	1	5	major	major	I	I, major	V		I	I	False	V65	V65, major		V65, major		V	-1	-1	-1	2	2	2	True	False	False
220.0	4.0	55.0	82	-2	B	-1.0	4.0	4	4	4	1.0	1.0	1/4	True	-1	14.0	14.0	14.0	14a	5	55	False	True				False	57	V65	F	I		V65	V		65			Mm7	False	False	(5, 2, -1, 1)	()	1	5	major	major	I	I, major	V		I	I	False	V65	V65, major		V65, major		V	-1	-1	-1	-1	-1	-1	True	False	False
224.0	2.0	56.0	53	-1	F	0.0	1.0	1	4	4	3.0	1.0	1/8	True	-1	15.0	15.0	15.0	15a	3	56	False	True				False	58	I(4)	F	I		I(4)	I			4		M	False	False	(0, -1, 1)	()	0	0	major	major	I	I, major	I		I	I	False	I	I, major		I(4), major		I	-1	-1	-1	0	0	0	True	True	True
224.0	2.0	56.0	53	-1	F	0.0	1.0	1	4	4	4.0	1.0	1/8	True	-1	15.0	15.0	15.0	15a	3	56	False	True				False	58	I(4)	F	I		I(4)	I			4		M	False	False	(0, -1, 1)	()	0	0	major	major	I	I, major	I		I	I	False	I	I, major		I(4), major		I	-1	-1	-1	0	0	0	True	True	True
224.0	4.0	56.0	72	0	C	0.0	1.0	1	4	4	2.0	1.0	1/4	True	-1	15.0	15.0	15.0	15a	5	56	False	True				False	58	I(4)	F	I		I(4)	I			4		M	False	False	(0, -1, 1)	()	0	0	major	major	I	I, major	I		I	I	False	I	I, major		I(4), major		I	-1	-1	-1	1	1	1	True	False	False
224.0	4.0	56.0	82	-2	B	-1.0	1.0	1	4	4	1.0	1.0	1/4	False	-1	15.0	15.0	15.0	15a	5	56	False	True				False	58	I(4)	F	I		I(4)	I			4		M	False	False	(0, -1, 1)	()	0	0	major	major	I	I, major	I		I	I	False	I	I, major		I(4), major		I	-1	-1	-1	-1	-1	-1	True	False	False
226.0	2.0	56.5	55	1	G	0.0	1.5	0	4	4	3.0	1.0	1/8	True	-1	15.0	15.0	15.0	15a	3	113/2	False	False				False	58	I(4)	F	I		I(4)	I			4		M	False	False	(0, -1, 1)	()	0	0	major	major	I	I, major	I		I	I	False	I	I, major		I(4), major		I	-1	-1	-1	2	2	2	False	False	False
226.0	2.0	56.5	55	1	G	0.0	1.5	0	4	4	4.0	1.0	1/8	True	-1	15.0	15.0	15.0	15a	3	113/2	False	False				False	58	I(4)	F	I		I(4)	I			4		M	False	False	(0, -1, 1)	()	0	0	major	major	I	I, major	I		I	I	False	I	I, major		I(4), major		I	-1	-1	-1	2	2	2	False	False	False
228.0	2.0	57.0	57	3	A	0.0	2.0	2	4	4	3.0	1.0	1/8	True	-1	15.0	15.0	15.0	15a	3	57	False	True				False	59	I6	F	I		I6	I		6			M	False	False	(4, 1, 0)	()	0	4	major	major	I	I, major	I		I	I	False	I6	I6, major		I6, major		I	-1	-1	-1	4	4	4	True	False	True
228.0	2.0	57.0	57	3	A	0.0	2.0	2	4	4	4.0	1.0	1/8	True	-1	15.0	15.0	15.0	15a	3	57	False	True				False	59	I6	F	I		I6	I		6			M	False	False	(4, 1, 0)	()	0	4	major	major	I	I, major	I		I	I	False	I6	I6, major		I6, major		I	-1	-1	-1	4	4	4	True	False	True
228.0	4.0	57.0	81	3	A	0.0	2.0	2	4	4	1.0	1.0	1/4	True	-1	15.0	15.0	15.0	15a	5	57	False	True				False	59	I6	F	I		I6	I		6			M	False	False	(4, 1, 0)	()	0	4	major	major	I	I, major	I		I	I	False	I6	I6, major		I6, major		I	-1	-1	-1	4	4	4	True	False	True
228.0	8.0	57.0	84	0	C	0.0	2.0	2	4	4	2.0	1.0	1/2	True	-1	15.0	15.0	15.0	15a	6	57	False	True				False	59	I6	F	I		I6	I		6			M	False	False	(4, 1, 0)	()	0	4	major	major	I	I, major	I		I	I	False	I6	I6, major		I6, major		I	-1	-1	-1	1	1	1	True	False	False
230.0	2.0	57.5	45	3	A	0.0	2.5	0	4	4	3.0	1.0	1/8	True	-1	15.0	15.0	15.0	15a	2	115/2	False	False				False	59	I6	F	I		I6	I		6			M	False	False	(4, 1, 0)	()	0	4	major	major	I	I, major	I		I	I	False	I6	I6, major		I6, major		I	-1	-1	-1	4	4	4	True	False	True
230.0	2.0	57.5	45	3	A	0.0	2.5	0	4	4	4.0	1.0	1/8	True	-1	15.0	15.0	15.0	15a	2	115/2	False	False				False	59	I6	F	I		I6	I		6			M	False	False	(4, 1, 0)	()	0	4	major	major	I	I, major	I		I	I	False	I6	I6, major		I6, major		I	-1	-1	-1	4	4	4	True	False	True
232.0	2.0	58.0	46	-2	B	-1.0	3.0	3	4	4	3.0	1.0	1/8	True	-1	15.0	15.0	15.0	15a	2	58	False	True				False	60	IV(9)	F	I		IV(9)	IV			9		M	False	False	(-1, 3, 0)	(1,)	-1	-1	major	major	I	I, major	IV		I	I	False	IV	IV, major		IV(9), major		IV	-1	-1	-1	-1	-1	-1	True	True	True
232.0	2.0	58.0	46	-2	B	-1.0	3.0	3	4	4	4.0	1.0	1/8	True	-1	15.0	15.0	15.0	15a	2	58	False	True				False	60	IV(9)	F	I		IV(9)	IV			9		M	False	False	(-1, 3, 0)	(1,)	-1	-1	major	major	I	I, major	IV		I	I	False	IV	IV, major		IV(9), major		IV	-1	-1	-1	-1	-1	-1	True	True	True
232.0	6.0	58.0	74	2	D	0.0	3.0	3	4	4	1.0	1.0	3/8	True	-1	15.0	15.0	15.0	15a	5	58	False	True				False	60	IV(9)	F	I		IV(9)	IV			9		M	False	False	(-1, 3, 0)	(1,)	-1	-1	major	major	I	I, major	IV		I	I	False	IV	IV, major		IV(9), major		IV	-1	-1	-1	3	3	3	True	False	False
234.0	2.0	58.5	48	0	C	0.0	3.5	0	4	4	3.0	1.0	1/8	True	-1	15.0	15.0	15.0	15a	3	117/2	False	False				False	60	IV(9)	F	I		IV(9)	IV			9		M	False	False	(-1, 3, 0)	(1,)	-1	-1	major	major	I	I, major	IV		I	I	False	IV	IV, major		IV(9), major		IV	-1	-1	-1	1	1	1	False	False	False
234.0	2.0	58.5	48	0	C	0.0	3.5	0	4	4	4.0	1.0	1/8	True	-1	15.0	15.0	15.0	15a	3	117/2	False	False				False	60	IV(9)	F	I		IV(9)	IV			9		M	False	False	(-1, 3, 0)	(1,)	-1	-1	major	major	I	I, major	IV		I	I	False	IV	IV, major		IV(9), major		IV	-1	-1	-1	1	1	1	False	False	False
236.0	2.0	59.0	50	2	D	0.0	4.0	4	4	4	3.0	1.0	1/8	True	-1	15.0	15.0	15.0	15a	3	59	False	True				False	61	IV	F	I		IV	IV					M	False	False	(-1, 3, 0)	()	-1	-1	major	major	I	I, major	IV		I	I	False	IV	IV, major		IV, major		IV	-1	-1	-1	3	3	3	True	False	False
236.0	2.0	59.0	50	2	D	0.0	4.0	4	4	4	4.0	1.0	1/8	True	-1	15.0	15.0	15.0	15a	3	59	False	True				False	61	IV	F	I		IV	IV					M	False	False	(-1, 3, 0)	()	-1	-1	major	major	I	I, major	IV		I	I	False	IV	IV, major		IV, major		IV	-1	-1	-1	3	3	3	True	False	False
236.0	4.0	59.0	82	-2	B	-1.0	4.0	4	4	4	2.0	1.0	1/4	True	-1	15.0	15.0	15.0	15a	5	59	False	True				False	61	IV	F	I		IV	IV					M	False	False	(-1, 3, 0)	()	-1	-1	major	major	I	I, major	IV		I	I	False	IV	IV, major		IV, major		IV	-1	-1	-1	-1	-1	-1	True	True	True
238.0	2.0	59.5	46	-2	B	-1.0	4.5	0	4	4	3.0	1.0	1/8	True	-1	15.0	15.0	15.0	15a	2	119/2	False	True				False	62	ii6	F	I		ii6	ii		6			m	False	False	(-1, 3, 2)	()	2	-1	major	major	I	I, major	ii		I	I	False	ii6	ii6, major		ii6, major		ii	-1	-1	-1	-1	-1	-1	True	False	True
238.0	2.0	59.5	46	-2	B	-1.0	4.5	0	4	4	4.0	1.0	1/8	True	-1	15.0	15.0	15.0	15a	2	119/2	False	True				False	62	ii6	F	I		ii6	ii		6			m	False	False	(-1, 3, 2)	()	2	-1	major	major	I	I, major	ii		I	I	False	ii6	ii6, major		ii6, major		ii	-1	-1	-1	-1	-1	-1	True	False	True
238.0	2.0	59.5	79	1	G	0.0	4.5	0	4	4	1.0	1.0	1/8	True	-1	15.0	15.0	15.0	15a	5	119/2	False	True				False	62	ii6	F	I		ii6	ii		6			m	False	False	(-1, 3, 2)	()	2	-1	major	major	I	I, major	ii		I	I	False	ii6	ii6, major		ii6, major		ii	-1	-1	-1	2	2	2	True	True	False
240.0	2.0	60.0	48	0	C	0.0	1.0	1	4	4	3.0	1.0	1/8	True	-1	16.0	16.0	16.0	16a	3	60	False	True				False	63	V7	F	I		V7	V		7			Mm7	False	False	(1, 5, 2, -1)	()	1	1	major	major	I	I, major	V		I	I	False	V7	V7, major		V7, major		V	-1	-1	-1	1	1	1	True	True	True
240.0	2.0	60.0	48	0	C	0.0	1.0	1	4	4	4.0	1.0	1/8	True	-1	16.0	16.0	16.0	16a	3	60	False	True				False	63	V7	F	I		V7	V		7			Mm7	False	False	(1, 5, 2, -1)	()	1	1	major	major	I	I, major	V		I	I	False	V7	V7, major		V7, major		V	-1	-1	-1	1	1	1	True	True	True
240.0	2.0	60.0	76	4	E	0.0	1.0	1	4	4	1.0	1.0	1/8	True	-1	16.0	16.0	16.0	16a	5	60	False	True				False	63	V7	F	I		V7	V		7			Mm7	False	False	(1, 5, 2, -1)	()	1	1	major	major	I	I, major	V		I	I	False	V7	V7, major		V7, major		V	-1	-1	-1	5	5	5	True	False	False
240.0	4.0	60.0	82	-2	B	-1.0	1.0	1	4	4	2.0	1.0	1/4	False	-1	16.0	16.0	16.0	16a	5	60	False	True				False	63	V7	F	I		V7	V		7			Mm7	False	False	(1, 5, 2, -1)	()	1	1	major	major	I	I, major	V		I	I	False	V7	V7, major		V7, major		V	-1	-1	-1	-1	-1	-1	True	False	False
242.0	2.0	60.5	60	0	C	0.0	1.5	0	4	4	3.0	1.0	1/8	True	-1	16.0	16.0	16.0	16a	4	121/2	False	False				False	63	V7	F	I		V7	V		7			Mm7	False	False	(1, 5, 2, -1)	()	1	1	major	major	I	I, major	V		I	I	False	V7	V7, major		V7, major		V	-1	-1	-1	1	1	1	True	True	True
242.0	2.0	60.5	60	0	C	0.0	1.5	0	4	4	4.0	1.0	1/8	True	-1	16.0	16.0	16.0	16a	4	121/2	False	False				False	63	V7	F	I		V7	V		7			Mm7	False	False	(1, 5, 2, -1)	()	1	1	major	major	I	I, major	V		I	I	False	V7	V7, major		V7, major		V	-1	-1	-1	1	1	1	True	True	True
242.0	2.0	60.5	72	0	C	0.0	1.5	0	4	4	1.0	1.0	1/8	True	-1	16.0	16.0	16.0	16a	5	121/2	False	False				False	63	V7	F	I		V7	V		7			Mm7	False	False	(1, 5, 2, -1)	()	1	1	major	major	I	I, major	V		I	I	False	V7	V7, major		V7, major		V	-1	-1	-1	1	1	1	True	True	True
244.0	2.0	61.0	62	2	D	0.0	2.0	2	4	4	3.0	1.0	1/8	True	-1	16.0	16.0	16.0	16a	4	61	False	True				False	64	vi	F	I		vi	vi					m	False	False	(3, 0, 4)	()	3	3	major	major	I	I, major	vi		I	I	False	vi	vi, major		vi, major		vi	-1	-1	-1	3	3	3	True	True	True
244.0	2.0	61.0	62	2	D	0.0	2.0	2	4	4	4.0	1.0	1/8	True	-1	16.0	16.0	16.0	16a	4	61	False	True				False	64	vi	F	I		vi	vi					m	False	False	(3, 0, 4)	()	3	3	major	major	I	I, major	vi		I	I	False	vi	vi, major		vi, major		vi	-1	-1	-1	3	3	3	True	True	True
244.0	8.0	61.0	77	-1	F	0.0	2.0	2	4	4	1.0	1.0	1/2	True	-1	16.0	16.0	16.0	16a	5	61	False	True				False	64	vi	F	I		vi	vi					m	False	False	(3, 0, 4)	()	3	3	major	major	I	I, major	vi		I	I	False	vi	vi, major		vi, major		vi	-1	-1	-1	0	0	0	True	False	False
244.0	4.0	61.0	81	3	A	0.0	2.0	2	4	4	2.0	1.0	1/4	True	-1	16.0	16.0	16.0	16a	5	61	False	True				False	64	vi	F	I		vi	vi					m	False	False	(3, 0, 4)	()	3	3	major	major	I	I, major	vi		I	I	False	vi	vi, major		vi, major		vi	-1	-1	-1	4	4	4	True	False	False
246.0	2.0	61.5	57	3	A	0.0	2.5	0	4	4	3.0	1.0	1/8	True	-1	16.0	16.0	16.0	16a	3	123/2	False	True				False	65	I6	F	I		I6	I		6			M	False	False	(4, 1, 0)	()	0	4	major	major	I	I, major	I		I	I	False	I6	I6, major		I6, major		I	-1	-1	-1	4	4	4	True	False	True
246.0	2.0	61.5	57	3	A	0.0	2.5	0	4	4	4.0	1.0	1/8	True	-1	16.0	16.0	16.0	16a	3	123/2	False	True				False	65	I6	F	I		I6	I		6			M	False	False	(4, 1, 0)	()	0	4	major	major	I	I, major	I		I	I	False	I6	I6, major		I6, major		I	-1	-1	-1	4	4	4	True	False	True
248.0	2.0	62.0	58	-2	B	-1.0	3.0	3	4	4	3.0	1.0	1/8	True	-1	16.0	16.0	16.0	16a	3	62	False	True				False	66	ii65	F	I		ii65	ii		65			mm7	False	False	(-1, 3, 0, 2)	()	2	-1	major	major	I	I, major	ii		I	I	False	ii65	ii65, major		ii65, major		ii	-1	-1	-1	-1	-1	-1	True	False	True
248.0	2.0	62.0	58	-2	B	-1.0	3.0	3	4	4	4.0	1.0	1/8	True	-1	16.0	16.0	16.0	16a	3	62	False	True				False	66	ii65	F	I		ii65	ii		65			mm7	False	False	(-1, 3, 0, 2)	()	2	-1	major	major	I	I, major	ii		I	I	False	ii65	ii65, major		ii65, major		ii	-1	-1	-1	-1	-1	-1	True	False	True
248.0	8.0	62.0	79	1	G	0.0	3.0	3	4	4	2.0	1.0	1/2	True	-1	16.0	16.0	16.0	16a	5	62	False	True				False	66	ii65	F	I		ii65	ii		65			mm7	False	False	(-1, 3, 0, 2)	()	2	-1	major	major	I	I, major	ii		I	I	False	ii65	ii65, major		ii65, major		ii	-1	-1	-1	2	2	2	True	True	False
250.0	2.0	62.5	55	1	G	0.0	3.5	0	4	4	3.0	1.0	1/8	True	-1	16.0	16.0	16.0	16a	3	125/2	False	False				False	66	ii65	F	I		ii65	ii		65			mm7	False	False	(-1, 3, 0, 2)	()	2	-1	major	major	I	I, major	ii		I	I	False	ii65	ii65, major		ii65, major		ii	-1	-1	-1	2	2	2	True	True	False
250.0	2.0	62.5	55	1	G	0.0	3.5	0	4	4	4.0	1.0	1/8	True	-1	16.0	16.0	16.0	16a	3	125/2	False	False				False	66	ii65	F	I		ii65	ii		65			mm7	False	False	(-1, 3, 0, 2)	()	2	-1	major	major	I	I, major	ii		I	I	False	ii65	ii65, major		ii65, major		ii	-1	-1	-1	2	2	2	True	True	False
252.0	2.0	63.0	60	0	C	0.0	4.0	4	4	4	3.0	1.0	1/8	True	-1	16.0	16.0	16.0	16a	4	63	False	True				False	67	V(4)	F	I		V(4)	V			4		M	False	False	(1, 0, 2)	()	1	1	major	major	I	I, major	V		I	I	False	V	V, major		V(4), major		V	-1	-1	-1	1	1	1	True	True	True
252.0	2.0	63.0	60	0	C	0.0	4.0	4	4	4	4.0	1.0	1/8	True	-1	16.0	16.0	16.0	16a	4	63	False	True				False	67	V(4)	F	I		V(4)	V			4		M	False	False	(1, 0, 2)	()	1	1	major	major	I	I, major	V		I	I	False	V	V, major		V(4), major		V	-1	-1	-1	1	1	1	True	True	True
252.0	3.0	63.0	77	-1	F	0.0	4.0	4	4	4	1.0	1.0	3/16	True	-1	16.0	16.0	16.0	16a	5	63	False	True				False	67	V(4)	F	I		V(4)	V			4		M	False	False	(1, 0, 2)	()	1	1	major	major	I	I, major	V		I	I	False	V	V, major		V(4), major		V	-1	-1	-1	0	0	0	True	False	False
254.0	2.0	63.5	48	0	C	0.0	4.5	0	4	4	3.0	1.0	1/8	True	-1	16.0	16.0	16.0	16a	3	127/2	False	True				False	68	V	F	I		V	V					M	False	False	(1, 5, 2)	()	1	1	major	major	I	I, major	V		I	I	False	V	V, major		V, major		V	-1	-1	-1	1	1	1	True	True	True
254.0	2.0	63.5	48	0	C	0.0	4.5	0	4	4	4.0	1.0	1/8	True	-1	16.0	16.0	16.0	16a	3	127/2	False	True				False	68	V	F	I		V	V					M	False	False	(1, 5, 2)	()	1	1	major	major	I	I, major	V		I	I	False	V	V, major		V, major		V	-1	-1	-1	1	1	1	True	True	True
255.0	1.0	63.75	76	4	E	0.0	4.75	0	4	4	1.0	1.0	1/16	True	-1	16.0	16.0	16.0	16a	5	255/4	False	False				False	68	V	F	I		V	V					M	False	False	(1, 5, 2)	()	1	1	major	major	I	I, major	V		I	I	False	V	V, major		V, major		V	-1	-1	-1	5	5	5	True	False	False
256.0	2.0	64.0	53	-1	F	0.0	1.0	1	4	4	3.0	1.0	1/8	True	-1	17.0	17.0	17.0	17a	3	64	False	True	PAC	PAC	}{	True	69	I|PAC}{	F	I		I	I					M	False	False	(0, 4, 1)	()	0	0	major	major	I	I, major	I		I	I	False	I	I, major		I, major		I	-1	-1	-1	0	0	0	True	True	True
256.0	2.0	64.0	53	-1	F	0.0	1.0	1	4	4	4.0	1.0	1/8	True	-1	17.0	17.0	17.0	17a	3	64	False	True	PAC	PAC	}{	True	69	I|PAC}{	F	I		I	I					M	False	False	(0, 4, 1)	()	0	0	major	major	I	I, major	I		I	I	False	I	I, major		I, major		I	-1	-1	-1	0	0	0	True	True	True
256.0	4.0	64.0	77	-1	F	0.0	1.0	1	4	4	2.0	1.0	1/4	True	-1	17.0	17.0	17.0	17a	5	64	False	True	PAC	PAC	}{	True	69	I|PAC}{	F	I		I	I					M	False	False	(0, 4, 1)	()	0	0	major	major	I	I, major	I		I	I	False	I	I, major		I, major		I	-1	-1	-1	0	0	0	True	True	True
256.0	6.0	64.0	77	-1	F	0.0	1.0	1	4	4	1.0	1.0	3/8	True	-1	17.0	17.0	17.0	17a	5	64	False	True	PAC	PAC	}{	True	69	I|PAC}{	F	I		I	I					M	False	False	(0, 4, 1)	()	0	0	major	major	I	I, major	I		I	I	False	I	I, major		I, major		I	-1	-1	-1	0	0	0	True	True	True
258.0	2.0	64.5	55	1	G	0.0	1.5	0	4	4	3.0	1.0	1/8	True	-1	17.0	17.0	17.0	17a	3	129/2	False	False				False	69	I|PAC}{	F	I		I	I					M	False	False	(0, 4, 1)	()	0	0	major	major	I	I, major	I		I	I	False	I	I, major		I, major		I	-1	-1	-1	2	2	2	False	False	False
258.0	2.0	64.5	55	1	G	0.0	1.5	0	4	4	4.0	1.0	1/8	True	-1	17.0	17.0	17.0	17a	3	129/2	False	False				False	69	I|PAC}{	F	I		I	I					M	False	False	(0, 4, 1)	()	0	0	major	major	I	I, major	I		I	I	False	I	I, major		I, major		I	-1	-1	-1	2	2	2	False	False	False
260.0	2.0	65.0	57	3	A	0.0	2.0	2	4	4	3.0	1.0	1/8	True	-1	17.0	17.0	17.0	17a	3	65	False	True				False	70	I6	F	I		I6	I		6			M	False	False	(4, 1, 0)	()	0	4	major	major	I	I, major	I		I	I	False	I6	I6, major		I6, major		I	-1	-1	-1	4	4	4	True	False	True
260.0	2.0	65.0	57	3	A	0.0	2.0	2	4	4	4.0	1.0	1/8	True	-1	17.0	17.0	17.0	17a	3	65	False	True				False	70	I6	F	I		I6	I		6			M	False	False	(4, 1, 0)	()	0	4	major	major	I	I, major	I		I	I	False	I6	I6, major		I6, major		I	-1	-1	-1	4	4	4	True	False	True
260.0	6.0	65.0	72	0	C	0.0	2.0	2	4	4	2.0	1.0	3/8	True	-1	17.0	17.0	17.0	17a	5	65	False	True				False	70	I6	F	I		I6	I		6			M	False	False	(4, 1, 0)	()	0	4	major	major	I	I, major	I		I	I	False	I6	I6, major		I6, major		I	-1	-1	-1	1	1	1	True	False	False
262.0	2.0	65.5	45	3	A	0.0	2.5	0	4	4	3.0	1.0	1/8	True	-1	17.0	17.0	17.0	17a	2	131/2	False	False				False	70	I6	F	I		I6	I		6			M	False	False	(4, 1, 0)	()	0	4	major	major	I	I, major	I		I	I	False	I6	I6, major		I6, major		I	-1	-1	-1	4	4	4	True	False	True
262.0	2.0	65.5	45	3	A	0.0	2.5	0	4	4	4.0	1.0	1/8	True	-1	17.0	17.0	17.0	17a	2	131/2	False	False				False	70	I6	F	I		I6	I		6			M	False	False	(4, 1, 0)	()	0	4	major	major	I	I, major	I		I	I	False	I6	I6, major		I6, major		I	-1	-1	-1	4	4	4	True	False	True
262.0	2.0	65.5	72	0	C	0.0	2.5	0	4	4	1.0	1.0	1/8	True	-1	17.0	17.0	17.0	17a	5	131/2	False	False				False	70	I6	F	I		I6	I		6			M	False	False	(4, 1, 0)	()	0	4	major	major	I	I, major	I		I	I	False	I6	I6, major		I6, major		I	-1	-1	-1	1	1	1	True	False	False
264.0	6.0	66.0	46	-2	B	-1.0	3.0	3	4	4	3.0	1.0	3/8	True	-1	17.0	17.0	17.0	17a	2	66	False	True				False	71	IV(9)	F	I		IV(9)	IV			9		M	False	False	(-1, 3, 0)	(1,)	-1	-1	major	major	I	I, major	IV		I	I	False	IV	IV, major		IV(9), major		IV	-1	-1	-1	-1	-1	-1	True	True	True
264.0	6.0	66.0	46	-2	B	-1.0	3.0	3	4	4	4.0	1.0	3/8	True	-1	17.0	17.0	17.0	17a	2	66	False	True				False	71	IV(9)	F	I		IV(9)	IV			9		M	False	False	(-1, 3, 0)	(1,)	-1	-1	major	major	I	I, major	IV		I	I	False	IV	IV, major		IV(9), major		IV	-1	-1	-1	-1	-1	-1	True	True	True
264.0	6.0	66.0	74	2	D	0.0	3.0	3	4	4	1.0	1.0	3/8	True	-1	17.0	17.0	17.0	17a	5	66	False	True				False	71	IV(9)	F	I		IV(9)	IV			9		M	False	False	(-1, 3, 0)	(1,)	-1	-1	major	major	I	I, major	IV		I	I	False	IV	IV, major		IV(9), major		IV	-1	-1	-1	3	3	3	True	False	False
266.0	2.0	66.5	65	-1	F	0.0	3.5	0	4	4	2.0	1.0	1/8	True	-1	17.0	17.0	17.0	17a	4	133/2	False	False				False	71	IV(9)	F	I		IV(9)	IV			9		M	False	False	(-1, 3, 0)	(1,)	-1	-1	major	major	I	I, major	IV		I	I	False	IV	IV, major		IV(9), major		IV	-1	-1	-1	0	0	0	True	False	False
268.0	4.0	67.0	70	-2	B	-1.0	4.0	4	4	4	2.0	1.0	1/4	True	-1	17.0	17.0	17.0	17a	4	67	False	True				False	72	IV	F	I		IV	IV					M	False	False	(-1, 3, 0)	()	-1	-1	major	major	I	I, major	IV		I	I	False	IV	IV, major		IV, major		IV	-1	-1	-1	-1	-1	-1	True	True	True
270.0	2.0	67.5	46	-2	B	-1.0	4.5	0	4	4	3.0	1.0	1/8	True	-1	17.0	17.0	17.0	17a	2	135/2	False	False				False	72	IV	F	I		IV	IV					M	False	False	(-1, 3, 0)	()	-1	-1	major	major	I	I, major	IV		I	I	False	IV	IV, major		IV, major		IV	-1	-1	-1	-1	-1	-1	True	True	True
270.0	2.0	67.5	46	-2	B	-1.0	4.5	0	4	4	4.0	1.0	1/8	True	-1	17.0	17.0	17.0	17a	2	135/2	False	False				False	72	IV	F	I		IV	IV					M	False	False	(-1, 3, 0)	()	-1	-1	major	major	I	I, major	IV		I	I	False	IV	IV, major		IV, major		IV	-1	-1	-1	-1	-1	-1	True	True	True
270.0	2.0	67.5	62	2	D	0.0	4.5	0	4	4	1.0	1.0	1/8	True	-1	17.0	17.0	17.0	17a	4	135/2	False	False				False	72	IV	F	I		IV	IV					M	False	False	(-1, 3, 0)	()	-1	-1	major	major	I	I, major	IV		I	I	False	IV	IV, major		IV, major		IV	-1	-1	-1	3	3	3	True	False	False
272.0	8.0	68.0	48	0	C	0.0	1.0	1	4	4	3.0	1.0	1/2	True	-1	18.0	18.0	18.0	18a	3	68	False	True				False	73	V7	F	I		V7	V		7			Mm7	False	False	(1, 5, 2, -1)	()	1	1	major	major	I	I, major	V		I	I	False	V7	V7, major		V7, major		V	-1	-1	-1	1	1	1	True	True	True
272.0	8.0	68.0	48	0	C	0.0	1.0	1	4	4	4.0	1.0	1/2	True	-1	18.0	18.0	18.0	18a	3	68	False	True				False	73	V7	F	I		V7	V		7			Mm7	False	False	(1, 5, 2, -1)	()	1	1	major	major	I	I, major	V		I	I	False	V7	V7, major		V7, major		V	-1	-1	-1	1	1	1	True	True	True
272.0	4.0	68.0	64	4	E	0.0	1.0	1	4	4	1.0	1.0	1/4	True	-1	18.0	18.0	18.0	18a	4	68	False	True				False	73	V7	F	I		V7	V		7			Mm7	False	False	(1, 5, 2, -1)	()	1	1	major	major	I	I, major	V		I	I	False	V7	V7, major		V7, major		V	-1	-1	-1	5	5	5	True	False	False
272.0	4.0	68.0	70	-2	B	-1.0	1.0	1	4	4	2.0	1.0	1/4	False	-1	18.0	18.0	18.0	18a	4	68	False	True				False	73	V7	F	I		V7	V		7			Mm7	False	False	(1, 5, 2, -1)	()	1	1	major	major	I	I, major	V		I	I	False	V7	V7, major		V7, major		V	-1	-1	-1	-1	-1	-1	True	False	False
276.0	8.0	69.0	65	-1	F	0.0	2.0	2	4	4	1.0	1.0	1/2	True	-1	18.0	18.0	18.0	18a	4	69	False	True				False	74	V(64)	F	I		V(64)	V			64		M	False	False	(1, 0, 4)	()	1	1	major	major	I	I, major	V		I	I	False	V	V, major		V(64), major		V	-1	-1	-1	0	0	0	True	False	False
276.0	4.0	69.0	69	3	A	0.0	2.0	2	4	4	2.0	1.0	1/4	True	-1	18.0	18.0	18.0	18a	4	69	False	True				False	74	V(64)	F	I		V(64)	V			64		M	False	False	(1, 0, 4)	()	1	1	major	major	I	I, major	V		I	I	False	V	V, major		V(64), major		V	-1	-1	-1	4	4	4	True	False	False
280.0	8.0	70.0	36	0	C	0.0	3.0	3	4	4	3.0	1.0	1/2	True	-1	18.0	18.0	18.0	18a	2	70	False	True				False	75	V(4)	F	I		V(4)	V			4		M	False	False	(1, 0, 2)	()	1	1	major	major	I	I, major	V		I	I	False	V	V, major		V(4), major		V	-1	-1	-1	1	1	1	True	True	True
280.0	8.0	70.0	36	0	C	0.0	3.0	3	4	4	4.0	1.0	1/2	True	-1	18.0	18.0	18.0	18a	2	70	False	True				False	75	V(4)	F	I		V(4)	V			4		M	False	False	(1, 0, 2)	()	1	1	major	major	I	I, major	V		I	I	False	V	V, major		V(4), major		V	-1	-1	-1	1	1	1	True	True	True
280.0	8.0	70.0	67	1	G	0.0	3.0	3	4	4	2.0	1.0	1/2	True	-1	18.0	18.0	18.0	18a	4	70	False	True				False	75	V(4)	F	I		V(4)	V			4		M	False	False	(1, 0, 2)	()	1	1	major	major	I	I, major	V		I	I	False	V	V, major		V(4), major		V	-1	-1	-1	2	2	2	True	False	False
284.0	4.0	71.0	64	4	E	0.0	4.0	4	4	4	1.0	1.0	1/4	True	-1	18.0	18.0	18.0	18a	4	71	False	True				False	76	V	F	I		V	V					M	False	False	(1, 5, 2)	()	1	1	major	major	I	I, major	V		I	I	False	V	V, major		V, major		V	-1	-1	-1	5	5	5	True	False	False
288.0	16.0	72.0	41	-1	F	0.0	1.0	1	4	4	3.0	1.0	1	True	-1	19.0	19.0	19.0	19a	2	72	False	True	PAC	PAC	}	True	77	I|PAC}	F	I		I	I					M	False	False	(0, 4, 1)	()	0	0	major	major	I	I, major	I		I	I	False	I	I, major		I, major		I	-1	-1	-1	0	0	0	True	True	True
288.0	16.0	72.0	41	-1	F	0.0	1.0	1	4	4	4.0	1.0	1	True	-1	19.0	19.0	19.0	19a	2	72	False	True	PAC	PAC	}	True	77	I|PAC}	F	I		I	I					M	False	False	(0, 4, 1)	()	0	0	major	major	I	I, major	I		I	I	False	I	I, major		I, major		I	-1	-1	-1	0	0	0	True	True	True
288.0	16.0	72.0	65	-1	F	0.0	1.0	1	4	4	1.0	1.0	1	True	-1	19.0	19.0	19.0	19a	4	72	False	True	PAC	PAC	}	True	77	I|PAC}	F	I		I	I					M	False	False	(0, 4, 1)	()	0	0	major	major	I	I, major	I		I	I	False	I	I, major		I, major		I	-1	-1	-1	0	0	0	True	True	True
288.0	16.0	72.0	65	-1	F	0.0	1.0	1	4	4	2.0	1.0	1	True	-1	19.0	19.0	19.0	19a	4	72	False	True	PAC	PAC	}	True	77	I|PAC}	F	I		I	I					M	False	False	(0, 4, 1)	()	0	0	major	major	I	I, major	I		I	I	False	I	I, major		I, major		I	-1	-1	-1	0	0	0	True	True	True
																					59/2		True				False	30	V	F	V		V	V					M	False	False	(1, 5, 2)	()	1	1	major	major	V	V, major	V		V	V	False	V	V, major		V, major		V	-1	0	0						
