onset_div	duration_div	continuous_beats	pitch	tpc	step	alter	ts_beats	ts_beat_type	staff	voice	duration	is_note_onset	ks_fifths	mc	mc_playthrough	mn	mn_playthrough	octave	quarterbeats_playthrough	section_start	is_harmony_onset	cadence	cadence_type	cadence_subtype	phraseend	is_phrase_ending	unfolded_harmony_index	label	globalkey	localkey	pedal	chord	numeral	form	figbass	changes	relativeroot	chord_type	globalkey_is_minor	localkey_is_minor	chord_tones	added_tones	root	bass_note	globalkey_mode	localkey_mode	localkey_resolved	localkey_and_mode	root_roman	relativeroot_resolved	effective_localkey	effective_localkey_resolved	effective_localkey_is_minor	chord_reduced	chord_reduced_and_mode	pedal_resolved	chord_and_mode	applied_to_numeral	numeral_or_applied_to_numeral	globalkey_tpc	localkey_tpc	tonicized_tpc	sic_with_global	sic_with_local	sic_with_tonicized	tpc_is_in_label	tpc_is_root	tpc_is_bass
18	6	0.75	76	4	E	0	4	4	1	1	1/16	True		1	1	1	1a	5	3/4	False	False					False																																										
24	12	1.0	64	4	E	0	4	4	2	1	1/8	True		1	1	1	1a	4	1	False	True				{	False	0	e.i{	e	i		i	i					m	True	True	(0, -3, 1)	()	0	0	minor	minor	i	i, minor	i		i	i	True	i	i, minor		i, minor		i	4	4	4	0	0	0	True	True	True
24	18	1.0	79	1	G	0	4	4	1	1	3/16	True		1	1	1	1a	5	1	False	True				{	False	0	e.i{	e	i		i	i					m	True	True	(0, -3, 1)	()	0	0	minor	minor	i	i, minor	i		i	i	True	i	i, minor		i, minor		i	4	4	4	-3	-3	-3	True	False	False
36	12	1.5	62	2	D	0	4	4	2	1	1/8	True		1	1	1	1a	4	3/2	False	True					False	1	v6	e	i		v6	v		6			m	True	True	(-2, 2, 1)	()	1	-2	minor	minor	i	i, minor	v		i	i	True	v6	v6, minor		v6, minor		v	4	4	4	-2	-2	-2	True	False	True
42	6	1.75	78	6	F	1	4	4	1	1	1/16	True		1	1	1	1a	5	7/4	False	False					False	1	v6	e	i		v6	v		6			m	True	True	(-2, 2, 1)	()	1	-2	minor	minor	i	i, minor	v		i	i	True	v6	v6, minor		v6, minor		v	4	4	4	2	2	2	True	False	False
48	0	2.0	78	6	F	1	4	4	1	1	0	True		1	1	1	1a	5	2	False	True					False	2	VIM7	e	i		VIM7	VI	M	7			MM7	True	True	(-4, 0, -3, 1)	()	-4	-4	minor	minor	i	i, minor	VI		i	i	True	VIM7	VIM7, minor		VIM7, minor		VI	4	4	4	2	2	2	False	False	False
48	12	2.0	60	0	C	0	4	4	2	1	1/8	True		1	1	1	1a	4	2	False	True					False	2	VIM7	e	i		VIM7	VI	M	7			MM7	True	True	(-4, 0, -3, 1)	()	-4	-4	minor	minor	i	i, minor	VI		i	i	True	VIM7	VIM7, minor		VIM7, minor		VI	4	4	4	-4	-4	-4	True	True	True
48	12	2.0	76	4	E	0	4	4	1	1	1/8	True		1	1	1	1a	5	2	False	True					False	2	VIM7	e	i		VIM7	VI	M	7			MM7	True	True	(-4, 0, -3, 1)	()	-4	-4	minor	minor	i	i, minor	VI		i	i	True	VIM7	VIM7, minor		VIM7, minor		VI	4	4	4	0	0	0	True	False	False
60	12	2.5	59	5	B	0	4	4	2	1	1/8	True		1	1	1	1a	3	5/2	False	True					False	3	III+6	e	i		III+6	III	+	6			+	True	True	(1, 5, -3)	()	-3	1	minor	minor	i	i, minor	III		i	i	True	III+6	III+6, minor		III+6, minor		III	4	4	4	1	1	1	True	False	True
60	12	2.5	75	9	D	1	4	4	1	1	1/8	True		1	1	1	1a	5	5/2	False	True					False	3	III+6	e	i		III+6	III	+	6			+	True	True	(1, 5, -3)	()	-3	1	minor	minor	i	i, minor	III		i	i	True	III+6	III+6, minor		III+6, minor		III	4	4	4	5	5	5	True	False	False
72	0	3.0	75	9	D	1	4	4	1	1	0	True		1	1	1	1a	5	3	False	True					False	4	ii%43	e	i		ii%43	ii	%	43			%7	True	True	(-4, 0, 2, -1)	()	2	-4	minor	minor	i	i, minor	ii		i	i	True	ii%43	ii%43, minor		ii%43, minor		ii	4	4	4	5	5	5	False	False	False
72	12	3.0	60	0	C	0	4	4	2	1	1/8	True		1	1	1	1a	4	3	False	True					False	4	ii%43	e	i		ii%43	ii	%	43			%7	True	True	(-4, 0, 2, -1)	()	2	-4	minor	minor	i	i, minor	ii		i	i	True	ii%43	ii%43, minor		ii%43, minor		ii	4	4	4	-4	-4	-4	True	False	True
72	18	3.0	76	4	E	0	4	4	1	1	3/16	True		1	1	1	1a	5	3	False	True					False	4	ii%43	e	i		ii%43	ii	%	43			%7	True	True	(-4, 0, 2, -1)	()	2	-4	minor	minor	i	i, minor	ii		i	i	True	ii%43	ii%43, minor		ii%43, minor		ii	4	4	4	0	0	0	True	False	False
84	12	3.5	57	3	A	0	4	4	2	1	1/8	True		1	1	1	1a	3	7/2	False	True					False	5	ii%65	e	i		ii%65	ii	%	65			%7	True	True	(-1, -4, 0, 2)	()	2	-1	minor	minor	i	i, minor	ii		i	i	True	ii%65	ii%65, minor		ii%65, minor		ii	4	4	4	-1	-1	-1	True	False	True
90	6	3.75	78	6	F	1	4	4	1	1	1/16	True		1	1	1	1a	5	15/4	False	False					False	5	ii%65	e	i		ii%65	ii	%	65			%7	True	True	(-1, -4, 0, 2)	()	2	-1	minor	minor	i	i, minor	ii		i	i	True	ii%65	ii%65, minor		ii%65, minor		ii	4	4	4	2	2	2	True	True	False
96	12	4.0	59	5	B	0	4	4	2	1	1/8	True	1	2	2	2	2a	3	4	False	True					False	6	V	e	i		V	V					M	True	True	(1, 5, 2)	()	1	1	minor	minor	i	i, minor	V		i	i	True	V	V, minor		V, minor		V	4	4	4	1	1	1	True	True	True
96	12	4.0	75	9	D	1	4	4	1	1	1/8	True	1	2	2	2	2a	5	4	False	True					False	6	V	e	i		V	V					M	True	True	(1, 5, 2)	()	1	1	minor	minor	i	i, minor	V		i	i	True	V	V, minor		V, minor		V	4	4	4	5	5	5	True	False	False
108	12	4.5	57	3	A	0	4	4	2	1	1/8	True	1	2	2	2	2a	3	9/2	False	True					False	7	V2	e	i		V2	V		2			Mm7	True	True	(-1, 1, 5, 2)	()	1	-1	minor	minor	i	i, minor	V		i	i	True	V2	V2, minor		V2, minor		V	4	4	4	-1	-1	-1	True	False	True
114	6	4.75	71	5	B	0	4	4	1	1	1/16	True	1	2	2	2	2a	4	19/4	False	False					False	7	V2	e	i		V2	V		2			Mm7	True	True	(-1, 1, 5, 2)	()	1	-1	minor	minor	i	i, minor	V		i	i	True	V2	V2, minor		V2, minor		V	4	4	4	1	1	1	True	True	False
120	12	5.0	55	1	G	0	4	4	2	1	1/8	True	1	2	2	2	2a	3	5	False	True					False	8	i6	e	i		i6	i		6			m	True	True	(-3, 1, 0)	()	0	-3	minor	minor	i	i, minor	i		i	i	True	i6	i6, minor		i6, minor		i	4	4	4	-3	-3	-3	True	False	True
120	18	5.0	76	4	E	0	4	4	1	1	3/16	True	1	2	2	2	2a	5	5	False	True					False	8	i6	e	i		i6	i		6			m	True	True	(-3, 1, 0)	()	0	-3	minor	minor	i	i, minor	i		i	i	True	i6	i6, minor		i6, minor		i	4	4	4	0	0	0	True	True	False
132	12	5.5	54	6	F	1	4	4	2	1	1/8	True	1	2	2	2	2a	3	11/2	False	True					False	9	#viio6	e	i		#viio6	#vii	o	6			o	True	True	(2, -1, 5)	()	5	2	minor	minor	i	i, minor	#vii		i	i	True	#viio6	#viio6, minor		#viio6, minor		#vii	4	4	4	2	2	2	True	False	True
138	6	5.75	78	6	F	1	4	4	1	1	1/16	True	1	2	2	2	2a	5	23/4	False	False					False	9	#viio6	e	i		#viio6	#vii	o	6			o	True	True	(2, -1, 5)	()	5	2	minor	minor	i	i, minor	#vii		i	i	True	#viio6	#viio6, minor		#viio6, minor		#vii	4	4	4	2	2	2	True	False	True
144	0	6.0	78	6	F	1	4	4	1	1	0	True	1	2	2	2	2a	5	6	False	True					False	10	i	e	i		i	i					m	True	True	(0, -3, 1)	()	0	0	minor	minor	i	i, minor	i		i	i	True	i	i, minor		i, minor		i	4	4	4	2	2	2	False	False	False
144	12	6.0	52	4	E	0	4	4	2	1	1/8	True	1	2	2	2	2a	3	6	False	True					False	10	i	e	i		i	i					m	True	True	(0, -3, 1)	()	0	0	minor	minor	i	i, minor	i		i	i	True	i	i, minor		i, minor		i	4	4	4	0	0	0	True	True	True
144	18	6.0	79	1	G	0	4	4	1	1	3/16	True	1	2	2	2	2a	5	6	False	True					False	10	i	e	i		i	i					m	True	True	(0, -3, 1)	()	0	0	minor	minor	i	i, minor	i		i	i	True	i	i, minor		i, minor		i	4	4	4	-3	-3	-3	True	False	False
156	12	6.5	51	9	D	1	4	4	2	1	1/8	True	1	2	2	2	2a	3	13/2	False	True					False	11	V65	e	i		V65	V		65			Mm7	True	True	(5, 2, -1, 1)	()	1	5	minor	minor	i	i, minor	V		i	i	True	V65	V65, minor		V65, minor		V	4	4	4	5	5	5	True	False	True
162	0	6.75	78	6	F	1	4	4	1	1	0	True	1	2	2	2	2a	5	27/4	False	False					False	11	V65	e	i		V65	V		65			Mm7	True	True	(5, 2, -1, 1)	()	1	5	minor	minor	i	i, minor	V		i	i	True	V65	V65, minor		V65, minor		V	4	4	4	2	2	2	True	False	False
162	0	6.75	79	1	G	0	4	4	1	1	0	True	1	2	2	2	2a	5	27/4	False	False					False	11	V65	e	i		V65	V		65			Mm7	True	True	(5, 2, -1, 1)	()	1	5	minor	minor	i	i, minor	V		i	i	True	V65	V65, minor		V65, minor		V	4	4	4	-3	-3	-3	False	False	False
162	6	6.75	81	3	A	0	4	4	1	1	1/16	True	1	2	2	2	2a	5	27/4	False	False					False	11	V65	e	i		V65	V		65			Mm7	True	True	(5, 2, -1, 1)	()	1	5	minor	minor	i	i, minor	V		i	i	True	V65	V65, minor		V65, minor		V	4	4	4	-1	-1	-1	True	False	False
168	12	7.0	52	4	E	0	4	4	2	1	1/8	True	1	2	2	2	2a	3	7	False	True					False	12	i(4)	e	i		i(4)	i			4		m	True	True	(0, -1, 1)	()	0	0	minor	minor	i	i, minor	i		i	i	True	i	i, minor		i(4), minor		i	4	4	4	0	0	0	True	True	True
168	12	7.0	81	3	A	0	4	4	1	1	1/8	True	1	2	2	2	2a	5	7	False	True					False	12	i(4)	e	i		i(4)	i			4		m	True	True	(0, -1, 1)	()	0	0	minor	minor	i	i, minor	i		i	i	True	i	i, minor		i(4), minor		i	4	4	4	-1	-1	-1	True	False	False
180	12	7.5	40	4	E	0	4	4	2	1	1/8	True	1	2	2	2	2a	2	15/2	False	True					False	13	i	e	i		i	i					m	True	True	(0, -3, 1)	()	0	0	minor	minor	i	i, minor	i		i	i	True	i	i, minor		i, minor		i	4	4	4	0	0	0	True	True	True
180	9	7.5	79	1	G	0	4	4	1	1	3/32	True	1	2	2	2	2a	5	15/2	False	True					False	13	i	e	i		i	i					m	True	True	(0, -3, 1)	()	0	0	minor	minor	i	i, minor	i		i	i	True	i	i, minor		i, minor		i	4	4	4	-3	-3	-3	True	False	False
189	3	7.875	78	6	F	1	4	4	1	1	1/32	True	1	2	2	2	2a	5	63/8	False	False					False	13	i	e	i		i	i					m	True	True	(0, -3, 1)	()	0	0	minor	minor	i	i, minor	i		i	i	True	i	i, minor		i, minor		i	4	4	4	2	2	2	False	False	False
192	12	8.0	47	5	B	0	4	4	2	1	1/8	True	1	3	3	3	3a	2	8	False	True	HC.SIM	HC	SIM	}	True	14	V|HC.SIM}	e	i		V	V					M	True	True	(1, 5, 2)	()	1	1	minor	minor	i	i, minor	V		i	i	True	V	V, minor		V, minor		V	4	4	4	1	1	1	True	True	True
192	12	8.0	78	6	F	1	4	4	1	1	1/8	True	1	3	3	3	3a	5	8	False	True	HC.SIM	HC	SIM	}	True	14	V|HC.SIM}	e	i		V	V					M	True	True	(1, 5, 2)	()	1	1	minor	minor	i	i, minor	V		i	i	True	V	V, minor		V, minor		V	4	4	4	2	2	2	True	False	False
204	12	8.5	49	7	C	1	4	4	2	1	1/8	True	1	3	3	3	3a	3	17/2	False	False					False	14	V|HC.SIM}	e	i		V	V					M	True	True	(1, 5, 2)	()	1	1	minor	minor	i	i, minor	V		i	i	True	V	V, minor		V, minor		V	4	4	4	3	3	3	False	False	False
210	6	8.75	66	6	F	1	4	4	1	1	1/16	True	1	3	3	3	3a	4	35/4	False	False					False	14	V|HC.SIM}	e	i		V	V					M	True	True	(1, 5, 2)	()	1	1	minor	minor	i	i, minor	V		i	i	True	V	V, minor		V, minor		V	4	4	4	2	2	2	True	False	False
216	12	9.0	51	9	D	1	4	4	2	1	1/8	True	1	3	3	3	3a	3	9	False	True				{	False	15	V65{	e	i		V65	V		65			Mm7	True	True	(5, 2, -1, 1)	()	1	5	minor	minor	i	i, minor	V		i	i	True	V65	V65, minor		V65, minor		V	4	4	4	5	5	5	True	False	True
216	18	9.0	71	5	B	0	4	4	1	1	3/16	True	1	3	3	3	3a	4	9	False	True				{	False	15	V65{	e	i		V65	V		65			Mm7	True	True	(5, 2, -1, 1)	()	1	5	minor	minor	i	i, minor	V		i	i	True	V65	V65, minor		V65, minor		V	4	4	4	1	1	1	True	True	False
228	12	9.5	47	5	B	0	4	4	2	1	1/8	True	1	3	3	3	3a	2	19/2	False	True					False	16	V7	e	i		V7	V		7			Mm7	True	True	(1, 5, 2, -1)	()	1	1	minor	minor	i	i, minor	V		i	i	True	V7	V7, minor		V7, minor		V	4	4	4	1	1	1	True	True	True
234	6	9.75	72	0	C	0	4	4	1	1	1/16	True	1	3	3	3	3a	5	39/4	False	False					False	16	V7	e	i		V7	V		7			Mm7	True	True	(1, 5, 2, -1)	()	1	1	minor	minor	i	i, minor	V		i	i	True	V7	V7, minor		V7, minor		V	4	4	4	-4	-4	-4	False	False	False
240	12	10.0	52	4	E	0	4	4	2	1	1/8	True	1	3	3	3	3a	3	10	False	True					False	17	V/iv	e	i		V/iv	V				iv	M	True	True	(0, 4, 1)	()	0	0	minor	minor	i	i, minor	V/iv	iv	iv/i	iv	True	V/iv	V/iv, minor		V/iv, minor	iv	iv	4	4	3	0	0	1	True	True	True
240	18	10.0	68	8	G	1	4	4	1	1	3/16	True	1	3	3	3	3a	4	10	False	True					False	17	V/iv	e	i		V/iv	V				iv	M	True	True	(0, 4, 1)	()	0	0	minor	minor	i	i, minor	V/iv	iv	iv/i	iv	True	V/iv	V/iv, minor		V/iv, minor	iv	iv	4	4	3	4	4	5	True	False	False
252	12	10.5	50	2	D	0	4	4	2	1	1/8	True	1	3	3	3	3a	3	21/2	False	True					False	18	V2/iv	e	i		V2/iv	V		2		iv	Mm7	True	True	(-2, 0, 4, 1)	()	0	-2	minor	minor	i	i, minor	V/iv	iv	iv/i	iv	True	V2/iv	V2/iv, minor		V2/iv, minor	iv	iv	4	4	3	-2	-2	-1	True	False	True
258	0	10.75	66	6	F	1	4	4	1	1	0	True	1	3	3	3	3a	4	43/4	False	False					False	18	V2/iv	e	i		V2/iv	V		2		iv	Mm7	True	True	(-2, 0, 4, 1)	()	0	-2	minor	minor	i	i, minor	V/iv	iv	iv/i	iv	True	V2/iv	V2/iv, minor		V2/iv, minor	iv	iv	4	4	3	2	2	3	False	False	False
258	6	10.75	64	4	E	0	4	4	1	1	1/16	True	1	3	3	3	3a	4	43/4	False	False					False	18	V2/iv	e	i		V2/iv	V		2		iv	Mm7	True	True	(-2, 0, 4, 1)	()	0	-2	minor	minor	i	i, minor	V/iv	iv	iv/i	iv	True	V2/iv	V2/iv, minor		V2/iv, minor	iv	iv	4	4	3	0	0	1	True	True	False
264	12	11.0	48	0	C	0	4	4	2	1	1/8	True	1	3	3	3	3a	3	11	False	True					False	19	iv6	e	i		iv6	iv		6			m	True	True	(-4, 0, -1)	()	-1	-4	minor	minor	i	i, minor	iv		i	i	True	iv6	iv6, minor		iv6, minor		iv	4	4	4	-4	-4	-4	True	False	True
264	18	11.0	69	3	A	0	4	4	1	1	3/16	True	1	3	3	3	3a	4	11	False	True					False	19	iv6	e	i		iv6	iv		6			m	True	True	(-4, 0, -1)	()	-1	-4	minor	minor	i	i, minor	iv		i	i	True	iv6	iv6, minor		iv6, minor		iv	4	4	4	-1	-1	-1	True	True	False
276	12	11.5	47	5	B	0	4	4	2	1	1/8	True	1	3	3	3	3a	2	23/2	False	True					False	20	V43/iv	e	i		V43/iv	V		43		iv	Mm7	True	True	(1, -2, 0, 4)	()	0	1	minor	minor	i	i, minor	V/iv	iv	iv/i	iv	True	V43/iv	V43/iv, minor		V43/iv, minor	iv	iv	4	4	3	1	1	2	True	False	True
282	6	11.75	71	5	B	0	4	4	1	1	1/16	True	1	3	3	3	3a	4	47/4	False	False					False	20	V43/iv	e	i		V43/iv	V		43		iv	Mm7	True	True	(1, -2, 0, 4)	()	0	1	minor	minor	i	i, minor	V/iv	iv	iv/i	iv	True	V43/iv	V43/iv, minor		V43/iv, minor	iv	iv	4	4	3	1	1	2	True	False	True
288	0	12.0	71	5	B	0	4	4	1	1	0	True	1	4	4	4	4a	4	12	False	True					False	21	iv	e	i		iv	iv					m	True	True	(-1, -4, 0)	()	-1	-1	minor	minor	i	i, minor	iv		i	i	True	iv	iv, minor		iv, minor		iv	4	4	4	1	1	1	False	False	False
288	12	12.0	45	3	A	0	4	4	2	1	1/8	True	1	4	4	4	4a	2	12	False	True					False	21	iv	e	i		iv	iv					m	True	True	(-1, -4, 0)	()	-1	-1	minor	minor	i	i, minor	iv		i	i	True	iv	iv, minor		iv, minor		iv	4	4	4	-1	-1	-1	True	True	True
288	12	12.0	72	0	C	0	4	4	1	1	1/8	True	1	4	4	4	4a	5	12	False	True					False	21	iv	e	i		iv	iv					m	True	True	(-1, -4, 0)	()	-1	-1	minor	minor	i	i, minor	iv		i	i	True	iv	iv, minor		iv, minor		iv	4	4	4	-4	-4	-4	True	False	False
300	0	12.5	71	5	B	0	4	4	1	1	0	True	1	4	4	4	4a	4	25/2	False	False					False	21	iv	e	i		iv	iv					m	True	True	(-1, -4, 0)	()	-1	-1	minor	minor	i	i, minor	iv		i	i	True	iv	iv, minor		iv, minor		iv	4	4	4	1	1	1	False	False	False
300	6	12.5	57	3	A	0	4	4	2	1	1/16	True	1	4	4	4	4a	3	25/2	False	False					False	21	iv	e	i		iv	iv					m	True	True	(-1, -4, 0)	()	-1	-1	minor	minor	i	i, minor	iv		i	i	True	iv	iv, minor		iv, minor		iv	4	4	4	-1	-1	-1	True	True	True
300	12	12.5	69	3	A	0	4	4	1	1	1/8	True	1	4	4	4	4a	4	25/2	False	False					False	21	iv	e	i		iv	iv					m	True	True	(-1, -4, 0)	()	-1	-1	minor	minor	i	i, minor	iv		i	i	True	iv	iv, minor		iv, minor		iv	4	4	4	-1	-1	-1	True	True	True
306	6	12.75	55	1	G	0	4	4	2	1	1/16	True	1	4	4	4	4a	3	51/4	False	False					False	21	iv	e	i		iv	iv					m	True	True	(-1, -4, 0)	()	-1	-1	minor	minor	i	i, minor	iv		i	i	True	iv	iv, minor		iv, minor		iv	4	4	4	-3	-3	-3	False	False	False
312	12	13.0	54	6	F	1	4	4	2	1	1/8	True	1	4	4	4	4a	3	13	False	True					False	22	III.V65	e	III		V65	V		65			Mm7	True	False	(5, 2, -1, 1)	()	1	5	minor	major	III	III, minor	V		III	III	False	V65	V65, major		V65, major		V	4	1	1	2	5	5	True	False	True
312	18	13.0	74	2	D	0	4	4	1	1	3/16	True	1	4	4	4	4a	5	13	False	True					False	22	III.V65	e	III		V65	V		65			Mm7	True	False	(5, 2, -1, 1)	()	1	5	minor	major	III	III, minor	V		III	III	False	V65	V65, major		V65, major		V	4	1	1	-2	1	1	True	True	False
324	12	13.5	50	2	D	0	4	4	2	1	1/8	True	1	4	4	4	4a	3	27/2	False	True					False	23	V7	e	III		V7	V		7			Mm7	True	False	(1, 5, 2, -1)	()	1	1	minor	major	III	III, minor	V		III	III	False	V7	V7, major		V7, major		V	4	1	1	-2	1	1	True	True	True
330	6	13.75	72	0	C	0	4	4	1	1	1/16	True	1	4	4	4	4a	5	55/4	False	False					False	23	V7	e	III		V7	V		7			Mm7	True	False	(1, 5, 2, -1)	()	1	1	minor	major	III	III, minor	V		III	III	False	V7	V7, major		V7, major		V	4	1	1	-4	-1	-1	True	False	False
336	0	14.0	72	0	C	0	4	4	1	1	0	True	1	4	4	4	4a	5	14	False	True					False	24	I	e	III		I	I					M	True	False	(0, 4, 1)	()	0	0	minor	major	III	III, minor	I		III	III	False	I	I, major		I, major		I	4	1	1	-4	-1	-1	False	False	False
336	12	14.0	55	1	G	0	4	4	2	1	1/8	True	1	4	4	4	4a	3	14	False	True					False	24	I	e	III		I	I					M	True	False	(0, 4, 1)	()	0	0	minor	major	III	III, minor	I		III	III	False	I	I, major		I, major		I	4	1	1	-3	0	0	True	True	True
336	12	14.0	71	5	B	0	4	4	1	1	1/8	True	1	4	4	4	4a	4	14	False	True					False	24	I	e	III		I	I					M	True	False	(0, 4, 1)	()	0	0	minor	major	III	III, minor	I		III	III	False	I	I, major		I, major		I	4	1	1	1	4	4	True	False	False
348	12	14.5	54	6	F	1	4	4	2	1	1/8	True	1	4	4	4	4a	3	29/2	False	True					False	25	IM2	e	III		IM2	I	M	2			MM7	True	False	(5, 0, 4, 1)	()	0	5	minor	major	III	III, minor	I		III	III	False	IM2	IM2, major		IM2, major		I	4	1	1	2	5	5	True	False	True
348	6	14.5	72	0	C	0	4	4	1	1	1/16	True	1	4	4	4	4a	5	29/2	False	True					False	25	IM2	e	III		IM2	I	M	2			MM7	True	False	(5, 0, 4, 1)	()	0	5	minor	major	III	III, minor	I		III	III	False	IM2	IM2, major		IM2, major		I	4	1	1	-4	-1	-1	False	False	False
354	6	14.75	74	2	D	0	4	4	1	1	1/16	True	1	4	4	4	4a	5	59/4	False	False					False	25	IM2	e	III		IM2	I	M	2			MM7	True	False	(5, 0, 4, 1)	()	0	5	minor	major	III	III, minor	I		III	III	False	IM2	IM2, major		IM2, major		I	4	1	1	-2	1	1	True	False	False
360	24	15.0	52	4	E	0	4	4	2	1	1/4	True	1	4	4	4	4a	3	15	False	True					False	26	vi7	e	III		vi7	vi		7			mm7	True	False	(3, 0, 4, 1)	()	3	3	minor	major	III	III, minor	vi		III	III	False	vi7	vi7, major		vi7, major		vi	4	1	1	0	3	3	True	True	True
360	12	15.0	67	1	G	0	4	4	1	1	1/8	True	1	4	4	4	4a	4	15	False	True					False	26	vi7	e	III		vi7	vi		7			mm7	True	False	(3, 0, 4, 1)	()	3	3	minor	major	III	III, minor	vi		III	III	False	vi7	vi7, major		vi7, major		vi	4	1	1	-3	0	0	True	False	False
372	9	15.5	66	6	F	1	4	4	1	1	3/32	True	1	4	4	4	4a	4	31/2	False	True					False	27	viio6/V	e	III		viio6/V	vii	o	6		V	o	True	False	(3, 0, 6)	()	6	3	minor	major	III	III, minor	vii/V	V	V/III	VII	False	viio6/V	viio6/V, major		viio6/V, major	V	V	4	1	2	2	5	4	False	False	False
381	3	15.875	67	1	G	0	4	4	1	1	1/32	True	1	4	4	4	4a	4	127/8	False	False					False	27	viio6/V	e	III		viio6/V	vii	o	6		V	o	True	False	(3, 0, 6)	()	6	3	minor	major	III	III, minor	vii/V	V	V/III	VII	False	viio6/V	viio6/V, major		viio6/V, major	V	V	4	1	2	-3	0	-1	True	False	False
384	0	16.0	67	1	G	0	4	4	1	1	0	True	1	5	5	5	5a	4	16	False	True	HC.TEN	HC	TEN	}	True	28	V|HC.TEN}	e	III		V	V					M	True	False	(1, 5, 2)	()	1	1	minor	major	III	III, minor	V		III	III	False	V	V, major		V, major		V	4	1	1	-3	0	0	False	False	False
384	12	16.0	50	2	D	0	4	4	2	1	1/8	True	1	5	5	5	5a	3	16	False	True	HC.TEN	HC	TEN	}	True	28	V|HC.TEN}	e	III		V	V					M	True	False	(1, 5, 2)	()	1	1	minor	major	III	III, minor	V		III	III	False	V	V, major		V, major		V	4	1	1	-2	1	1	True	True	True
384	24	16.0	69	3	A	0	4	4	1	1	1/4	True	1	5	5	5	5a	4	16	False	True	HC.TEN	HC	TEN	}	True	28	V|HC.TEN}	e	III		V	V					M	True	False	(1, 5, 2)	()	1	1	minor	major	III	III, minor	V		III	III	False	V	V, major		V, major		V	4	1	1	-1	2	2	True	False	False
396	12	16.5	48	0	C	0	4	4	2	1	1/8	True	1	5	5	5	5a	3	33/2	False	True					False	29	V2	e	III		V2	V		2			Mm7	True	False	(-1, 1, 5, 2)	()	1	-1	minor	major	III	III, minor	V		III	III	False	V2	V2, major		V2, major		V	4	1	1	-4	-1	-1	True	False	True
408	12	17.0	47	5	B	0	4	4	2	1	1/8	True	1	5	5	5	5a	2	17	False	True					False	30	I6	e	III		I6	I		6			M	True	False	(4, 1, 0)	()	0	4	minor	major	III	III, minor	I		III	III	False	I6	I6, major		I6, major		I	4	1	1	1	4	4	True	False	True
420	12	17.5	43	1	G	0	4	4	2	1	1/8	True	1	5	5	5	5a	2	35/2	False	True					False	31	I	e	III		I	I					M	True	False	(0, 4, 1)	()	0	0	minor	major	III	III, minor	I		III	III	False	I	I, major		I, major		I	4	1	1	-3	0	0	True	True	True
426	6	17.75	74	2	D	0	4	4	1	1	1/16	True	1	5	5	5	5a	5	71/4	False	False					False	31	I	e	III		I	I					M	True	False	(0, 4, 1)	()	0	0	minor	major	III	III, minor	I		III	III	False	I	I, major		I, major		I	4	1	1	-2	1	1	True	False	False
432	12	18.0	48	0	C	0	4	4	2	1	1/8	True	1	5	5	5	5a	3	18	False	True				{	False	32	IV{	e	III		IV	IV					M	True	False	(-1, 3, 0)	()	-1	-1	minor	major	III	III, minor	IV		III	III	False	IV	IV, major		IV, major		IV	4	1	1	-4	-1	-1	True	True	True
432	18	18.0	76	4	E	0	4	4	1	1	3/16	True	1	5	5	5	5a	5	18	False	True				{	False	32	IV{	e	III		IV	IV					M	True	False	(-1, 3, 0)	()	-1	-1	minor	major	III	III, minor	IV		III	III	False	IV	IV, major		IV, major		IV	4	1	1	0	3	3	True	False	False
444	12	18.5	47	5	B	0	4	4	2	1	1/8	True	1	5	5	5	5a	2	37/2	False	True					False	33	IVM2	e	III		IVM2	IV	M	2			MM7	True	False	(4, -1, 3, 0)	()	-1	4	minor	major	III	III, minor	IV		III	III	False	IVM2	IVM2, major		IVM2, major		IV	4	1	1	1	4	4	True	False	True
450	3	18.75	78	6	F	1	4	4	1	1	1/32	True	1	5	5	5	5a	5	75/4	False	False					False	33	IVM2	e	III		IVM2	IV	M	2			MM7	True	False	(4, -1, 3, 0)	()	-1	4	minor	major	III	III, minor	IV		III	III	False	IVM2	IVM2, major		IVM2, major		IV	4	1	1	2	5	5	False	False	False
453	3	18.875	76	4	E	0	4	4	1	1	1/32	True	1	5	5	5	5a	5	151/8	False	False					False	33	IVM2	e	III		IVM2	IV	M	2			MM7	True	False	(4, -1, 3, 0)	()	-1	4	minor	major	III	III, minor	IV		III	III	False	IVM2	IVM2, major		IVM2, major		IV	4	1	1	0	3	3	True	False	False
456	12	19.0	48	0	C	0	4	4	2	1	1/8	True	1	5	5	5	5a	3	19	False	True					False	34	ii65	e	III		ii65	ii		65			mm7	True	False	(-1, 3, 0, 2)	()	2	-1	minor	major	III	III, minor	ii		III	III	False	ii65	ii65, major		ii65, major		ii	4	1	1	-4	-1	-1	True	False	True
456	18	19.0	76	4	E	0	4	4	1	1	3/16	True	1	5	5	5	5a	5	19	False	True					False	34	ii65	e	III		ii65	ii		65			mm7	True	False	(-1, 3, 0, 2)	()	2	-1	minor	major	III	III, minor	ii		III	III	False	ii65	ii65, major		ii65, major		ii	4	1	1	0	3	3	True	False	False
468	12	19.5	45	3	A	0	4	4	2	1	1/8	True	1	5	5	5	5a	2	39/2	False	True					False	35	ii7	e	III		ii7	ii		7			mm7	True	False	(2, -1, 3, 0)	()	2	2	minor	major	III	III, minor	ii		III	III	False	ii7	ii7, major		ii7, major		ii	4	1	1	-1	2	2	True	True	True
474	3	19.75	74	2	D	0	4	4	1	1	1/32	True	1	5	5	5	5a	5	79/4	False	False					False	35	ii7	e	III		ii7	ii		7			mm7	True	False	(2, -1, 3, 0)	()	2	2	minor	major	III	III, minor	ii		III	III	False	ii7	ii7, major		ii7, major		ii	4	1	1	-2	1	1	False	False	False
477	3	19.875	76	4	E	0	4	4	1	1	1/32	True	1	5	5	5	5a	5	159/8	False	False					False	35	ii7	e	III		ii7	ii		7			mm7	True	False	(2, -1, 3, 0)	()	2	2	minor	major	III	III, minor	ii		III	III	False	ii7	ii7, major		ii7, major		ii	4	1	1	0	3	3	True	False	False
480	0	20.0	76	4	E	0	4	4	1	1	0	True	1	6	6	6	6a	5	20	False	True					False	36	V	e	III		V	V					M	True	False	(1, 5, 2)	()	1	1	minor	major	III	III, minor	V		III	III	False	V	V, major		V, major		V	4	1	1	0	3	3	False	False	False
480	12	20.0	50	2	D	0	4	4	2	1	1/8	True	1	6	6	6	6a	3	20	False	True					False	36	V	e	III		V	V					M	True	False	(1, 5, 2)	()	1	1	minor	major	III	III, minor	V		III	III	False	V	V, major		V, major		V	4	1	1	-2	1	1	True	True	True
480	24	20.0	78	6	F	1	4	4	1	1	1/4	True	1	6	6	6	6a	5	20	False	True					False	36	V	e	III		V	V					M	True	False	(1, 5, 2)	()	1	1	minor	major	III	III, minor	V		III	III	False	V	V, major		V, major		V	4	1	1	2	5	5	True	False	False
492	12	20.5	48	0	C	0	4	4	2	1	1/8	True	1	6	6	6	6a	3	41/2	False	True					False	37	V2	e	III		V2	V		2			Mm7	True	False	(-1, 1, 5, 2)	()	1	-1	minor	major	III	III, minor	V		III	III	False	V2	V2, major		V2, major		V	4	1	1	-4	-1	-1	True	False	True
504	0	21.0	79	1	G	0	4	4	1	1	0	True	1	6	6	6	6a	5	21	False	True					False	38	iii6	e	III		iii6	iii		6			m	True	False	(1, 5, 4)	()	4	1	minor	major	III	III, minor	iii		III	III	False	iii6	iii6, major		iii6, major		iii	4	1	1	-3	0	0	False	False	False
504	0	21.0	78	6	F	1	4	4	1	1	0	True	1	6	6	6	6a	5	21	False	True					False	38	iii6	e	III		iii6	iii		6			m	True	False	(1, 5, 4)	()	4	1	minor	major	III	III, minor	iii		III	III	False	iii6	iii6, major		iii6, major		iii	4	1	1	2	5	5	True	False	False
504	0	21.0	76	4	E	0	4	4	1	1	0	True	1	6	6	6	6a	5	21	False	True					False	38	iii6	e	III		iii6	iii		6			m	True	False	(1, 5, 4)	()	4	1	minor	major	III	III, minor	iii		III	III	False	iii6	iii6, major		iii6, major		iii	4	1	1	0	3	3	False	False	False
504	0	21.0	78	6	F	1	4	4	1	1	0	True	1	6	6	6	6a	5	21	False	True					False	38	iii6	e	III		iii6	iii		6			m	True	False	(1, 5, 4)	()	4	1	minor	major	III	III, minor	iii		III	III	False	iii6	iii6, major		iii6, major		iii	4	1	1	2	5	5	True	False	False
504	12	21.0	50	2	D	0	4	4	2	1	1/8	True	1	6	6	6	6a	3	21	False	True					False	38	iii6	e	III		iii6	iii		6			m	True	False	(1, 5, 4)	()	4	1	minor	major	III	III, minor	iii		III	III	False	iii6	iii6, major		iii6, major		iii	4	1	1	-2	1	1	True	False	True
504	18	21.0	78	6	F	1	4	4	1	1	3/16	True	1	6	6	6	6a	5	21	False	True					False	38	iii6	e	III		iii6	iii		6			m	True	False	(1, 5, 4)	()	4	1	minor	major	III	III, minor	iii		III	III	False	iii6	iii6, major		iii6, major		iii	4	1	1	2	5	5	True	False	False
516	12	21.5	47	5	B	0	4	4	2	1	1/8	True	1	6	6	6	6a	2	43/2	False	True					False	39	iii	e	III		iii	iii					m	True	False	(4, 1, 5)	()	4	4	minor	major	III	III, minor	iii		III	III	False	iii	iii, major		iii, major		iii	4	1	1	1	4	4	True	True	True
522	3	21.75	76	4	E	0	4	4	1	1	1/32	True	1	6	6	6	6a	5	87/4	False	False					False	39	iii	e	III		iii	iii					m	True	False	(4, 1, 5)	()	4	4	minor	major	III	III, minor	iii		III	III	False	iii	iii, major		iii, major		iii	4	1	1	0	3	3	False	False	False
525	3	21.875	78	6	F	1	4	4	1	1	1/32	True	1	6	6	6	6a	5	175/8	False	False					False	39	iii	e	III		iii	iii					m	True	False	(4, 1, 5)	()	4	4	minor	major	III	III, minor	iii		III	III	False	iii	iii, major		iii, major		iii	4	1	1	2	5	5	True	False	False
528	0	22.0	78	6	F	1	4	4	1	1	0	True	1	6	6	6	6a	5	22	False	True					False	40	vi	e	III		vi	vi					m	True	False	(3, 0, 4)	()	3	3	minor	major	III	III, minor	vi		III	III	False	vi	vi, major		vi, major		vi	4	1	1	2	5	5	False	False	False
528	12	22.0	52	4	E	0	4	4	2	1	1/8	True	1	6	6	6	6a	3	22	False	True					False	40	vi	e	III		vi	vi					m	True	False	(3, 0, 4)	()	3	3	minor	major	III	III, minor	vi		III	III	False	vi	vi, major		vi, major		vi	4	1	1	0	3	3	True	True	True
528	18	22.0	79	1	G	0	4	4	1	1	3/16	True	1	6	6	6	6a	5	22	False	True					False	40	vi	e	III		vi	vi					m	True	False	(3, 0, 4)	()	3	3	minor	major	III	III, minor	vi		III	III	False	vi	vi, major		vi, major		vi	4	1	1	-3	0	0	True	False	False
540	12	22.5	40	4	E	0	4	4	2	1	1/8	True	1	6	6	6	6a	2	45/2	False	True					False	41	IV6	e	III		IV6	IV		6			M	True	False	(3, 0, -1)	()	-1	3	minor	major	III	III, minor	IV		III	III	False	IV6	IV6, major		IV6, major		IV	4	1	1	0	3	3	True	False	True
546	6	22.75	67	1	G	0	4	4	1	1	1/16	True	1	6	6	6	6a	4	91/4	False	False					False	41	IV6	e	III		IV6	IV		6			M	True	False	(3, 0, -1)	()	-1	3	minor	major	III	III, minor	IV		III	III	False	IV6	IV6, major		IV6, major		IV	4	1	1	-3	0	0	True	False	False
552	12	23.0	42	6	F	1	4	4	2	1	1/8	True	1	6	6	6	6a	2	23	False	True					False	42	V65	e	III		V65	V		65			Mm7	True	False	(5, 2, -1, 1)	()	1	5	minor	major	III	III, minor	V		III	III	False	V65	V65, major		V65, major		V	4	1	1	2	5	5	True	False	True
552	18	23.0	69	3	A	0	4	4	1	1	3/16	True	1	6	6	6	6a	4	23	False	True					False	42	V65	e	III		V65	V		65			Mm7	True	False	(5, 2, -1, 1)	()	1	5	minor	major	III	III, minor	V		III	III	False	V65	V65, major		V65, major		V	4	1	1	-1	2	2	True	False	False
564	12	23.5	43	1	G	0	4	4	2	1	1/8	True	1	6	6	6	6a	2	47/2	False	True					False	43	I	e	III		I	I					M	True	False	(0, 4, 1)	()	0	0	minor	major	III	III, minor	I		III	III	False	I	I, major		I, major		I	4	1	1	-3	0	0	True	True	True
570	6	23.75	71	5	B	0	4	4	1	1	1/16	True	1	6	6	6	6a	4	95/4	False	False					False	43	I	e	III		I	I					M	True	False	(0, 4, 1)	()	0	0	minor	major	III	III, minor	I		III	III	False	I	I, major		I, major		I	4	1	1	1	4	4	True	False	False
576	12	24.0	50	2	D	0	4	4	2	1	1/8	True	1	7	7	7	7a	3	24	False	True					False	44	V(64)	e	III		V(64)	V			64		M	True	False	(1, 0, 4)	()	1	1	minor	major	III	III, minor	V		III	III	False	V	V, major		V(64), major		V	4	1	1	-2	1	1	True	True	True
576	24	24.0	67	1	G	0	4	4	1	2	1/4	True	1	7	7	7	7a	4	24	False	True					False	44	V(64)	e	III		V(64)	V			64		M	True	False	(1, 0, 4)	()	1	1	minor	major	III	III, minor	V		III	III	False	V	V, major		V(64), major		V	4	1	1	-3	0	0	True	False	False
576	24	24.0	71	5	B	0	4	4	1	1	1/4	True	1	7	7	7	7a	4	24	False	True					False	44	V(64)	e	III		V(64)	V			64		M	True	False	(1, 0, 4)	()	1	1	minor	major	III	III, minor	V		III	III	False	V	V, major		V(64), major		V	4	1	1	1	4	4	True	False	False
588	12	24.5	48	0	C	0	4	4	2	1	1/8	True	1	7	7	7	7a	3	49/2	False	False					False	44	V(64)	e	III		V(64)	V			64		M	True	False	(1, 0, 4)	()	1	1	minor	major	III	III, minor	V		III	III	False	V	V, major		V(64), major		V	4	1	1	-4	-1	-1	False	False	False
600	12	25.0	50	2	D	0	4	4	2	1	1/8	True	1	7	7	7	7a	3	25	False	True					False	45	V	e	III		V	V					M	True	False	(1, 5, 2)	()	1	1	minor	major	III	III, minor	V		III	III	False	V	V, major		V, major		V	4	1	1	-2	1	1	True	True	True
600	18	25.0	66	6	F	1	4	4	1	2	3/16	True	1	7	7	7	7a	4	25	False	True					False	45	V	e	III		V	V					M	True	False	(1, 5, 2)	()	1	1	minor	major	III	III, minor	V		III	III	False	V	V, major		V, major		V	4	1	1	2	5	5	True	False	False
600	18	25.0	69	3	A	0	4	4	1	1	3/16	True	1	7	7	7	7a	4	25	False	True					False	45	V	e	III		V	V					M	True	False	(1, 5, 2)	()	1	1	minor	major	III	III, minor	V		III	III	False	V	V, major		V, major		V	4	1	1	-1	2	2	True	False	False
612	12	25.5	38	2	D	0	4	4	2	1	1/8	True	1	7	7	7	7a	2	51/2	False	False					False	45	V	e	III		V	V					M	True	False	(1, 5, 2)	()	1	1	minor	major	III	III, minor	V		III	III	False	V	V, major		V, major		V	4	1	1	-2	1	1	True	True	True
618	6	25.75	67	1	G	0	4	4	1	1	1/16	True	1	7	7	7	7a	4	103/4	False	False					False	45	V	e	III		V	V					M	True	False	(1, 5, 2)	()	1	1	minor	major	III	III, minor	V		III	III	False	V	V, major		V, major		V	4	1	1	-3	0	0	False	False	False
618	6	25.75	67	1	G	0	4	4	1	2	1/16	True	1	7	7	7	7a	4	103/4	False	False					False	45	V	e	III		V	V					M	True	False	(1, 5, 2)	()	1	1	minor	major	III	III, minor	V		III	III	False	V	V, major		V, major		V	4	1	1	-3	0	0	False	False	False
624	12	26.0	43	1	G	0	4	4	2	1	1/8	True	1	7	7	7	7a	2	26	False	True	PAC	PAC		}	True	46	I|PAC}	e	III		I	I					M	True	False	(0, 4, 1)	()	0	0	minor	major	III	III, minor	I		III	III	False	I	I, major		I, major		I	4	1	1	-3	0	0	True	True	True
624	24	26.0	59	5	B	0	4	4	1	2	1/4	True	1	7	7	7	7a	3	26	False	True	PAC	PAC		}	True	46	I|PAC}	e	III		I	I					M	True	False	(0, 4, 1)	()	0	0	minor	major	III	III, minor	I		III	III	False	I	I, major		I, major		I	4	1	1	1	4	4	True	False	False
624	24	26.0	62	2	D	0	4	4	1	1	1/4	True	1	7	7	7	7a	4	26	False	True	PAC	PAC		}	True	46	I|PAC}	e	III		I	I					M	True	False	(0, 4, 1)	()	0	0	minor	major	III	III, minor	I		III	III	False	I	I, major		I, major		I	4	1	1	-2	1	1	True	False	False
624	24	26.0	67	1	G	0	4	4	1	1	1/4	True	1	7	7	7	7a	4	26	False	True	PAC	PAC		}	True	46	I|PAC}	e	III		I	I					M	True	False	(0, 4, 1)	()	0	0	minor	major	III	III, minor	I		III	III	False	I	I, major		I, major		I	4	1	1	-3	0	0	True	True	True
636	12	26.5	50	2	D	0	4	4	2	1	1/8	True	1	7	7	7	7a	3	53/2	False	False					False	46	I|PAC}	e	III		I	I					M	True	False	(0, 4, 1)	()	0	0	minor	major	III	III, minor	I		III	III	False	I	I, major		I, major		I	4	1	1	-2	1	1	True	False	False
648	12	27.0	55	1	G	0	4	4	2	1	1/8	True	1	7	7	7	7a	3	27	False	False					False	46	I|PAC}	e	III		I	I					M	True	False	(0, 4, 1)	()	0	0	minor	major	III	III, minor	I		III	III	False	I	I, major		I, major		I	4	1	1	-3	0	0	True	True	True
660	12	27.5	54	6	F	1	4	4	2	1	1/8	True	1	7	7	7	7a	3	55/2	False	False					False	46	I|PAC}	e	III		I	I					M	True	False	(0, 4, 1)	()	0	0	minor	major	III	III, minor	I		III	III	False	I	I, major		I, major		I	4	1	1	2	5	5	False	False	False
672	12	28.0	52	4	E	0	4	4	2	1	1/8	True	1	8	8	8	8a	3	28	False	True					False	47	i.i	e	i		i	i					m	True	True	(0, -3, 1)	()	0	0	minor	minor	i	i, minor	i		i	i	True	i	i, minor		i, minor		i	4	4	4	0	0	0	True	True	True
684	12	28.5	64	4	E	0	4	4	2	1	1/8	True	1	8	8	8	8a	4	57/2	False	False					False	47	i.i	e	i		i	i					m	True	True	(0, -3, 1)	()	0	0	minor	minor	i	i, minor	i		i	i	True	i	i, minor		i, minor		i	4	4	4	0	0	0	True	True	True
690	6	28.75	79	1	G	0	4	4	1	1	1/16	True	1	8	8	8	8a	5	115/4	False	False					False	47	i.i	e	i		i	i					m	True	True	(0, -3, 1)	()	0	0	minor	minor	i	i, minor	i		i	i	True	i	i, minor		i, minor		i	4	4	4	-3	-3	-3	True	False	False
696	12	29.0	62	2	D	0	4	4	2	1	1/8	True	1	8	8	8	8a	4	29	False	True				{	False	48	v6{	e	i		v6	v		6			m	True	True	(-2, 2, 1)	()	1	-2	minor	minor	i	i, minor	v		i	i	True	v6	v6, minor		v6, minor		v	4	4	4	-2	-2	-2	True	False	True
696	18	29.0	78	6	F	1	4	4	1	1	3/16	True	1	8	8	8	8a	5	29	False	True				{	False	48	v6{	e	i		v6	v		6			m	True	True	(-2, 2, 1)	()	1	-2	minor	minor	i	i, minor	v		i	i	True	v6	v6, minor		v6, minor		v	4	4	4	2	2	2	True	False	False
708	12	29.5	59	5	B	0	4	4	2	1	1/8	True	1	8	8	8	8a	3	59/2	False	True					False	49	IIIM65	e	i		IIIM65	III	M	65			MM7	True	True	(1, -2, 2, -3)	()	-3	1	minor	minor	i	i, minor	III		i	i	True	IIIM65	IIIM65, minor		IIIM65, minor		III	4	4	4	1	1	1	True	False	True
714	6	29.75	79	1	G	0	4	4	1	1	1/16	True	1	8	8	8	8a	5	119/4	False	False					False	49	IIIM65	e	i		IIIM65	III	M	65			MM7	True	True	(1, -2, 2, -3)	()	-3	1	minor	minor	i	i, minor	III		i	i	True	IIIM65	IIIM65, minor		IIIM65, minor		III	4	4	4	-3	-3	-3	True	True	False
720	12	30.0	60	0	C	0	4	4	2	1	1/8	True	1	8	8	8	8a	4	30	False	True					False	50	VI7	e	i		VI7	VI		7			Mm7	True	True	(-4, 0, -3, -6)	()	-4	-4	minor	minor	i	i, minor	VI		i	i	True	VI7	VI7, minor		VI7, minor		VI	4	4	4	-4	-4	-4	True	True	True
720	18	30.0	76	4	E	0	4	4	1	1	3/16	True	1	8	8	8	8a	5	30	False	True					False	50	VI7	e	i		VI7	VI		7			Mm7	True	True	(-4, 0, -3, -6)	()	-4	-4	minor	minor	i	i, minor	VI		i	i	True	VI7	VI7, minor		VI7, minor		VI	4	4	4	0	0	0	True	False	False
732	12	30.5	59	5	B	0	4	4	2	1	1/8	True	1	8	8	8	8a	3	61/2	False	True					False	51	V43/iv	e	i		V43/iv	V		43		iv	Mm7	True	True	(1, -2, 0, 4)	()	0	1	minor	minor	i	i, minor	V/iv	iv	iv/i	iv	True	V43/iv	V43/iv, minor		V43/iv, minor	iv	iv	4	4	3	1	1	2	True	False	True
738	6	30.75	76	4	E	0	4	4	1	1	1/16	True	1	8	8	8	8a	5	123/4	False	False					False	51	V43/iv	e	i		V43/iv	V		43		iv	Mm7	True	True	(1, -2, 0, 4)	()	0	1	minor	minor	i	i, minor	V/iv	iv	iv/i	iv	True	V43/iv	V43/iv, minor		V43/iv, minor	iv	iv	4	4	3	0	0	1	True	True	False
744	12	31.0	60	0	C	0	4	4	2	1	1/8	True	1	8	8	8	8a	4	31	False	True					False	52	iv6	e	i		iv6	iv		6			m	True	True	(-4, 0, -1)	()	-1	-4	minor	minor	i	i, minor	iv		i	i	True	iv6	iv6, minor		iv6, minor		iv	4	4	4	-4	-4	-4	True	False	True
744	24	31.0	72	0	C	0	4	4	1	2	1/4	True	1	8	8	8	8a	5	31	False	True					False	52	iv6	e	i		iv6	iv		6			m	True	True	(-4, 0, -1)	()	-1	-4	minor	minor	i	i, minor	iv		i	i	True	iv6	iv6, minor		iv6, minor		iv	4	4	4	-4	-4	-4	True	False	True
744	24	31.0	76	4	E	0	4	4	1	1	1/4	True	1	8	8	8	8a	5	31	False	True					False	52	iv6	e	i		iv6	iv		6			m	True	True	(-4, 0, -1)	()	-1	-4	minor	minor	i	i, minor	iv		i	i	True	iv6	iv6, minor		iv6, minor		iv	4	4	4	0	0	0	True	False	False
744	24	31.0	81	3	A	0	4	4	1	1	1/4	True	1	8	8	8	8a	5	31	False	True					False	52	iv6	e	i		iv6	iv		6			m	True	True	(-4, 0, -1)	()	-1	-4	minor	minor	i	i, minor	iv		i	i	True	iv6	iv6, minor		iv6, minor		iv	4	4	4	-1	-1	-1	True	True	False
756	12	31.5	57	3	A	0	4	4	2	1	1/8	True	1	8	8	8	8a	3	63/2	False	True					False	53	iv	e	i		iv	iv					m	True	True	(-1, -4, 0)	()	-1	-1	minor	minor	i	i, minor	iv		i	i	True	iv	iv, minor		iv, minor		iv	4	4	4	-1	-1	-1	True	True	True
768	12	32.0	52	4	E	0	4	4	2	1	1/8	True	1	9	9	9	9a	3	32	False	True					False	54	iv.V64	e	iv		V64	V		64			M	True	True	(2, 1, 5)	()	1	2	minor	minor	iv	iv, minor	V		iv	iv	True	V64	V64, minor		V64, minor		V	4	3	3	0	1	1	True	True	False
768	18	32.0	72	0	C	0	4	4	1	2	3/16	False	1	9	9	9	9a	5	32	False	True					False	54	iv.V64	e	iv		V64	V		64			M	True	True	(2, 1, 5)	()	1	2	minor	minor	iv	iv, minor	V		iv	iv	True	V64	V64, minor		V64, minor		V	4	3	3	-4	-3	-3	False	False	False
768	18	32.0	76	4	E	0	4	4	1	1	3/16	True	1	9	9	9	9a	5	32	False	True					False	54	iv.V64	e	iv		V64	V		64			M	True	True	(2, 1, 5)	()	1	2	minor	minor	iv	iv, minor	V		iv	iv	True	V64	V64, minor		V64, minor		V	4	3	3	0	1	1	True	True	False
768	18	32.0	81	3	A	0	4	4	1	1	3/16	True	1	9	9	9	9a	5	32	False	True					False	54	iv.V64	e	iv		V64	V		64			M	True	True	(2, 1, 5)	()	1	2	minor	minor	iv	iv, minor	V		iv	iv	True	V64	V64, minor		V64, minor		V	4	3	3	-1	0	0	False	False	False
780	12	32.5	50	2	D	0	4	4	2	1	1/8	True	1	9	9	9	9a	3	65/2	False	True					False	55	ii%65	e	iv		ii%65	ii	%	65			%7	True	True	(-1, -4, 0, 2)	()	2	-1	minor	minor	iv	iv, minor	ii		iv	iv	True	ii%65	ii%65, minor		ii%65, minor		ii	4	3	3	-2	-1	-1	True	False	True
786	6	32.75	71	5	B	0	4	4	1	1	1/16	True	1	9	9	9	9a	4	131/4	False	False					False	55	ii%65	e	iv		ii%65	ii	%	65			%7	True	True	(-1, -4, 0, 2)	()	2	-1	minor	minor	iv	iv, minor	ii		iv	iv	True	ii%65	ii%65, minor		ii%65, minor		ii	4	3	3	1	2	2	True	True	False
786	6	32.75	71	5	B	0	4	4	1	2	1/16	True	1	9	9	9	9a	4	131/4	False	False					False	55	ii%65	e	iv		ii%65	ii	%	65			%7	True	True	(-1, -4, 0, 2)	()	2	-1	minor	minor	iv	iv, minor	ii		iv	iv	True	ii%65	ii%65, minor		ii%65, minor		ii	4	3	3	1	2	2	True	True	False
792	0	33.0	71	5	B	0	4	4	1	1	0	True	1	9	9	9	9a	4	33	False	True					False	56	V(64)	e	iv		V(64)	V			64		M	True	True	(1, 0, -3)	()	1	1	minor	minor	iv	iv, minor	V		iv	iv	True	V	V, minor		V(64), minor		V	4	3	3	1	2	2	False	False	False
792	12	33.0	52	4	E	0	4	4	2	1	1/8	True	1	9	9	9	9a	3	33	False	True					False	56	V(64)	e	iv		V(64)	V			64		M	True	True	(1, 0, -3)	()	1	1	minor	minor	iv	iv, minor	V		iv	iv	True	V	V, minor		V(64), minor		V	4	3	3	0	1	1	True	True	True
792	12	33.0	69	3	A	0	4	4	1	2	1/8	True	1	9	9	9	9a	4	33	False	True					False	56	V(64)	e	iv		V(64)	V			64		M	True	True	(1, 0, -3)	()	1	1	minor	minor	iv	iv, minor	V		iv	iv	True	V	V, minor		V(64), minor		V	4	3	3	-1	0	0	True	False	False
792	18	33.0	72	0	C	0	4	4	1	1	3/16	True	1	9	9	9	9a	5	33	False	True					False	56	V(64)	e	iv		V(64)	V			64		M	True	True	(1, 0, -3)	()	1	1	minor	minor	iv	iv, minor	V		iv	iv	True	V	V, minor		V(64), minor		V	4	3	3	-4	-3	-3	True	False	False
804	12	33.5	40	4	E	0	4	4	2	1	1/8	True	1	9	9	9	9a	2	67/2	False	True					False	57	V7	e	iv		V7	V		7			Mm7	True	True	(1, 5, 2, -1)	()	1	1	minor	minor	iv	iv, minor	V		iv	iv	True	V7	V7, minor		V7, minor		V	4	3	3	0	1	1	True	True	True
804	12	33.5	68	8	G	1	4	4	1	2	1/8	True	1	9	9	9	9a	4	67/2	False	True					False	57	V7	e	iv		V7	V		7			Mm7	True	True	(1, 5, 2, -1)	()	1	1	minor	minor	iv	iv, minor	V		iv	iv	True	V7	V7, minor		V7, minor		V	4	3	3	4	5	5	True	False	False
810	6	33.75	74	2	D	0	4	4	1	1	1/16	True	1	9	9	9	9a	5	135/4	False	False					False	57	V7	e	iv		V7	V		7			Mm7	True	True	(1, 5, 2, -1)	()	1	1	minor	minor	iv	iv, minor	V		iv	iv	True	V7	V7, minor		V7, minor		V	4	3	3	-2	-1	-1	True	False	False
816	12	34.0	45	3	A	0	4	4	2	1	1/8	True	1	9	9	9	9a	2	34	False	True	IAC	IAC		}	True	58	i|IAC}	e	iv		i	i					m	True	True	(0, -3, 1)	()	0	0	minor	minor	iv	iv, minor	i		iv	iv	True	i	i, minor		i, minor		i	4	3	3	-1	0	0	True	True	True
816	12	34.0	69	3	A	0	4	4	1	2	1/8	True	1	9	9	9	9a	4	34	False	True	IAC	IAC		}	True	58	i|IAC}	e	iv		i	i					m	True	True	(0, -3, 1)	()	0	0	minor	minor	iv	iv, minor	i		iv	iv	True	i	i, minor		i, minor		i	4	3	3	-1	0	0	True	True	True
816	12	34.0	72	0	C	0	4	4	1	1	1/8	True	1	9	9	9	9a	5	34	False	True	IAC	IAC		}	True	58	i|IAC}	e	iv		i	i					m	True	True	(0, -3, 1)	()	0	0	minor	minor	iv	iv, minor	i		iv	iv	True	i	i, minor		i, minor		i	4	3	3	-4	-3	-3	True	False	False
828	0	34.5	71	5	B	0	4	4	1	1	0	True	1	9	9	9	9a	4	69/2	False	False					False	58	i|IAC}	e	iv		i	i					m	True	True	(0, -3, 1)	()	0	0	minor	minor	iv	iv, minor	i		iv	iv	True	i	i, minor		i, minor		i	4	3	3	1	2	2	False	False	False
828	12	34.5	52	4	E	0	4	4	2	1	1/8	True	1	9	9	9	9a	3	69/2	False	False					False	58	i|IAC}	e	iv		i	i					m	True	True	(0, -3, 1)	()	0	0	minor	minor	iv	iv, minor	i		iv	iv	True	i	i, minor		i, minor		i	4	3	3	0	1	1	True	False	False
828	12	34.5	69	3	A	0	4	4	1	1	1/8	True	1	9	9	9	9a	4	69/2	False	False					False	58	i|IAC}	e	iv		i	i					m	True	True	(0, -3, 1)	()	0	0	minor	minor	iv	iv, minor	i		iv	iv	True	i	i, minor		i, minor		i	4	3	3	-1	0	0	True	True	True
840	12	35.0	57	3	A	0	4	4	2	1	1/8	True	1	9	9	9	9a	3	35	False	False					False	58	i|IAC}	e	iv		i	i					m	True	True	(0, -3, 1)	()	0	0	minor	minor	iv	iv, minor	i		iv	iv	True	i	i, minor		i, minor		i	4	3	3	-1	0	0	True	True	True
852	12	35.5	55	1	G	0	4	4	2	1	1/8	True	1	9	9	9	9a	3	71/2	False	True					False	59	i.IV2	e	i		IV2	IV		2			Mm7	True	True	(-3, -1, 3, 0)	()	-1	-3	minor	minor	i	i, minor	IV		i	i	True	IV2	IV2, minor		IV2, minor		IV	4	4	4	-3	-3	-3	True	False	True
858	6	35.75	73	7	C	1	4	4	1	1	1/16	True	1	9	9	9	9a	5	143/4	False	False					False	59	i.IV2	e	i		IV2	IV		2			Mm7	True	True	(-3, -1, 3, 0)	()	-1	-3	minor	minor	i	i, minor	IV		i	i	True	IV2	IV2, minor		IV2, minor		IV	4	4	4	3	3	3	True	False	False
864	12	36.0	54	6	F	1	4	4	2	1	1/8	True	1	10	10	10	10a	3	36	False	True				{	False	60	V43{	e	i		V43	V		43			Mm7	True	True	(2, -1, 1, 5)	()	1	2	minor	minor	i	i, minor	V		i	i	True	V43	V43, minor		V43, minor		V	4	4	4	2	2	2	True	False	True
864	12	36.0	75	9	D	1	4	4	1	1	1/8	True	1	10	10	10	10a	5	36	False	True				{	False	60	V43{	e	i		V43	V		43			Mm7	True	True	(2, -1, 1, 5)	()	1	2	minor	minor	i	i, minor	V		i	i	True	V43	V43, minor		V43, minor		V	4	4	4	5	5	5	True	False	False
876	12	36.5	52	4	E	0	4	4	2	1	1/8	True	1	10	10	10	10a	3	73/2	False	True					False	61	i	e	i		i	i					m	True	True	(0, -3, 1)	()	0	0	minor	minor	i	i, minor	i		i	i	True	i	i, minor		i, minor		i	4	4	4	0	0	0	True	True	True
876	12	36.5	76	4	E	0	4	4	1	1	1/8	True	1	10	10	10	10a	5	73/2	False	True					False	61	i	e	i		i	i					m	True	True	(0, -3, 1)	()	0	0	minor	minor	i	i, minor	i		i	i	True	i	i, minor		i, minor		i	4	4	4	0	0	0	True	True	True
888	0	37.0	76	4	E	0	4	4	1	1	0	True	1	10	10	10	10a	5	37	False	True					False	62	V65	e	i		V65	V		65			Mm7	True	True	(5, 2, -1, 1)	()	1	5	minor	minor	i	i, minor	V		i	i	True	V65	V65, minor		V65, minor		V	4	4	4	0	0	0	False	False	False
888	12	37.0	51	9	D	1	4	4	2	1	1/8	True	1	10	10	10	10a	3	37	False	True					False	62	V65	e	i		V65	V		65			Mm7	True	True	(5, 2, -1, 1)	()	1	5	minor	minor	i	i, minor	V		i	i	True	V65	V65, minor		V65, minor		V	4	4	4	5	5	5	True	False	True
888	18	37.0	78	6	F	1	4	4	1	1	3/16	True	1	10	10	10	10a	5	37	False	True					False	62	V65	e	i		V65	V		65			Mm7	True	True	(5, 2, -1, 1)	()	1	5	minor	minor	i	i, minor	V		i	i	True	V65	V65, minor		V65, minor		V	4	4	4	2	2	2	True	False	False
900	12	37.5	52	4	E	0	4	4	2	1	1/8	True	1	10	10	10	10a	3	75/2	False	True					False	63	i	e	i		i	i					m	True	True	(0, -3, 1)	()	0	0	minor	minor	i	i, minor	i		i	i	True	i	i, minor		i, minor		i	4	4	4	0	0	0	True	True	True
906	6	37.75	79	1	G	0	4	4	1	1	1/16	True	1	10	10	10	10a	5	151/4	False	False					False	63	i	e	i		i	i					m	True	True	(0, -3, 1)	()	0	0	minor	minor	i	i, minor	i		i	i	True	i	i, minor		i, minor		i	4	4	4	-3	-3	-3	True	False	False
912	12	38.0	57	3	A	0	4	4	2	1	1/8	True	1	10	10	10	10a	3	38	False	True					False	64	V2	e	i		V2	V		2			Mm7	True	True	(-1, 1, 5, 2)	()	1	-1	minor	minor	i	i, minor	V		i	i	True	V2	V2, minor		V2, minor		V	4	4	4	-1	-1	-1	True	False	True
912	12	38.0	75	9	D	1	4	4	1	1	1/8	True	1	10	10	10	10a	5	38	False	True					False	64	V2	e	i		V2	V		2			Mm7	True	True	(-1, 1, 5, 2)	()	1	-1	minor	minor	i	i, minor	V		i	i	True	V2	V2, minor		V2, minor		V	4	4	4	5	5	5	True	False	False
924	12	38.5	55	1	G	0	4	4	2	1	1/8	True	1	10	10	10	10a	3	77/2	False	True					False	65	i6	e	i		i6	i		6			m	True	True	(-3, 1, 0)	()	0	-3	minor	minor	i	i, minor	i		i	i	True	i6	i6, minor		i6, minor		i	4	4	4	-3	-3	-3	True	False	True
924	12	38.5	76	4	E	0	4	4	1	1	1/8	True	1	10	10	10	10a	5	77/2	False	True					False	65	i6	e	i		i6	i		6			m	True	True	(-3, 1, 0)	()	0	-3	minor	minor	i	i, minor	i		i	i	True	i6	i6, minor		i6, minor		i	4	4	4	0	0	0	True	True	False
936	0	39.0	76	4	E	0	4	4	1	1	0	True	1	10	10	10	10a	5	39	False	True					False	66	V43	e	i		V43	V		43			Mm7	True	True	(2, -1, 1, 5)	()	1	2	minor	minor	i	i, minor	V		i	i	True	V43	V43, minor		V43, minor		V	4	4	4	0	0	0	False	False	False
936	12	39.0	54	6	F	1	4	4	2	1	1/8	True	1	10	10	10	10a	3	39	False	True					False	66	V43	e	i		V43	V		43			Mm7	True	True	(2, -1, 1, 5)	()	1	2	minor	minor	i	i, minor	V		i	i	True	V43	V43, minor		V43, minor		V	4	4	4	2	2	2	True	False	True
936	18	39.0	78	6	F	1	4	4	1	1	3/16	True	1	10	10	10	10a	5	39	False	True					False	66	V43	e	i		V43	V		43			Mm7	True	True	(2, -1, 1, 5)	()	1	2	minor	minor	i	i, minor	V		i	i	True	V43	V43, minor		V43, minor		V	4	4	4	2	2	2	True	False	True
948	12	39.5	52	4	E	0	4	4	2	1	1/8	True	1	10	10	10	10a	3	79/2	False	True					False	67	i	e	i		i	i					m	True	True	(0, -3, 1)	()	0	0	minor	minor	i	i, minor	i		i	i	True	i	i, minor		i, minor		i	4	4	4	0	0	0	True	True	True
954	6	39.75	79	1	G	0	4	4	1	1	1/16	True	1	10	10	10	10a	5	159/4	False	False					False	67	i	e	i		i	i					m	True	True	(0, -3, 1)	()	0	0	minor	minor	i	i, minor	i		i	i	True	i	i, minor		i, minor		i	4	4	4	-3	-3	-3	True	False	False
960	24	40.0	45	3	A	0	4	4	2	1	1/4	True	1	11	11	11	11a	2	40	False	True					False	68	V2	e	i		V2	V		2			Mm7	True	True	(-1, 1, 5, 2)	()	1	-1	minor	minor	i	i, minor	V		i	i	True	V2	V2, minor		V2, minor		V	4	4	4	-1	-1	-1	True	False	True
960	12	40.0	78	6	F	1	4	4	1	1	1/8	True	1	11	11	11	11a	5	40	False	True					False	68	V2	e	i		V2	V		2			Mm7	True	True	(-1, 1, 5, 2)	()	1	-1	minor	minor	i	i, minor	V		i	i	True	V2	V2, minor		V2, minor		V	4	4	4	2	2	2	True	False	False
972	0	40.5	76	4	E	0	4	4	1	1	0	True	1	11	11	11	11a	5	81/2	False	False					False	68	V2	e	i		V2	V		2			Mm7	True	True	(-1, 1, 5, 2)	()	1	-1	minor	minor	i	i, minor	V		i	i	True	V2	V2, minor		V2, minor		V	4	4	4	0	0	0	False	False	False
972	12	40.5	75	9	D	1	4	4	1	1	1/8	True	1	11	11	11	11a	5	81/2	False	False					False	68	V2	e	i		V2	V		2			Mm7	True	True	(-1, 1, 5, 2)	()	1	-1	minor	minor	i	i, minor	V		i	i	True	V2	V2, minor		V2, minor		V	4	4	4	5	5	5	True	False	False
984	0	41.0	75	9	D	1	4	4	1	1	0	True	1	11	11	11	11a	5	41	False	True					False	69	i6	e	i		i6	i		6			m	True	True	(-3, 1, 0)	()	0	-3	minor	minor	i	i, minor	i		i	i	True	i6	i6, minor		i6, minor		i	4	4	4	5	5	5	False	False	False
984	12	41.0	43	1	G	0	4	4	2	1	1/8	True	1	11	11	11	11a	2	41	False	True					False	69	i6	e	i		i6	i		6			m	True	True	(-3, 1, 0)	()	0	-3	minor	minor	i	i, minor	i		i	i	True	i6	i6, minor		i6, minor		i	4	4	4	-3	-3	-3	True	False	True
984	18	41.0	76	4	E	0	4	4	1	1	3/16	True	1	11	11	11	11a	5	41	False	True					False	69	i6	e	i		i6	i		6			m	True	True	(-3, 1, 0)	()	0	-3	minor	minor	i	i, minor	i		i	i	True	i6	i6, minor		i6, minor		i	4	4	4	0	0	0	True	True	False
996	12	41.5	45	3	A	0	4	4	2	1	1/8	True	1	11	11	11	11a	2	83/2	False	True					False	70	ii%65	e	i		ii%65	ii	%	65			%7	True	True	(-1, -4, 0, 2)	()	2	-1	minor	minor	i	i, minor	ii		i	i	True	ii%65	ii%65, minor		ii%65, minor		ii	4	4	4	-1	-1	-1	True	False	True
1002	2	41.75	78	6	F	1	4	4	1	1	1/48	True	1	11	11	11	11a	5	167/4	False	False					False	70	ii%65	e	i		ii%65	ii	%	65			%7	True	True	(-1, -4, 0, 2)	()	2	-1	minor	minor	i	i, minor	ii		i	i	True	ii%65	ii%65, minor		ii%65, minor		ii	4	4	4	2	2	2	True	True	False
1004	2	41.833	76	4	E	0	4	4	1	1	1/48	True	1	11	11	11	11a	5	251/6	False	False					False	70	ii%65	e	i		ii%65	ii	%	65			%7	True	True	(-1, -4, 0, 2)	()	2	-1	minor	minor	i	i, minor	ii		i	i	True	ii%65	ii%65, minor		ii%65, minor		ii	4	4	4	0	0	0	True	False	False
1006	2	41.917	78	6	F	1	4	4	1	1	1/48	True	1	11	11	11	11a	5	503/12	False	False					False	70	ii%65	e	i		ii%65	ii	%	65			%7	True	True	(-1, -4, 0, 2)	()	2	-1	minor	minor	i	i, minor	ii		i	i	True	ii%65	ii%65, minor		ii%65, minor		ii	4	4	4	2	2	2	True	True	False
1008	12	42.0	47	5	B	0	4	4	2	1	1/8	True	1	11	11	11	11a	2	42	False	True					False	71	V(64)	e	i		V(64)	V			64		M	True	True	(1, 0, -3)	()	1	1	minor	minor	i	i, minor	V		i	i	True	V	V, minor		V(64), minor		V	4	4	4	1	1	1	True	True	True
1008	24	42.0	76	4	E	0	4	4	1	2	1/4	True	1	11	11	11	11a	5	42	False	True					False	71	V(64)	e	i		V(64)	V			64		M	True	True	(1, 0, -3)	()	1	1	minor	minor	i	i, minor	V		i	i	True	V	V, minor		V(64), minor		V	4	4	4	0	0	0	True	False	False
1008	24	42.0	79	1	G	0	4	4	1	1	1/4	True	1	11	11	11	11a	5	42	False	True					False	71	V(64)	e	i		V(64)	V			64		M	True	True	(1, 0, -3)	()	1	1	minor	minor	i	i, minor	V		i	i	True	V	V, minor		V(64), minor		V	4	4	4	-3	-3	-3	True	False	False
1020	12	42.5	45	3	A	0	4	4	2	1	1/8	True	1	11	11	11	11a	2	85/2	False	False					False	71	V(64)	e	i		V(64)	V			64		M	True	True	(1, 0, -3)	()	1	1	minor	minor	i	i, minor	V		i	i	True	V	V, minor		V(64), minor		V	4	4	4	-1	-1	-1	False	False	False
1032	24	43.0	47	5	B	0	4	4	2	1	1/4	True	1	11	11	11	11a	2	43	False	True					False	72	V	e	i		V	V					M	True	True	(1, 5, 2)	()	1	1	minor	minor	i	i, minor	V		i	i	True	V	V, minor		V, minor		V	4	4	4	1	1	1	True	True	True
1032	18	43.0	75	9	D	1	4	4	1	2	3/16	True	1	11	11	11	11a	5	43	False	True					False	72	V	e	i		V	V					M	True	True	(1, 5, 2)	()	1	1	minor	minor	i	i, minor	V		i	i	True	V	V, minor		V, minor		V	4	4	4	5	5	5	True	False	False
1032	18	43.0	78	6	F	1	4	4	1	1	3/16	True	1	11	11	11	11a	5	43	False	True					False	72	V	e	i		V	V					M	True	True	(1, 5, 2)	()	1	1	minor	minor	i	i, minor	V		i	i	True	V	V, minor		V, minor		V	4	4	4	2	2	2	True	False	False
1050	6	43.75	76	4	E	0	4	4	1	1	1/16	True	1	11	11	11	11a	5	175/4	False	False					False	72	V	e	i		V	V					M	True	True	(1, 5, 2)	()	1	1	minor	minor	i	i, minor	V		i	i	True	V	V, minor		V, minor		V	4	4	4	0	0	0	False	False	False
1050	6	43.75	76	4	E	0	4	4	1	2	1/16	True	1	11	11	11	11a	5	175/4	False	False					False	72	V	e	i		V	V					M	True	True	(1, 5, 2)	()	1	1	minor	minor	i	i, minor	V		i	i	True	V	V, minor		V, minor		V	4	4	4	0	0	0	False	False	False
1056	12	44.0	40	4	E	0	4	4	2	1	1/8	True	1	12	12	12	12a	2	44	False	True	PAC	PAC		}	True	73	i|PAC}	e	i		i	i					m	True	True	(0, -3, 1)	()	0	0	minor	minor	i	i, minor	i		i	i	True	i	i, minor		i, minor		i	4	4	4	0	0	0	True	True	True
1056	24	44.0	67	1	G	0	4	4	1	1	1/4	True	1	12	12	12	12a	4	44	False	True	PAC	PAC		}	True	73	i|PAC}	e	i		i	i					m	True	True	(0, -3, 1)	()	0	0	minor	minor	i	i, minor	i		i	i	True	i	i, minor		i, minor		i	4	4	4	-3	-3	-3	True	False	False
1056	24	44.0	71	5	B	0	4	4	1	1	1/4	True	1	12	12	12	12a	4	44	False	True	PAC	PAC		}	True	73	i|PAC}	e	i		i	i					m	True	True	(0, -3, 1)	()	0	0	minor	minor	i	i, minor	i		i	i	True	i	i, minor		i, minor		i	4	4	4	1	1	1	True	False	False
1056	24	44.0	76	4	E	0	4	4	1	1	1/4	True	1	12	12	12	12a	5	44	False	True	PAC	PAC		}	True	73	i|PAC}	e	i		i	i					m	True	True	(0, -3, 1)	()	0	0	minor	minor	i	i, minor	i		i	i	True	i	i, minor		i, minor		i	4	4	4	0	0	0	True	True	True
1068	12	44.5	47	5	B	0	4	4	2	1	1/8	True	1	12	12	12	12a	2	89/2	False	False					False	73	i|PAC}	e	i		i	i					m	True	True	(0, -3, 1)	()	0	0	minor	minor	i	i, minor	i		i	i	True	i	i, minor		i, minor		i	4	4	4	1	1	1	True	False	False
1080	12	45.0	52	4	E	0	4	4	2	1	1/8	True	1	12	12	12	12a	3	45	False	False					False	73	i|PAC}	e	i		i	i					m	True	True	(0, -3, 1)	()	0	0	minor	minor	i	i, minor	i		i	i	True	i	i, minor		i, minor		i	4	4	4	0	0	0	True	True	True
1092	12	45.5	50	2	D	0	4	4	2	1	1/8	True	1	12	12	12	12a	3	91/2	False	True					False	74	V2/iv	e	i		V2/iv	V		2		iv	Mm7	True	True	(-2, 0, 4, 1)	()	0	-2	minor	minor	i	i, minor	V/iv	iv	iv/i	iv	True	V2/iv	V2/iv, minor		V2/iv, minor	iv	iv	4	4	3	-2	-2	-1	True	False	True
1098	6	45.75	68	8	G	1	4	4	1	1	1/16	True	1	12	12	12	12a	4	183/4	False	False					False	74	V2/iv	e	i		V2/iv	V		2		iv	Mm7	True	True	(-2, 0, 4, 1)	()	0	-2	minor	minor	i	i, minor	V/iv	iv	iv/i	iv	True	V2/iv	V2/iv, minor		V2/iv, minor	iv	iv	4	4	3	4	4	5	True	False	False
1104	12	46.0	48	0	C	0	4	4	2	1	1/8	True	1	12	12	12	12a	3	46	False	True				{	False	75	iv6{	e	i		iv6	iv		6			m	True	True	(-4, 0, -1)	()	-1	-4	minor	minor	i	i, minor	iv		i	i	True	iv6	iv6, minor		iv6, minor		iv	4	4	4	-4	-4	-4	True	False	True
1104	12	46.0	69	3	A	0	4	4	1	1	1/8	True	1	12	12	12	12a	4	46	False	True				{	False	75	iv6{	e	i		iv6	iv		6			m	True	True	(-4, 0, -1)	()	-1	-4	minor	minor	i	i, minor	iv		i	i	True	iv6	iv6, minor		iv6, minor		iv	4	4	4	-1	-1	-1	True	True	False
1116	12	46.5	47	5	B	0	4	4	2	1	1/8	True	1	12	12	12	12a	2	93/2	False	True					False	76	V43/iv	e	i		V43/iv	V		43		iv	Mm7	True	True	(1, -2, 0, 4)	()	0	1	minor	minor	i	i, minor	V/iv	iv	iv/i	iv	True	V43/iv	V43/iv, minor		V43/iv, minor	iv	iv	4	4	3	1	1	2	True	False	True
1116	12	46.5	71	5	B	0	4	4	1	1	1/8	True	1	12	12	12	12a	4	93/2	False	True					False	76	V43/iv	e	i		V43/iv	V		43		iv	Mm7	True	True	(1, -2, 0, 4)	()	0	1	minor	minor	i	i, minor	V/iv	iv	iv/i	iv	True	V43/iv	V43/iv, minor		V43/iv, minor	iv	iv	4	4	3	1	1	2	True	False	True
1128	0	47.0	71	5	B	0	4	4	1	1	0	True	1	12	12	12	12a	4	47	False	True					False	77	iv	e	i		iv	iv					m	True	True	(-1, -4, 0)	()	-1	-1	minor	minor	i	i, minor	iv		i	i	True	iv	iv, minor		iv, minor		iv	4	4	4	1	1	1	False	False	False
1128	12	47.0	45	3	A	0	4	4	2	1	1/8	True	1	12	12	12	12a	2	47	False	True					False	77	iv	e	i		iv	iv					m	True	True	(-1, -4, 0)	()	-1	-1	minor	minor	i	i, minor	iv		i	i	True	iv	iv, minor		iv, minor		iv	4	4	4	-1	-1	-1	True	True	True
1128	18	47.0	72	0	C	0	4	4	1	1	3/16	True	1	12	12	12	12a	5	47	False	True					False	77	iv	e	i		iv	iv					m	True	True	(-1, -4, 0)	()	-1	-1	minor	minor	i	i, minor	iv		i	i	True	iv	iv, minor		iv, minor		iv	4	4	4	-4	-4	-4	True	False	False
1140	12	47.5	43	1	G	0	4	4	2	1	1/8	True	1	12	12	12	12a	2	95/2	False	True					False	78	i6	e	i		i6	i		6			m	True	True	(-3, 1, 0)	()	0	-3	minor	minor	i	i, minor	i		i	i	True	i6	i6, minor		i6, minor		i	4	4	4	-3	-3	-3	True	False	True
1146	6	47.75	71	5	B	0	4	4	1	1	1/16	True	1	12	12	12	12a	4	191/4	False	False					False	78	i6	e	i		i6	i		6			m	True	True	(-3, 1, 0)	()	0	-3	minor	minor	i	i, minor	i		i	i	True	i6	i6, minor		i6, minor		i	4	4	4	1	1	1	True	False	False
1152	12	48.0	42	6	F	1	4	4	2	1	1/8	True	1	13	13	13	13a	2	48	False	True					False	79	V43	e	i		V43	V		43			Mm7	True	True	(2, -1, 1, 5)	()	1	2	minor	minor	i	i, minor	V		i	i	True	V43	V43, minor		V43, minor		V	4	4	4	2	2	2	True	False	True
1152	12	48.0	69	3	A	0	4	4	1	1	1/8	True	1	13	13	13	13a	4	48	False	True					False	79	V43	e	i		V43	V		43			Mm7	True	True	(2, -1, 1, 5)	()	1	2	minor	minor	i	i, minor	V		i	i	True	V43	V43, minor		V43, minor		V	4	4	4	-1	-1	-1	True	False	False
1164	0	48.5	67	1	G	0	4	4	1	1	0	True	1	13	13	13	13a	4	97/2	False	True					False	80	V2	e	i		V2	V		2			Mm7	True	True	(-1, 1, 5, 2)	()	1	-1	minor	minor	i	i, minor	V		i	i	True	V2	V2, minor		V2, minor		V	4	4	4	-3	-3	-3	False	False	False
1164	12	48.5	45	3	A	0	4	4	2	1	1/8	True	1	13	13	13	13a	2	97/2	False	True					False	80	V2	e	i		V2	V		2			Mm7	True	True	(-1, 1, 5, 2)	()	1	-1	minor	minor	i	i, minor	V		i	i	True	V2	V2, minor		V2, minor		V	4	4	4	-1	-1	-1	True	False	True
1164	12	48.5	66	6	F	1	4	4	1	1	1/8	True	1	13	13	13	13a	4	97/2	False	True					False	80	V2	e	i		V2	V		2			Mm7	True	True	(-1, 1, 5, 2)	()	1	-1	minor	minor	i	i, minor	V		i	i	True	V2	V2, minor		V2, minor		V	4	4	4	2	2	2	True	False	False
1176	12	49.0	43	1	G	0	4	4	2	1	1/8	True	1	13	13	13	13a	2	49	False	True					False	81	i6	e	i		i6	i		6			m	True	True	(-3, 1, 0)	()	0	-3	minor	minor	i	i, minor	i		i	i	True	i6	i6, minor		i6, minor		i	4	4	4	-3	-3	-3	True	False	True
1176	18	49.0	71	5	B	0	4	4	1	1	3/16	True	1	13	13	13	13a	4	49	False	True					False	81	i6	e	i		i6	i		6			m	True	True	(-3, 1, 0)	()	0	-3	minor	minor	i	i, minor	i		i	i	True	i6	i6, minor		i6, minor		i	4	4	4	1	1	1	True	False	False
1188	12	49.5	45	3	A	0	4	4	2	1	1/8	True	1	13	13	13	13a	2	99/2	False	True					False	82	ii%65	e	i		ii%65	ii	%	65			%7	True	True	(-1, -4, 0, 2)	()	2	-1	minor	minor	i	i, minor	ii		i	i	True	ii%65	ii%65, minor		ii%65, minor		ii	4	4	4	-1	-1	-1	True	False	True
1194	6	49.75	72	0	C	0	4	4	1	1	1/16	True	1	13	13	13	13a	5	199/4	False	False					False	82	ii%65	e	i		ii%65	ii	%	65			%7	True	True	(-1, -4, 0, 2)	()	2	-1	minor	minor	i	i, minor	ii		i	i	True	ii%65	ii%65, minor		ii%65, minor		ii	4	4	4	-4	-4	-4	True	False	False
1200	12	50.0	47	5	B	0	4	4	2	1	1/8	True	1	13	13	13	13a	2	50	False	True					False	83	V(64)	e	i		V(64)	V			64		M	True	True	(1, 0, -3)	()	1	1	minor	minor	i	i, minor	V		i	i	True	V	V, minor		V(64), minor		V	4	4	4	1	1	1	True	True	True
1200	24	50.0	64	4	E	0	4	4	1	2	1/4	True	1	13	13	13	13a	4	50	False	True					False	83	V(64)	e	i		V(64)	V			64		M	True	True	(1, 0, -3)	()	1	1	minor	minor	i	i, minor	V		i	i	True	V	V, minor		V(64), minor		V	4	4	4	0	0	0	True	False	False
1200	24	50.0	67	1	G	0	4	4	1	1	1/4	True	1	13	13	13	13a	4	50	False	True					False	83	V(64)	e	i		V(64)	V			64		M	True	True	(1, 0, -3)	()	1	1	minor	minor	i	i, minor	V		i	i	True	V	V, minor		V(64), minor		V	4	4	4	-3	-3	-3	True	False	False
1212	12	50.5	45	3	A	0	4	4	2	1	1/8	True	1	13	13	13	13a	2	101/2	False	False					False	83	V(64)	e	i		V(64)	V			64		M	True	True	(1, 0, -3)	()	1	1	minor	minor	i	i, minor	V		i	i	True	V	V, minor		V(64), minor		V	4	4	4	-1	-1	-1	False	False	False
1224	12	51.0	47	5	B	0	4	4	2	1	1/8	True	1	13	13	13	13a	2	51	False	True					False	84	V	e	i		V	V					M	True	True	(1, 5, 2)	()	1	1	minor	minor	i	i, minor	V		i	i	True	V	V, minor		V, minor		V	4	4	4	1	1	1	True	True	True
1224	18	51.0	63	9	D	1	4	4	1	2	3/16	True	1	13	13	13	13a	4	51	False	True					False	84	V	e	i		V	V					M	True	True	(1, 5, 2)	()	1	1	minor	minor	i	i, minor	V		i	i	True	V	V, minor		V, minor		V	4	4	4	5	5	5	True	False	False
1224	18	51.0	66	6	F	1	4	4	1	1	3/16	True	1	13	13	13	13a	4	51	False	True					False	84	V	e	i		V	V					M	True	True	(1, 5, 2)	()	1	1	minor	minor	i	i, minor	V		i	i	True	V	V, minor		V, minor		V	4	4	4	2	2	2	True	False	False
1236	12	51.5	35	5	B	0	4	4	2	1	1/8	True	1	13	13	13	13a	1	103/2	False	False					False	84	V	e	i		V	V					M	True	True	(1, 5, 2)	()	1	1	minor	minor	i	i, minor	V		i	i	True	V	V, minor		V, minor		V	4	4	4	1	1	1	True	True	True
1242	6	51.75	64	4	E	0	4	4	1	1	1/16	True	1	13	13	13	13a	4	207/4	False	False					False	84	V	e	i		V	V					M	True	True	(1, 5, 2)	()	1	1	minor	minor	i	i, minor	V		i	i	True	V	V, minor		V, minor		V	4	4	4	0	0	0	False	False	False
1242	6	51.75	64	4	E	0	4	4	1	2	1/16	True	1	13	13	13	13a	4	207/4	False	False					False	84	V	e	i		V	V					M	True	True	(1, 5, 2)	()	1	1	minor	minor	i	i, minor	V		i	i	True	V	V, minor		V, minor		V	4	4	4	0	0	0	False	False	False
1248	48	52.0	40	4	E	0	4	4	2	1	1/2	True	1	14	14	14	14a	2	52	False	True	PAC	PAC		}	True	85	i|PAC}	e	i		i	i					m	True	True	(0, -3, 1)	()	0	0	minor	minor	i	i, minor	i		i	i	True	i	i, minor		i, minor		i	4	4	4	0	0	0	True	True	True
1248	48	52.0	55	1	G	0	4	4	1	1	1/2	True	1	14	14	14	14a	3	52	False	True	PAC	PAC		}	True	85	i|PAC}	e	i		i	i					m	True	True	(0, -3, 1)	()	0	0	minor	minor	i	i, minor	i		i	i	True	i	i, minor		i, minor		i	4	4	4	-3	-3	-3	True	False	False
1248	48	52.0	59	5	B	0	4	4	1	1	1/2	True	1	14	14	14	14a	3	52	False	True	PAC	PAC		}	True	85	i|PAC}	e	i		i	i					m	True	True	(0, -3, 1)	()	0	0	minor	minor	i	i, minor	i		i	i	True	i	i, minor		i, minor		i	4	4	4	1	1	1	True	False	False
1248	48	52.0	64	4	E	0	4	4	1	1	1/2	True	1	14	14	14	14a	4	52	False	True	PAC	PAC		}	True	85	i|PAC}	e	i		i	i					m	True	True	(0, -3, 1)	()	0	0	minor	minor	i	i, minor	i		i	i	True	i	i, minor		i, minor		i	4	4	4	0	0	0	True	True	True
