onset_div	duration_div	continuous_beats	pitch	tpc	step	alter	ts_beats	ts_beat_type	staff	voice	duration	is_note_onset	ks_fifths	mc	mc_playthrough	mn	mn_playthrough	octave	quarterbeats_playthrough	section_start	is_harmony_onset	cadence	cadence_type	phraseend	is_phrase_ending	unfolded_harmony_index	label	globalkey	localkey	pedal	chord	numeral	form	figbass	changes	relativeroot	chord_type	globalkey_is_minor	localkey_is_minor	chord_tones	added_tones	root	bass_note	globalkey_mode	localkey_mode	localkey_resolved	localkey_and_mode	root_roman	relativeroot_resolved	effective_localkey	effective_localkey_resolved	effective_localkey_is_minor	chord_reduced	chord_reduced_and_mode	pedal_resolved	chord_and_mode	applied_to_numeral	numeral_or_applied_to_numeral	globalkey_tpc	localkey_tpc	tonicized_tpc	sic_with_global	sic_with_local	sic_with_tonicized	tpc_is_in_label	tpc_is_root	tpc_is_bass
0.0	2.0	0.0	55	1	G	0.0	3	4	2.0	1.0	1/4	True	-1	1.0	1.0	0.0	0a	3	0	True	True			{	False	0	g.i{	g	i		i	i					m	True	True	(0, -3, 1)	()	0	0	minor	minor	i	i, minor	i		i	i	True	i	i, minor		i, minor		i	1	1	1	0	0	0	True	True	True
0.0	2.0	0.0	74	2	D	0.0	3	4	1.0	1.0	1/4	True	-1	1.0	1.0	0.0	0a	5	0	True	True			{	False	0	g.i{	g	i		i	i					m	True	True	(0, -3, 1)	()	0	0	minor	minor	i	i, minor	i		i	i	True	i	i, minor		i, minor		i	1	1	1	1	1	1	True	False	False
2.0	2.0	1.0	58	-2	B	-1.0	3	4	2.0	1.0	1/4	True	-1	2.0	2.0	1.0	1a	3	1	False	True				False	1	i6	g	i		i6	i		6			m	True	True	(-3, 1, 0)	()	0	-3	minor	minor	i	i, minor	i		i	i	True	i6	i6, minor		i6, minor		i	1	1	1	-3	-3	-3	True	False	True
2.0	2.0	1.0	79	1	G	0.0	3	4	1.0	1.0	1/4	True	-1	2.0	2.0	1.0	1a	5	1	False	True				False	1	i6	g	i		i6	i		6			m	True	True	(-3, 1, 0)	()	0	-3	minor	minor	i	i, minor	i		i	i	True	i6	i6, minor		i6, minor		i	1	1	1	0	0	0	True	True	False
4.0	2.0	2.0	57	3	A	0.0	3	4	2.0	1.0	1/4	True	-1	2.0	2.0	1.0	1a	3	2	False	True				False	2	V43	g	i		V43	V		43			Mm7	True	True	(2, -1, 1, 5)	()	1	2	minor	minor	i	i, minor	V		i	i	True	V43	V43, minor		V43, minor		V	1	1	1	2	2	2	True	False	True
4.0	2.0	2.0	78	6	F	1.0	3	4	1.0	1.0	1/4	True	-1	2.0	2.0	1.0	1a	5	2	False	True				False	2	V43	g	i		V43	V		43			Mm7	True	True	(2, -1, 1, 5)	()	1	2	minor	minor	i	i, minor	V		i	i	True	V43	V43, minor		V43, minor		V	1	1	1	5	5	5	True	False	False
6.0	2.0	3.0	55	1	G	0.0	3	4	2.0	1.0	1/4	True	-1	2.0	2.0	1.0	1a	3	3	False	True				False	3	i	g	i		i	i					m	True	True	(0, -3, 1)	()	0	0	minor	minor	i	i, minor	i		i	i	True	i	i, minor		i, minor		i	1	1	1	0	0	0	True	True	True
6.0	2.0	3.0	79	1	G	0.0	3	4	1.0	1.0	1/4	True	-1	2.0	2.0	1.0	1a	5	3	False	True				False	3	i	g	i		i	i					m	True	True	(0, -3, 1)	()	0	0	minor	minor	i	i, minor	i		i	i	True	i	i, minor		i, minor		i	1	1	1	0	0	0	True	True	True
8.0	2.0	4.0	54	6	F	1.0	3	4	2.0	1.0	1/4	True	-1	3.0	3.0	2.0	2a	3	4	False	True				False	4	V65	g	i		V65	V		65			Mm7	True	True	(5, 2, -1, 1)	()	1	5	minor	minor	i	i, minor	V		i	i	True	V65	V65, minor		V65, minor		V	1	1	1	5	5	5	True	False	True
8.0	3.0	4.0	74	2	D	0.0	3	4	1.0	1.0	3/8	True	-1	3.0	3.0	2.0	2a	5	4	False	True				False	4	V65	g	i		V65	V		65			Mm7	True	True	(5, 2, -1, 1)	()	1	5	minor	minor	i	i, minor	V		i	i	True	V65	V65, minor		V65, minor		V	1	1	1	1	1	1	True	True	False
10.0	2.0	5.0	50	2	D	0.0	3	4	2.0	1.0	1/4	True	-1	3.0	3.0	2.0	2a	3	5	False	True				False	5	V7	g	i		V7	V		7			Mm7	True	True	(1, 5, 2, -1)	()	1	1	minor	minor	i	i, minor	V		i	i	True	V7	V7, minor		V7, minor		V	1	1	1	1	1	1	True	True	True
11.0	1.0	5.5	75	-3	E	-1.0	3	4	1.0	1.0	1/8	True	-1	3.0	3.0	2.0	2a	5	11/2	False	False				False	5	V7	g	i		V7	V		7			Mm7	True	True	(1, 5, 2, -1)	()	1	1	minor	minor	i	i, minor	V		i	i	True	V7	V7, minor		V7, minor		V	1	1	1	-4	-4	-4	False	False	False
12.0	2.0	6.0	55	1	G	0.0	3	4	2.0	1.0	1/4	True	-1	3.0	3.0	2.0	2a	3	6	False	True				False	6	i	g	i		i	i					m	True	True	(0, -3, 1)	()	0	0	minor	minor	i	i, minor	i		i	i	True	i	i, minor		i, minor		i	1	1	1	0	0	0	True	True	True
12.0	2.0	6.0	74	2	D	0.0	3	4	1.0	1.0	1/4	True	-1	3.0	3.0	2.0	2a	5	6	False	True				False	6	i	g	i		i	i					m	True	True	(0, -3, 1)	()	0	0	minor	minor	i	i, minor	i		i	i	True	i	i, minor		i, minor		i	1	1	1	1	1	1	True	False	False
14.0	2.0	7.0	48	0	C	0.0	3	4	2.0	1.0	1/4	True	-1	4.0	4.0	3.0	3a	3	7	False	True				False	7	ii%65	g	i		ii%65	ii	%	65			%7	True	True	(-1, -4, 0, 2)	()	2	-1	minor	minor	i	i, minor	ii		i	i	True	ii%65	ii%65, minor		ii%65, minor		ii	1	1	1	-1	-1	-1	True	False	True
14.0	2.0	7.0	72	0	C	0.0	3	4	1.0	1.0	1/4	True	-1	4.0	4.0	3.0	3a	5	7	False	True				False	7	ii%65	g	i		ii%65	ii	%	65			%7	True	True	(-1, -4, 0, 2)	()	2	-1	minor	minor	i	i, minor	ii		i	i	True	ii%65	ii%65, minor		ii%65, minor		ii	1	1	1	-1	-1	-1	True	False	True
16.0	2.0	8.0	50	2	D	0.0	3	4	2.0	1.0	1/4	True	-1	4.0	4.0	3.0	3a	3	8	False	True				False	8	V(64)	g	i		V(64)	V			64		M	True	True	(1, 0, -3)	()	1	1	minor	minor	i	i, minor	V		i	i	True	V	V, minor		V(64), minor		V	1	1	1	1	1	1	True	True	True
16.0	2.0	8.0	70	-2	B	-1.0	3	4	1.0	1.0	1/4	True	-1	4.0	4.0	3.0	3a	4	8	False	True				False	8	V(64)	g	i		V(64)	V			64		M	True	True	(1, 0, -3)	()	1	1	minor	minor	i	i, minor	V		i	i	True	V	V, minor		V(64), minor		V	1	1	1	-3	-3	-3	True	False	False
18.0	2.0	9.0	38	2	D	0.0	3	4	2.0	1.0	1/4	True	-1	4.0	4.0	3.0	3a	2	9	False	True				False	9	V	g	i		V	V					M	True	True	(1, 5, 2)	()	1	1	minor	minor	i	i, minor	V		i	i	True	V	V, minor		V, minor		V	1	1	1	1	1	1	True	True	True
18.0	2.0	9.0	69	3	A	0.0	3	4	1.0	1.0	1/4	True	-1	4.0	4.0	3.0	3a	4	9	False	True				False	9	V	g	i		V	V					M	True	True	(1, 5, 2)	()	1	1	minor	minor	i	i, minor	V		i	i	True	V	V, minor		V, minor		V	1	1	1	2	2	2	True	False	False
20.0	0.0	10.0	69	3	A	0.0	3	4	1.0	1.0	0	True	-1	5.0	5.0	4.0	4a	4	10	False	True	IAC	IAC	}	True	10	i|IAC}	g	i		i	i					m	True	True	(0, -3, 1)	()	0	0	minor	minor	i	i, minor	i		i	i	True	i	i, minor		i, minor		i	1	1	1	2	2	2	False	False	False
20.0	4.0	10.0	43	1	G	0.0	3	4	2.0	1.0	1/2	True	-1	5.0	5.0	4.0	4a	2	10	False	True	IAC	IAC	}	True	10	i|IAC}	g	i		i	i					m	True	True	(0, -3, 1)	()	0	0	minor	minor	i	i, minor	i		i	i	True	i	i, minor		i, minor		i	1	1	1	0	0	0	True	True	True
20.0	2.0	10.0	70	-2	B	-1.0	3	4	1.0	1.0	1/4	True	-1	5.0	5.0	4.0	4a	4	10	False	True	IAC	IAC	}	True	10	i|IAC}	g	i		i	i					m	True	True	(0, -3, 1)	()	0	0	minor	minor	i	i, minor	i		i	i	True	i	i, minor		i, minor		i	1	1	1	-3	-3	-3	True	False	False
22.0	0.0	11.0	69	3	A	0.0	3	4	1.0	1.0	0	True	-1	5.0	5.0	4.0	4a	4	11	False	False				False	10	i|IAC}	g	i		i	i					m	True	True	(0, -3, 1)	()	0	0	minor	minor	i	i, minor	i		i	i	True	i	i, minor		i, minor		i	1	1	1	2	2	2	False	False	False
22.0	2.0	11.0	67	1	G	0.0	3	4	1.0	1.0	1/4	True	-1	5.0	5.0	4.0	4a	4	11	False	False				False	10	i|IAC}	g	i		i	i					m	True	True	(0, -3, 1)	()	0	0	minor	minor	i	i, minor	i		i	i	True	i	i, minor		i, minor		i	1	1	1	0	0	0	True	True	True
24.0	1.0	12.0	55	1	G	0.0	3	4	2.0	1.0	1/8	True	-1	5.0	5.0	4.0	4a	3	12	False	False			{	False	11	{	g	i		i	i					m	True	True	(0, -3, 1)	()	0	0	minor	minor	i	i, minor	i		i	i	True		, minor		i, minor		i	1	1	1	0	0	0	True	True	True
24.0	2.0	12.0	74	2	D	0.0	3	4	1.0	1.0	1/4	True	-1	5.0	5.0	4.0	4a	5	12	False	False			{	False	11	{	g	i		i	i					m	True	True	(0, -3, 1)	()	0	0	minor	minor	i	i, minor	i		i	i	True		, minor		i, minor		i	1	1	1	1	1	1	True	False	False
25.0	1.0	12.5	57	3	A	0.0	3	4	2.0	1.0	1/8	True	-1	5.0	5.0	4.0	4a	3	25/2	False	False				False	11	{	g	i		i	i					m	True	True	(0, -3, 1)	()	0	0	minor	minor	i	i, minor	i		i	i	True		, minor		i, minor		i	1	1	1	2	2	2	False	False	False
26.0	2.0	13.0	58	-2	B	-1.0	3	4	2.0	1.0	1/4	True	-1	6.0	6.0	5.0	5a	3	13	False	True				False	12	i6	g	i		i6	i		6			m	True	True	(-3, 1, 0)	()	0	-3	minor	minor	i	i, minor	i		i	i	True	i6	i6, minor		i6, minor		i	1	1	1	-3	-3	-3	True	False	True
26.0	2.0	13.0	79	1	G	0.0	3	4	1.0	1.0	1/4	True	-1	6.0	6.0	5.0	5a	5	13	False	True				False	12	i6	g	i		i6	i		6			m	True	True	(-3, 1, 0)	()	0	-3	minor	minor	i	i, minor	i		i	i	True	i6	i6, minor		i6, minor		i	1	1	1	0	0	0	True	True	False
28.0	2.0	14.0	57	3	A	0.0	3	4	2.0	1.0	1/4	True	-1	6.0	6.0	5.0	5a	3	14	False	True				False	13	V43	g	i		V43	V		43			Mm7	True	True	(2, -1, 1, 5)	()	1	2	minor	minor	i	i, minor	V		i	i	True	V43	V43, minor		V43, minor		V	1	1	1	2	2	2	True	False	True
28.0	2.0	14.0	78	6	F	1.0	3	4	1.0	1.0	1/4	True	-1	6.0	6.0	5.0	5a	5	14	False	True				False	13	V43	g	i		V43	V		43			Mm7	True	True	(2, -1, 1, 5)	()	1	2	minor	minor	i	i, minor	V		i	i	True	V43	V43, minor		V43, minor		V	1	1	1	5	5	5	True	False	False
30.0	2.0	15.0	55	1	G	0.0	3	4	2.0	1.0	1/4	True	-1	6.0	6.0	5.0	5a	3	15	False	True				False	14	i	g	i		i	i					m	True	True	(0, -3, 1)	()	0	0	minor	minor	i	i, minor	i		i	i	True	i	i, minor		i, minor		i	1	1	1	0	0	0	True	True	True
30.0	2.0	15.0	79	1	G	0.0	3	4	1.0	1.0	1/4	True	-1	6.0	6.0	5.0	5a	5	15	False	True				False	14	i	g	i		i	i					m	True	True	(0, -3, 1)	()	0	0	minor	minor	i	i, minor	i		i	i	True	i	i, minor		i, minor		i	1	1	1	0	0	0	True	True	True
32.0	2.0	16.0	54	6	F	1.0	3	4	2.0	1.0	1/4	True	-1	7.0	7.0	6.0	6a	3	16	False	True				False	15	V65	g	i		V65	V		65			Mm7	True	True	(5, 2, -1, 1)	()	1	5	minor	minor	i	i, minor	V		i	i	True	V65	V65, minor		V65, minor		V	1	1	1	5	5	5	True	False	True
32.0	3.0	16.0	74	2	D	0.0	3	4	1.0	1.0	3/8	True	-1	7.0	7.0	6.0	6a	5	16	False	True				False	15	V65	g	i		V65	V		65			Mm7	True	True	(5, 2, -1, 1)	()	1	5	minor	minor	i	i, minor	V		i	i	True	V65	V65, minor		V65, minor		V	1	1	1	1	1	1	True	True	False
34.0	2.0	17.0	50	2	D	0.0	3	4	2.0	1.0	1/4	True	-1	7.0	7.0	6.0	6a	3	17	False	True				False	16	V7	g	i		V7	V		7			Mm7	True	True	(1, 5, 2, -1)	()	1	1	minor	minor	i	i, minor	V		i	i	True	V7	V7, minor		V7, minor		V	1	1	1	1	1	1	True	True	True
35.0	1.0	17.5	72	0	C	0.0	3	4	1.0	1.0	1/8	True	-1	7.0	7.0	6.0	6a	5	35/2	False	False				False	16	V7	g	i		V7	V		7			Mm7	True	True	(1, 5, 2, -1)	()	1	1	minor	minor	i	i, minor	V		i	i	True	V7	V7, minor		V7, minor		V	1	1	1	-1	-1	-1	True	False	False
36.0	2.0	18.0	55	1	G	0.0	3	4	2.0	1.0	1/4	True	-1	7.0	7.0	6.0	6a	3	18	False	True				False	17	i	g	i		i	i					m	True	True	(0, -3, 1)	()	0	0	minor	minor	i	i, minor	i		i	i	True	i	i, minor		i, minor		i	1	1	1	0	0	0	True	True	True
36.0	2.0	18.0	70	-2	B	-1.0	3	4	1.0	1.0	1/4	True	-1	7.0	7.0	6.0	6a	4	18	False	True				False	17	i	g	i		i	i					m	True	True	(0, -3, 1)	()	0	0	minor	minor	i	i, minor	i		i	i	True	i	i, minor		i, minor		i	1	1	1	-3	-3	-3	True	False	False
38.0	2.0	19.0	48	0	C	0.0	3	4	2.0	1.0	1/4	True	-1	8.0	8.0	7.0	7a	3	19	False	True				False	18	ii%65	g	i		ii%65	ii	%	65			%7	True	True	(-1, -4, 0, 2)	()	2	-1	minor	minor	i	i, minor	ii		i	i	True	ii%65	ii%65, minor		ii%65, minor		ii	1	1	1	-1	-1	-1	True	False	True
38.0	1.0	19.0	70	-2	B	-1.0	3	4	1.0	1.0	1/8	False	-1	8.0	8.0	7.0	7a	4	19	False	True				False	18	ii%65	g	i		ii%65	ii	%	65			%7	True	True	(-1, -4, 0, 2)	()	2	-1	minor	minor	i	i, minor	ii		i	i	True	ii%65	ii%65, minor		ii%65, minor		ii	1	1	1	-3	-3	-3	False	False	False
39.0	1.0	19.5	69	3	A	0.0	3	4	1.0	1.0	1/8	True	-1	8.0	8.0	7.0	7a	4	39/2	False	False				False	18	ii%65	g	i		ii%65	ii	%	65			%7	True	True	(-1, -4, 0, 2)	()	2	-1	minor	minor	i	i, minor	ii		i	i	True	ii%65	ii%65, minor		ii%65, minor		ii	1	1	1	2	2	2	True	True	False
40.0	2.0	20.0	50	2	D	0.0	3	4	2.0	1.0	1/4	True	-1	8.0	8.0	7.0	7a	3	20	False	True				False	19	V(4)	g	i		V(4)	V			4		M	True	True	(1, 0, 2)	()	1	1	minor	minor	i	i, minor	V		i	i	True	V	V, minor		V(4), minor		V	1	1	1	1	1	1	True	True	True
40.0	3.0	20.0	69	3	A	0.0	3	4	1.0	1.0	3/8	True	-1	8.0	8.0	7.0	7a	4	20	False	True				False	19	V(4)	g	i		V(4)	V			4		M	True	True	(1, 0, 2)	()	1	1	minor	minor	i	i, minor	V		i	i	True	V	V, minor		V(4), minor		V	1	1	1	2	2	2	True	False	False
42.0	2.0	21.0	38	2	D	0.0	3	4	2.0	1.0	1/4	True	-1	8.0	8.0	7.0	7a	2	21	False	True				False	20	V	g	i		V	V					M	True	True	(1, 5, 2)	()	1	1	minor	minor	i	i, minor	V		i	i	True	V	V, minor		V, minor		V	1	1	1	1	1	1	True	True	True
43.0	1.0	21.5	67	1	G	0.0	3	4	1.0	1.0	1/8	True	-1	8.0	8.0	7.0	7a	4	43/2	False	False				False	20	V	g	i		V	V					M	True	True	(1, 5, 2)	()	1	1	minor	minor	i	i, minor	V		i	i	True	V	V, minor		V, minor		V	1	1	1	0	0	0	False	False	False
44.0	4.0	22.0	43	1	G	0.0	3	4	2.0	1.0	1/2	True	-1	9.0	9.0	8.0	8a	2	22	False	False	PAC	PAC	}	True	21	i|PAC}	g	i		i	i					m	True	True	(0, -3, 1)	()	0	0	minor	minor	i	i, minor	i		i	i	True	i	i, minor		i, minor		i	1	1	1	0	0	0	True	True	True
44.0	4.0	22.0	67	1	G	0.0	3	4	1.0	1.0	1/2	True	-1	9.0	9.0	8.0	8a	4	22	False	False	PAC	PAC	}	True	21	i|PAC}	g	i		i	i					m	True	True	(0, -3, 1)	()	0	0	minor	minor	i	i, minor	i		i	i	True	i	i, minor		i, minor		i	1	1	1	0	0	0	True	True	True
48.0	2.0	24.0	55	1	G	0.0	3	4	2.0	1.0	1/4	True	-1	1.0	10.0	0.0	8a	3	24	True	True			{	False	22	g.i{	g	i		i	i					m	True	True	(0, -3, 1)	()	0	0	minor	minor	i	i, minor	i		i	i	True	i	i, minor		i, minor		i	1	1	1	0	0	0	True	True	True
48.0	2.0	24.0	74	2	D	0.0	3	4	1.0	1.0	1/4	True	-1	1.0	10.0	0.0	8a	5	24	True	True			{	False	22	g.i{	g	i		i	i					m	True	True	(0, -3, 1)	()	0	0	minor	minor	i	i, minor	i		i	i	True	i	i, minor		i, minor		i	1	1	1	1	1	1	True	False	False
50.0	2.0	25.0	58	-2	B	-1.0	3	4	2.0	1.0	1/4	True	-1	2.0	11.0	1.0	1b	3	25	False	True				False	23	i6	g	i		i6	i		6			m	True	True	(-3, 1, 0)	()	0	-3	minor	minor	i	i, minor	i		i	i	True	i6	i6, minor		i6, minor		i	1	1	1	-3	-3	-3	True	False	True
50.0	2.0	25.0	79	1	G	0.0	3	4	1.0	1.0	1/4	True	-1	2.0	11.0	1.0	1b	5	25	False	True				False	23	i6	g	i		i6	i		6			m	True	True	(-3, 1, 0)	()	0	-3	minor	minor	i	i, minor	i		i	i	True	i6	i6, minor		i6, minor		i	1	1	1	0	0	0	True	True	False
52.0	2.0	26.0	57	3	A	0.0	3	4	2.0	1.0	1/4	True	-1	2.0	11.0	1.0	1b	3	26	False	True				False	24	V43	g	i		V43	V		43			Mm7	True	True	(2, -1, 1, 5)	()	1	2	minor	minor	i	i, minor	V		i	i	True	V43	V43, minor		V43, minor		V	1	1	1	2	2	2	True	False	True
52.0	2.0	26.0	78	6	F	1.0	3	4	1.0	1.0	1/4	True	-1	2.0	11.0	1.0	1b	5	26	False	True				False	24	V43	g	i		V43	V		43			Mm7	True	True	(2, -1, 1, 5)	()	1	2	minor	minor	i	i, minor	V		i	i	True	V43	V43, minor		V43, minor		V	1	1	1	5	5	5	True	False	False
54.0	2.0	27.0	55	1	G	0.0	3	4	2.0	1.0	1/4	True	-1	2.0	11.0	1.0	1b	3	27	False	True				False	25	i	g	i		i	i					m	True	True	(0, -3, 1)	()	0	0	minor	minor	i	i, minor	i		i	i	True	i	i, minor		i, minor		i	1	1	1	0	0	0	True	True	True
54.0	2.0	27.0	79	1	G	0.0	3	4	1.0	1.0	1/4	True	-1	2.0	11.0	1.0	1b	5	27	False	True				False	25	i	g	i		i	i					m	True	True	(0, -3, 1)	()	0	0	minor	minor	i	i, minor	i		i	i	True	i	i, minor		i, minor		i	1	1	1	0	0	0	True	True	True
56.0	2.0	28.0	54	6	F	1.0	3	4	2.0	1.0	1/4	True	-1	3.0	12.0	2.0	2b	3	28	False	True				False	26	V65	g	i		V65	V		65			Mm7	True	True	(5, 2, -1, 1)	()	1	5	minor	minor	i	i, minor	V		i	i	True	V65	V65, minor		V65, minor		V	1	1	1	5	5	5	True	False	True
56.0	3.0	28.0	74	2	D	0.0	3	4	1.0	1.0	3/8	True	-1	3.0	12.0	2.0	2b	5	28	False	True				False	26	V65	g	i		V65	V		65			Mm7	True	True	(5, 2, -1, 1)	()	1	5	minor	minor	i	i, minor	V		i	i	True	V65	V65, minor		V65, minor		V	1	1	1	1	1	1	True	True	False
58.0	2.0	29.0	50	2	D	0.0	3	4	2.0	1.0	1/4	True	-1	3.0	12.0	2.0	2b	3	29	False	True				False	27	V7	g	i		V7	V		7			Mm7	True	True	(1, 5, 2, -1)	()	1	1	minor	minor	i	i, minor	V		i	i	True	V7	V7, minor		V7, minor		V	1	1	1	1	1	1	True	True	True
59.0	1.0	29.5	75	-3	E	-1.0	3	4	1.0	1.0	1/8	True	-1	3.0	12.0	2.0	2b	5	59/2	False	False				False	27	V7	g	i		V7	V		7			Mm7	True	True	(1, 5, 2, -1)	()	1	1	minor	minor	i	i, minor	V		i	i	True	V7	V7, minor		V7, minor		V	1	1	1	-4	-4	-4	False	False	False
60.0	2.0	30.0	55	1	G	0.0	3	4	2.0	1.0	1/4	True	-1	3.0	12.0	2.0	2b	3	30	False	True				False	28	i	g	i		i	i					m	True	True	(0, -3, 1)	()	0	0	minor	minor	i	i, minor	i		i	i	True	i	i, minor		i, minor		i	1	1	1	0	0	0	True	True	True
60.0	2.0	30.0	74	2	D	0.0	3	4	1.0	1.0	1/4	True	-1	3.0	12.0	2.0	2b	5	30	False	True				False	28	i	g	i		i	i					m	True	True	(0, -3, 1)	()	0	0	minor	minor	i	i, minor	i		i	i	True	i	i, minor		i, minor		i	1	1	1	1	1	1	True	False	False
62.0	2.0	31.0	48	0	C	0.0	3	4	2.0	1.0	1/4	True	-1	4.0	13.0	3.0	3b	3	31	False	True				False	29	ii%65	g	i		ii%65	ii	%	65			%7	True	True	(-1, -4, 0, 2)	()	2	-1	minor	minor	i	i, minor	ii		i	i	True	ii%65	ii%65, minor		ii%65, minor		ii	1	1	1	-1	-1	-1	True	False	True
62.0	2.0	31.0	72	0	C	0.0	3	4	1.0	1.0	1/4	True	-1	4.0	13.0	3.0	3b	5	31	False	True				False	29	ii%65	g	i		ii%65	ii	%	65			%7	True	True	(-1, -4, 0, 2)	()	2	-1	minor	minor	i	i, minor	ii		i	i	True	ii%65	ii%65, minor		ii%65, minor		ii	1	1	1	-1	-1	-1	True	False	True
64.0	2.0	32.0	50	2	D	0.0	3	4	2.0	1.0	1/4	True	-1	4.0	13.0	3.0	3b	3	32	False	True				False	30	V(64)	g	i		V(64)	V			64		M	True	True	(1, 0, -3)	()	1	1	minor	minor	i	i, minor	V		i	i	True	V	V, minor		V(64), minor		V	1	1	1	1	1	1	True	True	True
64.0	2.0	32.0	70	-2	B	-1.0	3	4	1.0	1.0	1/4	True	-1	4.0	13.0	3.0	3b	4	32	False	True				False	30	V(64)	g	i		V(64)	V			64		M	True	True	(1, 0, -3)	()	1	1	minor	minor	i	i, minor	V		i	i	True	V	V, minor		V(64), minor		V	1	1	1	-3	-3	-3	True	False	False
66.0	2.0	33.0	38	2	D	0.0	3	4	2.0	1.0	1/4	True	-1	4.0	13.0	3.0	3b	2	33	False	True				False	31	V	g	i		V	V					M	True	True	(1, 5, 2)	()	1	1	minor	minor	i	i, minor	V		i	i	True	V	V, minor		V, minor		V	1	1	1	1	1	1	True	True	True
66.0	2.0	33.0	69	3	A	0.0	3	4	1.0	1.0	1/4	True	-1	4.0	13.0	3.0	3b	4	33	False	True				False	31	V	g	i		V	V					M	True	True	(1, 5, 2)	()	1	1	minor	minor	i	i, minor	V		i	i	True	V	V, minor		V, minor		V	1	1	1	2	2	2	True	False	False
68.0	0.0	34.0	69	3	A	0.0	3	4	1.0	1.0	0	True	-1	5.0	14.0	4.0	4b	4	34	False	True	IAC	IAC	}	True	32	i|IAC}	g	i		i	i					m	True	True	(0, -3, 1)	()	0	0	minor	minor	i	i, minor	i		i	i	True	i	i, minor		i, minor		i	1	1	1	2	2	2	False	False	False
68.0	4.0	34.0	43	1	G	0.0	3	4	2.0	1.0	1/2	True	-1	5.0	14.0	4.0	4b	2	34	False	True	IAC	IAC	}	True	32	i|IAC}	g	i		i	i					m	True	True	(0, -3, 1)	()	0	0	minor	minor	i	i, minor	i		i	i	True	i	i, minor		i, minor		i	1	1	1	0	0	0	True	True	True
68.0	2.0	34.0	70	-2	B	-1.0	3	4	1.0	1.0	1/4	True	-1	5.0	14.0	4.0	4b	4	34	False	True	IAC	IAC	}	True	32	i|IAC}	g	i		i	i					m	True	True	(0, -3, 1)	()	0	0	minor	minor	i	i, minor	i		i	i	True	i	i, minor		i, minor		i	1	1	1	-3	-3	-3	True	False	False
70.0	0.0	35.0	69	3	A	0.0	3	4	1.0	1.0	0	True	-1	5.0	14.0	4.0	4b	4	35	False	False				False	32	i|IAC}	g	i		i	i					m	True	True	(0, -3, 1)	()	0	0	minor	minor	i	i, minor	i		i	i	True	i	i, minor		i, minor		i	1	1	1	2	2	2	False	False	False
70.0	2.0	35.0	67	1	G	0.0	3	4	1.0	1.0	1/4	True	-1	5.0	14.0	4.0	4b	4	35	False	False				False	32	i|IAC}	g	i		i	i					m	True	True	(0, -3, 1)	()	0	0	minor	minor	i	i, minor	i		i	i	True	i	i, minor		i, minor		i	1	1	1	0	0	0	True	True	True
72.0	1.0	36.0	55	1	G	0.0	3	4	2.0	1.0	1/8	True	-1	5.0	14.0	4.0	4b	3	36	False	False			{	False	33	{	g	i		i	i					m	True	True	(0, -3, 1)	()	0	0	minor	minor	i	i, minor	i		i	i	True		, minor		i, minor		i	1	1	1	0	0	0	True	True	True
72.0	2.0	36.0	74	2	D	0.0	3	4	1.0	1.0	1/4	True	-1	5.0	14.0	4.0	4b	5	36	False	False			{	False	33	{	g	i		i	i					m	True	True	(0, -3, 1)	()	0	0	minor	minor	i	i, minor	i		i	i	True		, minor		i, minor		i	1	1	1	1	1	1	True	False	False
73.0	1.0	36.5	57	3	A	0.0	3	4	2.0	1.0	1/8	True	-1	5.0	14.0	4.0	4b	3	73/2	False	False				False	33	{	g	i		i	i					m	True	True	(0, -3, 1)	()	0	0	minor	minor	i	i, minor	i		i	i	True		, minor		i, minor		i	1	1	1	2	2	2	False	False	False
74.0	2.0	37.0	58	-2	B	-1.0	3	4	2.0	1.0	1/4	True	-1	6.0	15.0	5.0	5b	3	37	False	True				False	34	i6	g	i		i6	i		6			m	True	True	(-3, 1, 0)	()	0	-3	minor	minor	i	i, minor	i		i	i	True	i6	i6, minor		i6, minor		i	1	1	1	-3	-3	-3	True	False	True
74.0	2.0	37.0	79	1	G	0.0	3	4	1.0	1.0	1/4	True	-1	6.0	15.0	5.0	5b	5	37	False	True				False	34	i6	g	i		i6	i		6			m	True	True	(-3, 1, 0)	()	0	-3	minor	minor	i	i, minor	i		i	i	True	i6	i6, minor		i6, minor		i	1	1	1	0	0	0	True	True	False
76.0	2.0	38.0	57	3	A	0.0	3	4	2.0	1.0	1/4	True	-1	6.0	15.0	5.0	5b	3	38	False	True				False	35	V43	g	i		V43	V		43			Mm7	True	True	(2, -1, 1, 5)	()	1	2	minor	minor	i	i, minor	V		i	i	True	V43	V43, minor		V43, minor		V	1	1	1	2	2	2	True	False	True
76.0	2.0	38.0	78	6	F	1.0	3	4	1.0	1.0	1/4	True	-1	6.0	15.0	5.0	5b	5	38	False	True				False	35	V43	g	i		V43	V		43			Mm7	True	True	(2, -1, 1, 5)	()	1	2	minor	minor	i	i, minor	V		i	i	True	V43	V43, minor		V43, minor		V	1	1	1	5	5	5	True	False	False
78.0	2.0	39.0	55	1	G	0.0	3	4	2.0	1.0	1/4	True	-1	6.0	15.0	5.0	5b	3	39	False	True				False	36	i	g	i		i	i					m	True	True	(0, -3, 1)	()	0	0	minor	minor	i	i, minor	i		i	i	True	i	i, minor		i, minor		i	1	1	1	0	0	0	True	True	True
78.0	2.0	39.0	79	1	G	0.0	3	4	1.0	1.0	1/4	True	-1	6.0	15.0	5.0	5b	5	39	False	True				False	36	i	g	i		i	i					m	True	True	(0, -3, 1)	()	0	0	minor	minor	i	i, minor	i		i	i	True	i	i, minor		i, minor		i	1	1	1	0	0	0	True	True	True
80.0	2.0	40.0	54	6	F	1.0	3	4	2.0	1.0	1/4	True	-1	7.0	16.0	6.0	6b	3	40	False	True				False	37	V65	g	i		V65	V		65			Mm7	True	True	(5, 2, -1, 1)	()	1	5	minor	minor	i	i, minor	V		i	i	True	V65	V65, minor		V65, minor		V	1	1	1	5	5	5	True	False	True
80.0	3.0	40.0	74	2	D	0.0	3	4	1.0	1.0	3/8	True	-1	7.0	16.0	6.0	6b	5	40	False	True				False	37	V65	g	i		V65	V		65			Mm7	True	True	(5, 2, -1, 1)	()	1	5	minor	minor	i	i, minor	V		i	i	True	V65	V65, minor		V65, minor		V	1	1	1	1	1	1	True	True	False
82.0	2.0	41.0	50	2	D	0.0	3	4	2.0	1.0	1/4	True	-1	7.0	16.0	6.0	6b	3	41	False	True				False	38	V7	g	i		V7	V		7			Mm7	True	True	(1, 5, 2, -1)	()	1	1	minor	minor	i	i, minor	V		i	i	True	V7	V7, minor		V7, minor		V	1	1	1	1	1	1	True	True	True
83.0	1.0	41.5	72	0	C	0.0	3	4	1.0	1.0	1/8	True	-1	7.0	16.0	6.0	6b	5	83/2	False	False				False	38	V7	g	i		V7	V		7			Mm7	True	True	(1, 5, 2, -1)	()	1	1	minor	minor	i	i, minor	V		i	i	True	V7	V7, minor		V7, minor		V	1	1	1	-1	-1	-1	True	False	False
84.0	2.0	42.0	55	1	G	0.0	3	4	2.0	1.0	1/4	True	-1	7.0	16.0	6.0	6b	3	42	False	True				False	39	i	g	i		i	i					m	True	True	(0, -3, 1)	()	0	0	minor	minor	i	i, minor	i		i	i	True	i	i, minor		i, minor		i	1	1	1	0	0	0	True	True	True
84.0	2.0	42.0	70	-2	B	-1.0	3	4	1.0	1.0	1/4	True	-1	7.0	16.0	6.0	6b	4	42	False	True				False	39	i	g	i		i	i					m	True	True	(0, -3, 1)	()	0	0	minor	minor	i	i, minor	i		i	i	True	i	i, minor		i, minor		i	1	1	1	-3	-3	-3	True	False	False
86.0	2.0	43.0	48	0	C	0.0	3	4	2.0	1.0	1/4	True	-1	8.0	17.0	7.0	7b	3	43	False	True				False	40	ii%65	g	i		ii%65	ii	%	65			%7	True	True	(-1, -4, 0, 2)	()	2	-1	minor	minor	i	i, minor	ii		i	i	True	ii%65	ii%65, minor		ii%65, minor		ii	1	1	1	-1	-1	-1	True	False	True
86.0	1.0	43.0	70	-2	B	-1.0	3	4	1.0	1.0	1/8	False	-1	8.0	17.0	7.0	7b	4	43	False	True				False	40	ii%65	g	i		ii%65	ii	%	65			%7	True	True	(-1, -4, 0, 2)	()	2	-1	minor	minor	i	i, minor	ii		i	i	True	ii%65	ii%65, minor		ii%65, minor		ii	1	1	1	-3	-3	-3	False	False	False
87.0	1.0	43.5	69	3	A	0.0	3	4	1.0	1.0	1/8	True	-1	8.0	17.0	7.0	7b	4	87/2	False	False				False	40	ii%65	g	i		ii%65	ii	%	65			%7	True	True	(-1, -4, 0, 2)	()	2	-1	minor	minor	i	i, minor	ii		i	i	True	ii%65	ii%65, minor		ii%65, minor		ii	1	1	1	2	2	2	True	True	False
88.0	2.0	44.0	50	2	D	0.0	3	4	2.0	1.0	1/4	True	-1	8.0	17.0	7.0	7b	3	44	False	True				False	41	V(4)	g	i		V(4)	V			4		M	True	True	(1, 0, 2)	()	1	1	minor	minor	i	i, minor	V		i	i	True	V	V, minor		V(4), minor		V	1	1	1	1	1	1	True	True	True
88.0	3.0	44.0	69	3	A	0.0	3	4	1.0	1.0	3/8	True	-1	8.0	17.0	7.0	7b	4	44	False	True				False	41	V(4)	g	i		V(4)	V			4		M	True	True	(1, 0, 2)	()	1	1	minor	minor	i	i, minor	V		i	i	True	V	V, minor		V(4), minor		V	1	1	1	2	2	2	True	False	False
90.0	2.0	45.0	38	2	D	0.0	3	4	2.0	1.0	1/4	True	-1	8.0	17.0	7.0	7b	2	45	False	True				False	42	V	g	i		V	V					M	True	True	(1, 5, 2)	()	1	1	minor	minor	i	i, minor	V		i	i	True	V	V, minor		V, minor		V	1	1	1	1	1	1	True	True	True
91.0	1.0	45.5	67	1	G	0.0	3	4	1.0	1.0	1/8	True	-1	8.0	17.0	7.0	7b	4	91/2	False	False				False	42	V	g	i		V	V					M	True	True	(1, 5, 2)	()	1	1	minor	minor	i	i, minor	V		i	i	True	V	V, minor		V, minor		V	1	1	1	0	0	0	False	False	False
92.0	4.0	46.0	43	1	G	0.0	3	4	2.0	1.0	1/2	True	-1	9.0	18.0	8.0	8b	2	46	False	False	PAC	PAC	}	True	43	i|PAC}	g	i		i	i					m	True	True	(0, -3, 1)	()	0	0	minor	minor	i	i, minor	i		i	i	True	i	i, minor		i, minor		i	1	1	1	0	0	0	True	True	True
92.0	4.0	46.0	67	1	G	0.0	3	4	1.0	1.0	1/2	True	-1	9.0	18.0	8.0	8b	4	46	False	False	PAC	PAC	}	True	43	i|PAC}	g	i		i	i					m	True	True	(0, -3, 1)	()	0	0	minor	minor	i	i, minor	i		i	i	True	i	i, minor		i, minor		i	1	1	1	0	0	0	True	True	True
96.0	2.0	48.0	55	1	G	0.0	3	4	2.0	1.0	1/4	True	-1	10.0	19.0	8.0	8b	3	48	True	True			{	False	44	i{	g	i		i	i					m	True	True	(0, -3, 1)	()	0	0	minor	minor	i	i, minor	i		i	i	True	i	i, minor		i, minor		i	1	1	1	0	0	0	True	True	True
96.0	2.0	48.0	74	2	D	0.0	3	4	1.0	1.0	1/4	True	-1	10.0	19.0	8.0	8b	5	48	True	True			{	False	44	i{	g	i		i	i					m	True	True	(0, -3, 1)	()	0	0	minor	minor	i	i, minor	i		i	i	True	i	i, minor		i, minor		i	1	1	1	1	1	1	True	False	False
98.0	4.0	49.0	48	0	C	0.0	3	4	2.0	1.0	1/2	True	-1	11.0	20.0	9.0	9a	3	49	False	True				False	45	iv7	g	i		iv7	iv		7			mm7	True	True	(-1, -4, 0, -3)	()	-1	-1	minor	minor	i	i, minor	iv		i	i	True	iv7	iv7, minor		iv7, minor		iv	1	1	1	-1	-1	-1	True	True	True
98.0	3.0	49.0	75	-3	E	-1.0	3	4	1.0	1.0	3/8	True	-1	11.0	20.0	9.0	9a	5	49	False	True				False	45	iv7	g	i		iv7	iv		7			mm7	True	True	(-1, -4, 0, -3)	()	-1	-1	minor	minor	i	i, minor	iv		i	i	True	iv7	iv7, minor		iv7, minor		iv	1	1	1	-4	-4	-4	True	False	False
101.0	1.0	50.5	74	2	D	0.0	3	4	1.0	1.0	1/8	True	-1	11.0	20.0	9.0	9a	5	101/2	False	False				False	45	iv7	g	i		iv7	iv		7			mm7	True	True	(-1, -4, 0, -3)	()	-1	-1	minor	minor	i	i, minor	iv		i	i	True	iv7	iv7, minor		iv7, minor		iv	1	1	1	1	1	1	False	False	False
102.0	2.0	51.0	48	0	C	0.0	3	4	2.0	1.0	1/4	True	-1	11.0	20.0	9.0	9a	3	51	False	False				False	45	iv7	g	i		iv7	iv		7			mm7	True	True	(-1, -4, 0, -3)	()	-1	-1	minor	minor	i	i, minor	iv		i	i	True	iv7	iv7, minor		iv7, minor		iv	1	1	1	-1	-1	-1	True	True	True
102.0	2.0	51.0	75	-3	E	-1.0	3	4	1.0	1.0	1/4	True	-1	11.0	20.0	9.0	9a	5	51	False	False				False	45	iv7	g	i		iv7	iv		7			mm7	True	True	(-1, -4, 0, -3)	()	-1	-1	minor	minor	i	i, minor	iv		i	i	True	iv7	iv7, minor		iv7, minor		iv	1	1	1	-4	-4	-4	True	False	False
104.0	4.0	52.0	53	-1	F	0.0	3	4	2.0	1.0	1/2	True	-1	12.0	21.0	10.0	10a	3	52	False	True				False	46	III.V	g	III		V	V					M	True	False	(1, 5, 2)	()	1	1	minor	major	III	III, minor	V		III	III	False	V	V, major		V, major		V	1	-2	-2	-2	1	1	True	True	True
104.0	4.0	52.0	72	0	C	0.0	3	4	1.0	1.0	1/2	True	-1	12.0	21.0	10.0	10a	5	52	False	True				False	46	III.V	g	III		V	V					M	True	False	(1, 5, 2)	()	1	1	minor	major	III	III, minor	V		III	III	False	V	V, major		V, major		V	1	-2	-2	-1	2	2	True	False	False
108.0	2.0	54.0	53	-1	F	0.0	3	4	2.0	1.0	1/4	True	-1	12.0	21.0	10.0	10a	3	54	False	False				False	46	III.V	g	III		V	V					M	True	False	(1, 5, 2)	()	1	1	minor	major	III	III, minor	V		III	III	False	V	V, major		V, major		V	1	-2	-2	-2	1	1	True	True	True
108.0	2.0	54.0	72	0	C	0.0	3	4	1.0	1.0	1/4	True	-1	12.0	21.0	10.0	10a	5	54	False	False				False	46	III.V	g	III		V	V					M	True	False	(1, 5, 2)	()	1	1	minor	major	III	III, minor	V		III	III	False	V	V, major		V, major		V	1	-2	-2	-1	2	2	True	False	False
110.0	4.0	55.0	45	3	A	0.0	3	4	2.0	1.0	1/2	True	-1	13.0	22.0	11.0	11a	2	55	False	True				False	47	V65	g	III		V65	V		65			Mm7	True	False	(5, 2, -1, 1)	()	1	5	minor	major	III	III, minor	V		III	III	False	V65	V65, major		V65, major		V	1	-2	-2	2	5	5	True	False	True
110.0	2.0	55.0	75	-3	E	-1.0	3	4	1.0	1.0	1/4	True	-1	13.0	22.0	11.0	11a	5	55	False	True				False	47	V65	g	III		V65	V		65			Mm7	True	False	(5, 2, -1, 1)	()	1	5	minor	major	III	III, minor	V		III	III	False	V65	V65, major		V65, major		V	1	-2	-2	-4	-1	-1	True	False	False
112.0	3.0	56.0	74	2	D	0.0	3	4	1.0	1.0	3/8	True	-1	13.0	22.0	11.0	11a	5	56	False	False				False	47	V65	g	III		V65	V		65			Mm7	True	False	(5, 2, -1, 1)	()	1	5	minor	major	III	III, minor	V		III	III	False	V65	V65, major		V65, major		V	1	-2	-2	1	4	4	False	False	False
114.0	2.0	57.0	41	-1	F	0.0	3	4	2.0	1.0	1/4	True	-1	13.0	22.0	11.0	11a	2	57	False	True				False	48	V7	g	III		V7	V		7			Mm7	True	False	(1, 5, 2, -1)	()	1	1	minor	major	III	III, minor	V		III	III	False	V7	V7, major		V7, major		V	1	-2	-2	-2	1	1	True	True	True
115.0	1.0	57.5	72	0	C	0.0	3	4	1.0	1.0	1/8	True	-1	13.0	22.0	11.0	11a	5	115/2	False	False				False	48	V7	g	III		V7	V		7			Mm7	True	False	(1, 5, 2, -1)	()	1	1	minor	major	III	III, minor	V		III	III	False	V7	V7, major		V7, major		V	1	-2	-2	-1	2	2	True	False	False
116.0	0.0	58.0	72	0	C	0.0	3	4	1.0	1.0	0	True	-1	14.0	23.0	12.0	12a	5	58	False	True	IAC	IAC	}	True	49	I|IAC}	g	III		I	I					M	True	False	(0, 4, 1)	()	0	0	minor	major	III	III, minor	I		III	III	False	I	I, major		I, major		I	1	-2	-2	-1	2	2	False	False	False
116.0	4.0	58.0	46	-2	B	-1.0	3	4	2.0	1.0	1/2	True	-1	14.0	23.0	12.0	12a	2	58	False	True	IAC	IAC	}	True	49	I|IAC}	g	III		I	I					M	True	False	(0, 4, 1)	()	0	0	minor	major	III	III, minor	I		III	III	False	I	I, major		I, major		I	1	-2	-2	-3	0	0	True	True	True
116.0	2.0	58.0	74	2	D	0.0	3	4	1.0	1.0	1/4	True	-1	14.0	23.0	12.0	12a	5	58	False	True	IAC	IAC	}	True	49	I|IAC}	g	III		I	I					M	True	False	(0, 4, 1)	()	0	0	minor	major	III	III, minor	I		III	III	False	I	I, major		I, major		I	1	-2	-2	1	4	4	True	False	False
118.0	0.0	59.0	72	0	C	0.0	3	4	1.0	1.0	0	True	-1	14.0	23.0	12.0	12a	5	59	False	False				False	49	I|IAC}	g	III		I	I					M	True	False	(0, 4, 1)	()	0	0	minor	major	III	III, minor	I		III	III	False	I	I, major		I, major		I	1	-2	-2	-1	2	2	False	False	False
118.0	2.0	59.0	70	-2	B	-1.0	3	4	1.0	1.0	1/4	True	-1	14.0	23.0	12.0	12a	4	59	False	False				False	49	I|IAC}	g	III		I	I					M	True	False	(0, 4, 1)	()	0	0	minor	major	III	III, minor	I		III	III	False	I	I, major		I, major		I	1	-2	-2	-3	0	0	True	True	True
120.0	2.0	60.0	58	-2	B	-1.0	3	4	2.0	1.0	1/4	True	-1	14.0	23.0	12.0	12a	3	60	False	False			{	False	50	{	g	III		I	I					M	True	False	(0, 4, 1)	()	0	0	minor	major	III	III, minor	I		III	III	False		, major		I, major		I	1	-2	-2	-3	0	0	True	True	True
120.0	2.0	60.0	77	-1	F	0.0	3	4	1.0	1.0	1/4	True	-1	14.0	23.0	12.0	12a	5	60	False	False			{	False	50	{	g	III		I	I					M	True	False	(0, 4, 1)	()	0	0	minor	major	III	III, minor	I		III	III	False		, major		I, major		I	1	-2	-2	-2	1	1	True	False	False
122.0	4.0	61.0	50	2	D	0.0	3	4	2.0	1.0	1/2	True	-1	15.0	24.0	13.0	13a	3	61	False	True				False	51	V65/IV	g	III		V65/IV	V		65		IV	Mm7	True	False	(4, 1, -2, 0)	()	0	4	minor	major	III	III, minor	V/IV	IV	IV/III	VI	False	V65/IV	V65/IV, major		V65/IV, major	IV	IV	1	-2	-3	1	4	5	True	False	True
122.0	2.0	61.0	80	-4	A	-1.0	3	4	1.0	1.0	1/4	True	-1	15.0	24.0	13.0	13a	5	61	False	True				False	51	V65/IV	g	III		V65/IV	V		65		IV	Mm7	True	False	(4, 1, -2, 0)	()	0	4	minor	major	III	III, minor	V/IV	IV	IV/III	VI	False	V65/IV	V65/IV, major		V65/IV, major	IV	IV	1	-2	-3	-5	-2	-1	True	False	False
124.0	3.0	62.0	79	1	G	0.0	3	4	1.0	1.0	3/8	True	-1	15.0	24.0	13.0	13a	5	62	False	False				False	51	V65/IV	g	III		V65/IV	V		65		IV	Mm7	True	False	(4, 1, -2, 0)	()	0	4	minor	major	III	III, minor	V/IV	IV	IV/III	VI	False	V65/IV	V65/IV, major		V65/IV, major	IV	IV	1	-2	-3	0	3	4	False	False	False
126.0	2.0	63.0	46	-2	B	-1.0	3	4	2.0	1.0	1/4	True	-1	15.0	24.0	13.0	13a	2	63	False	True				False	52	V7/IV	g	III		V7/IV	V		7		IV	Mm7	True	False	(0, 4, 1, -2)	()	0	0	minor	major	III	III, minor	V/IV	IV	IV/III	VI	False	V7/IV	V7/IV, major		V7/IV, major	IV	IV	1	-2	-3	-3	0	1	True	True	True
127.0	1.0	63.5	77	-1	F	0.0	3	4	1.0	1.0	1/8	True	-1	15.0	24.0	13.0	13a	5	127/2	False	False				False	52	V7/IV	g	III		V7/IV	V		7		IV	Mm7	True	False	(0, 4, 1, -2)	()	0	0	minor	major	III	III, minor	V/IV	IV	IV/III	VI	False	V7/IV	V7/IV, major		V7/IV, major	IV	IV	1	-2	-3	-2	1	2	True	False	False
128.0	0.0	64.0	77	-1	F	0.0	3	4	1.0	1.0	0	True	-1	16.0	25.0	14.0	14a	5	64	False	True				False	53	IV	g	III		IV	IV					M	True	False	(-1, 3, 0)	()	-1	-1	minor	major	III	III, minor	IV		III	III	False	IV	IV, major		IV, major		IV	1	-2	-2	-2	1	1	False	False	False
128.0	2.0	64.0	51	-3	E	-1.0	3	4	2.0	1.0	1/4	True	-1	16.0	25.0	14.0	14a	3	64	False	True				False	53	IV	g	III		IV	IV					M	True	False	(-1, 3, 0)	()	-1	-1	minor	major	III	III, minor	IV		III	III	False	IV	IV, major		IV, major		IV	1	-2	-2	-4	-1	-1	True	True	True
128.0	3.0	64.0	79	1	G	0.0	3	4	1.0	1.0	3/8	True	-1	16.0	25.0	14.0	14a	5	64	False	True				False	53	IV	g	III		IV	IV					M	True	False	(-1, 3, 0)	()	-1	-1	minor	major	III	III, minor	IV		III	III	False	IV	IV, major		IV, major		IV	1	-2	-2	0	3	3	True	False	False
130.0	2.0	65.0	50	2	D	0.0	3	4	2.0	1.0	1/4	True	-1	16.0	25.0	14.0	14a	3	65	False	False				False	53	IV	g	III		IV	IV					M	True	False	(-1, 3, 0)	()	-1	-1	minor	major	III	III, minor	IV		III	III	False	IV	IV, major		IV, major		IV	1	-2	-2	1	4	4	False	False	False
131.0	1.0	65.5	77	-1	F	0.0	3	4	1.0	1.0	1/8	True	-1	16.0	25.0	14.0	14a	5	131/2	False	False				False	53	IV	g	III		IV	IV					M	True	False	(-1, 3, 0)	()	-1	-1	minor	major	III	III, minor	IV		III	III	False	IV	IV, major		IV, major		IV	1	-2	-2	-2	1	1	False	False	False
132.0	2.0	66.0	48	0	C	0.0	3	4	2.0	1.0	1/4	True	-1	16.0	25.0	14.0	14a	3	66	False	True				False	54	V43	g	III		V43	V		43			Mm7	True	False	(2, -1, 1, 5)	()	1	2	minor	major	III	III, minor	V		III	III	False	V43	V43, major		V43, major		V	1	-2	-2	-1	2	2	True	False	True
132.0	1.0	66.0	79	1	G	0.0	3	4	1.0	1.0	1/8	True	-1	16.0	25.0	14.0	14a	5	66	False	True				False	54	V43	g	III		V43	V		43			Mm7	True	False	(2, -1, 1, 5)	()	1	2	minor	major	III	III, minor	V		III	III	False	V43	V43, major		V43, major		V	1	-2	-2	0	3	3	False	False	False
133.0	1.0	66.5	77	-1	F	0.0	3	4	1.0	1.0	1/8	True	-1	16.0	25.0	14.0	14a	5	133/2	False	False				False	54	V43	g	III		V43	V		43			Mm7	True	False	(2, -1, 1, 5)	()	1	2	minor	major	III	III, minor	V		III	III	False	V43	V43, major		V43, major		V	1	-2	-2	-2	1	1	True	True	False
134.0	2.0	67.0	46	-2	B	-1.0	3	4	2.0	1.0	1/4	True	-1	17.0	26.0	15.0	15a	2	67	False	True				False	55	I	g	III		I	I					M	True	False	(0, 4, 1)	()	0	0	minor	major	III	III, minor	I		III	III	False	I	I, major		I, major		I	1	-2	-2	-3	0	0	True	True	True
134.0	1.0	67.0	75	-3	E	-1.0	3	4	1.0	1.0	1/8	True	-1	17.0	26.0	15.0	15a	5	67	False	True				False	55	I	g	III		I	I					M	True	False	(0, 4, 1)	()	0	0	minor	major	III	III, minor	I		III	III	False	I	I, major		I, major		I	1	-2	-2	-4	-1	-1	False	False	False
135.0	1.0	67.5	74	2	D	0.0	3	4	1.0	1.0	1/8	True	-1	17.0	26.0	15.0	15a	5	135/2	False	False				False	55	I	g	III		I	I					M	True	False	(0, 4, 1)	()	0	0	minor	major	III	III, minor	I		III	III	False	I	I, major		I, major		I	1	-2	-2	1	4	4	True	False	False
136.0	2.0	68.0	53	-1	F	0.0	3	4	2.0	1.0	1/4	True	-1	17.0	26.0	15.0	15a	3	68	False	True				False	56	V(4)	g	III		V(4)	V			4		M	True	False	(1, 0, 2)	()	1	1	minor	major	III	III, minor	V		III	III	False	V	V, major		V(4), major		V	1	-2	-2	-2	1	1	True	True	True
136.0	3.0	68.0	72	0	C	0.0	3	4	1.0	1.0	3/8	True	-1	17.0	26.0	15.0	15a	5	68	False	True				False	56	V(4)	g	III		V(4)	V			4		M	True	False	(1, 0, 2)	()	1	1	minor	major	III	III, minor	V		III	III	False	V	V, major		V(4), major		V	1	-2	-2	-1	2	2	True	False	False
138.0	2.0	69.0	41	-1	F	0.0	3	4	2.0	1.0	1/4	True	-1	17.0	26.0	15.0	15a	2	69	False	True				False	57	V	g	III		V	V					M	True	False	(1, 5, 2)	()	1	1	minor	major	III	III, minor	V		III	III	False	V	V, major		V, major		V	1	-2	-2	-2	1	1	True	True	True
139.0	1.0	69.5	70	-2	B	-1.0	3	4	1.0	1.0	1/8	True	-1	17.0	26.0	15.0	15a	4	139/2	False	False				False	57	V	g	III		V	V					M	True	False	(1, 5, 2)	()	1	1	minor	major	III	III, minor	V		III	III	False	V	V, major		V, major		V	1	-2	-2	-3	0	0	False	False	False
140.0	4.0	70.0	46	-2	B	-1.0	3	4	2.0	1.0	1/2	True	-1	18.0	27.0	16.0	16a	2	70	False	True	PAC	PAC	}	True	58	I|PAC}	g	III		I	I					M	True	False	(0, 4, 1)	()	0	0	minor	major	III	III, minor	I		III	III	False	I	I, major		I, major		I	1	-2	-2	-3	0	0	True	True	True
140.0	4.0	70.0	70	-2	B	-1.0	3	4	1.0	1.0	1/2	True	-1	18.0	27.0	16.0	16a	4	70	False	True	PAC	PAC	}	True	58	I|PAC}	g	III		I	I					M	True	False	(0, 4, 1)	()	0	0	minor	major	III	III, minor	I		III	III	False	I	I, major		I, major		I	1	-2	-2	-3	0	0	True	True	True
144.0	2.0	72.0	55	1	G	0.0	3	4	2.0	1.0	1/4	True	-1	1.0	28.0	0.0	16a	3	72	True	True			{	False	59	g.i{	g	i		i	i					m	True	True	(0, -3, 1)	()	0	0	minor	minor	i	i, minor	i		i	i	True	i	i, minor		i, minor		i	1	1	1	0	0	0	True	True	True
144.0	2.0	72.0	74	2	D	0.0	3	4	1.0	1.0	1/4	True	-1	1.0	28.0	0.0	16a	5	72	True	True			{	False	59	g.i{	g	i		i	i					m	True	True	(0, -3, 1)	()	0	0	minor	minor	i	i, minor	i		i	i	True	i	i, minor		i, minor		i	1	1	1	1	1	1	True	False	False
146.0	2.0	73.0	58	-2	B	-1.0	3	4	2.0	1.0	1/4	True	-1	2.0	29.0	1.0	1c	3	73	False	True				False	60	i6	g	i		i6	i		6			m	True	True	(-3, 1, 0)	()	0	-3	minor	minor	i	i, minor	i		i	i	True	i6	i6, minor		i6, minor		i	1	1	1	-3	-3	-3	True	False	True
146.0	2.0	73.0	79	1	G	0.0	3	4	1.0	1.0	1/4	True	-1	2.0	29.0	1.0	1c	5	73	False	True				False	60	i6	g	i		i6	i		6			m	True	True	(-3, 1, 0)	()	0	-3	minor	minor	i	i, minor	i		i	i	True	i6	i6, minor		i6, minor		i	1	1	1	0	0	0	True	True	False
148.0	2.0	74.0	57	3	A	0.0	3	4	2.0	1.0	1/4	True	-1	2.0	29.0	1.0	1c	3	74	False	True				False	61	V43	g	i		V43	V		43			Mm7	True	True	(2, -1, 1, 5)	()	1	2	minor	minor	i	i, minor	V		i	i	True	V43	V43, minor		V43, minor		V	1	1	1	2	2	2	True	False	True
148.0	2.0	74.0	78	6	F	1.0	3	4	1.0	1.0	1/4	True	-1	2.0	29.0	1.0	1c	5	74	False	True				False	61	V43	g	i		V43	V		43			Mm7	True	True	(2, -1, 1, 5)	()	1	2	minor	minor	i	i, minor	V		i	i	True	V43	V43, minor		V43, minor		V	1	1	1	5	5	5	True	False	False
150.0	2.0	75.0	55	1	G	0.0	3	4	2.0	1.0	1/4	True	-1	2.0	29.0	1.0	1c	3	75	False	True				False	62	i	g	i		i	i					m	True	True	(0, -3, 1)	()	0	0	minor	minor	i	i, minor	i		i	i	True	i	i, minor		i, minor		i	1	1	1	0	0	0	True	True	True
150.0	2.0	75.0	79	1	G	0.0	3	4	1.0	1.0	1/4	True	-1	2.0	29.0	1.0	1c	5	75	False	True				False	62	i	g	i		i	i					m	True	True	(0, -3, 1)	()	0	0	minor	minor	i	i, minor	i		i	i	True	i	i, minor		i, minor		i	1	1	1	0	0	0	True	True	True
152.0	2.0	76.0	54	6	F	1.0	3	4	2.0	1.0	1/4	True	-1	3.0	30.0	2.0	2c	3	76	False	True				False	63	V65	g	i		V65	V		65			Mm7	True	True	(5, 2, -1, 1)	()	1	5	minor	minor	i	i, minor	V		i	i	True	V65	V65, minor		V65, minor		V	1	1	1	5	5	5	True	False	True
152.0	3.0	76.0	74	2	D	0.0	3	4	1.0	1.0	3/8	True	-1	3.0	30.0	2.0	2c	5	76	False	True				False	63	V65	g	i		V65	V		65			Mm7	True	True	(5, 2, -1, 1)	()	1	5	minor	minor	i	i, minor	V		i	i	True	V65	V65, minor		V65, minor		V	1	1	1	1	1	1	True	True	False
154.0	2.0	77.0	50	2	D	0.0	3	4	2.0	1.0	1/4	True	-1	3.0	30.0	2.0	2c	3	77	False	True				False	64	V7	g	i		V7	V		7			Mm7	True	True	(1, 5, 2, -1)	()	1	1	minor	minor	i	i, minor	V		i	i	True	V7	V7, minor		V7, minor		V	1	1	1	1	1	1	True	True	True
155.0	1.0	77.5	75	-3	E	-1.0	3	4	1.0	1.0	1/8	True	-1	3.0	30.0	2.0	2c	5	155/2	False	False				False	64	V7	g	i		V7	V		7			Mm7	True	True	(1, 5, 2, -1)	()	1	1	minor	minor	i	i, minor	V		i	i	True	V7	V7, minor		V7, minor		V	1	1	1	-4	-4	-4	False	False	False
156.0	2.0	78.0	55	1	G	0.0	3	4	2.0	1.0	1/4	True	-1	3.0	30.0	2.0	2c	3	78	False	True				False	65	i	g	i		i	i					m	True	True	(0, -3, 1)	()	0	0	minor	minor	i	i, minor	i		i	i	True	i	i, minor		i, minor		i	1	1	1	0	0	0	True	True	True
156.0	2.0	78.0	74	2	D	0.0	3	4	1.0	1.0	1/4	True	-1	3.0	30.0	2.0	2c	5	78	False	True				False	65	i	g	i		i	i					m	True	True	(0, -3, 1)	()	0	0	minor	minor	i	i, minor	i		i	i	True	i	i, minor		i, minor		i	1	1	1	1	1	1	True	False	False
158.0	2.0	79.0	48	0	C	0.0	3	4	2.0	1.0	1/4	True	-1	4.0	31.0	3.0	3c	3	79	False	True				False	66	ii%65	g	i		ii%65	ii	%	65			%7	True	True	(-1, -4, 0, 2)	()	2	-1	minor	minor	i	i, minor	ii		i	i	True	ii%65	ii%65, minor		ii%65, minor		ii	1	1	1	-1	-1	-1	True	False	True
158.0	2.0	79.0	72	0	C	0.0	3	4	1.0	1.0	1/4	True	-1	4.0	31.0	3.0	3c	5	79	False	True				False	66	ii%65	g	i		ii%65	ii	%	65			%7	True	True	(-1, -4, 0, 2)	()	2	-1	minor	minor	i	i, minor	ii		i	i	True	ii%65	ii%65, minor		ii%65, minor		ii	1	1	1	-1	-1	-1	True	False	True
160.0	2.0	80.0	50	2	D	0.0	3	4	2.0	1.0	1/4	True	-1	4.0	31.0	3.0	3c	3	80	False	True				False	67	V(64)	g	i		V(64)	V			64		M	True	True	(1, 0, -3)	()	1	1	minor	minor	i	i, minor	V		i	i	True	V	V, minor		V(64), minor		V	1	1	1	1	1	1	True	True	True
160.0	2.0	80.0	70	-2	B	-1.0	3	4	1.0	1.0	1/4	True	-1	4.0	31.0	3.0	3c	4	80	False	True				False	67	V(64)	g	i		V(64)	V			64		M	True	True	(1, 0, -3)	()	1	1	minor	minor	i	i, minor	V		i	i	True	V	V, minor		V(64), minor		V	1	1	1	-3	-3	-3	True	False	False
162.0	2.0	81.0	38	2	D	0.0	3	4	2.0	1.0	1/4	True	-1	4.0	31.0	3.0	3c	2	81	False	True				False	68	V	g	i		V	V					M	True	True	(1, 5, 2)	()	1	1	minor	minor	i	i, minor	V		i	i	True	V	V, minor		V, minor		V	1	1	1	1	1	1	True	True	True
162.0	2.0	81.0	69	3	A	0.0	3	4	1.0	1.0	1/4	True	-1	4.0	31.0	3.0	3c	4	81	False	True				False	68	V	g	i		V	V					M	True	True	(1, 5, 2)	()	1	1	minor	minor	i	i, minor	V		i	i	True	V	V, minor		V, minor		V	1	1	1	2	2	2	True	False	False
164.0	0.0	82.0	69	3	A	0.0	3	4	1.0	1.0	0	True	-1	5.0	32.0	4.0	4c	4	82	False	True	IAC	IAC	}	True	69	i|IAC}	g	i		i	i					m	True	True	(0, -3, 1)	()	0	0	minor	minor	i	i, minor	i		i	i	True	i	i, minor		i, minor		i	1	1	1	2	2	2	False	False	False
164.0	4.0	82.0	43	1	G	0.0	3	4	2.0	1.0	1/2	True	-1	5.0	32.0	4.0	4c	2	82	False	True	IAC	IAC	}	True	69	i|IAC}	g	i		i	i					m	True	True	(0, -3, 1)	()	0	0	minor	minor	i	i, minor	i		i	i	True	i	i, minor		i, minor		i	1	1	1	0	0	0	True	True	True
164.0	2.0	82.0	70	-2	B	-1.0	3	4	1.0	1.0	1/4	True	-1	5.0	32.0	4.0	4c	4	82	False	True	IAC	IAC	}	True	69	i|IAC}	g	i		i	i					m	True	True	(0, -3, 1)	()	0	0	minor	minor	i	i, minor	i		i	i	True	i	i, minor		i, minor		i	1	1	1	-3	-3	-3	True	False	False
166.0	0.0	83.0	69	3	A	0.0	3	4	1.0	1.0	0	True	-1	5.0	32.0	4.0	4c	4	83	False	False				False	69	i|IAC}	g	i		i	i					m	True	True	(0, -3, 1)	()	0	0	minor	minor	i	i, minor	i		i	i	True	i	i, minor		i, minor		i	1	1	1	2	2	2	False	False	False
166.0	2.0	83.0	67	1	G	0.0	3	4	1.0	1.0	1/4	True	-1	5.0	32.0	4.0	4c	4	83	False	False				False	69	i|IAC}	g	i		i	i					m	True	True	(0, -3, 1)	()	0	0	minor	minor	i	i, minor	i		i	i	True	i	i, minor		i, minor		i	1	1	1	0	0	0	True	True	True
168.0	1.0	84.0	55	1	G	0.0	3	4	2.0	1.0	1/8	True	-1	5.0	32.0	4.0	4c	3	84	False	False			{	False	70	{	g	i		i	i					m	True	True	(0, -3, 1)	()	0	0	minor	minor	i	i, minor	i		i	i	True		, minor		i, minor		i	1	1	1	0	0	0	True	True	True
168.0	2.0	84.0	74	2	D	0.0	3	4	1.0	1.0	1/4	True	-1	5.0	32.0	4.0	4c	5	84	False	False			{	False	70	{	g	i		i	i					m	True	True	(0, -3, 1)	()	0	0	minor	minor	i	i, minor	i		i	i	True		, minor		i, minor		i	1	1	1	1	1	1	True	False	False
169.0	1.0	84.5	57	3	A	0.0	3	4	2.0	1.0	1/8	True	-1	5.0	32.0	4.0	4c	3	169/2	False	False				False	70	{	g	i		i	i					m	True	True	(0, -3, 1)	()	0	0	minor	minor	i	i, minor	i		i	i	True		, minor		i, minor		i	1	1	1	2	2	2	False	False	False
170.0	2.0	85.0	58	-2	B	-1.0	3	4	2.0	1.0	1/4	True	-1	6.0	33.0	5.0	5c	3	85	False	True				False	71	i6	g	i		i6	i		6			m	True	True	(-3, 1, 0)	()	0	-3	minor	minor	i	i, minor	i		i	i	True	i6	i6, minor		i6, minor		i	1	1	1	-3	-3	-3	True	False	True
170.0	2.0	85.0	79	1	G	0.0	3	4	1.0	1.0	1/4	True	-1	6.0	33.0	5.0	5c	5	85	False	True				False	71	i6	g	i		i6	i		6			m	True	True	(-3, 1, 0)	()	0	-3	minor	minor	i	i, minor	i		i	i	True	i6	i6, minor		i6, minor		i	1	1	1	0	0	0	True	True	False
172.0	2.0	86.0	57	3	A	0.0	3	4	2.0	1.0	1/4	True	-1	6.0	33.0	5.0	5c	3	86	False	True				False	72	V43	g	i		V43	V		43			Mm7	True	True	(2, -1, 1, 5)	()	1	2	minor	minor	i	i, minor	V		i	i	True	V43	V43, minor		V43, minor		V	1	1	1	2	2	2	True	False	True
172.0	2.0	86.0	78	6	F	1.0	3	4	1.0	1.0	1/4	True	-1	6.0	33.0	5.0	5c	5	86	False	True				False	72	V43	g	i		V43	V		43			Mm7	True	True	(2, -1, 1, 5)	()	1	2	minor	minor	i	i, minor	V		i	i	True	V43	V43, minor		V43, minor		V	1	1	1	5	5	5	True	False	False
174.0	2.0	87.0	55	1	G	0.0	3	4	2.0	1.0	1/4	True	-1	6.0	33.0	5.0	5c	3	87	False	True				False	73	i	g	i		i	i					m	True	True	(0, -3, 1)	()	0	0	minor	minor	i	i, minor	i		i	i	True	i	i, minor		i, minor		i	1	1	1	0	0	0	True	True	True
174.0	2.0	87.0	79	1	G	0.0	3	4	1.0	1.0	1/4	True	-1	6.0	33.0	5.0	5c	5	87	False	True				False	73	i	g	i		i	i					m	True	True	(0, -3, 1)	()	0	0	minor	minor	i	i, minor	i		i	i	True	i	i, minor		i, minor		i	1	1	1	0	0	0	True	True	True
176.0	2.0	88.0	54	6	F	1.0	3	4	2.0	1.0	1/4	True	-1	7.0	34.0	6.0	6c	3	88	False	True				False	74	V65	g	i		V65	V		65			Mm7	True	True	(5, 2, -1, 1)	()	1	5	minor	minor	i	i, minor	V		i	i	True	V65	V65, minor		V65, minor		V	1	1	1	5	5	5	True	False	True
176.0	3.0	88.0	74	2	D	0.0	3	4	1.0	1.0	3/8	True	-1	7.0	34.0	6.0	6c	5	88	False	True				False	74	V65	g	i		V65	V		65			Mm7	True	True	(5, 2, -1, 1)	()	1	5	minor	minor	i	i, minor	V		i	i	True	V65	V65, minor		V65, minor		V	1	1	1	1	1	1	True	True	False
178.0	2.0	89.0	50	2	D	0.0	3	4	2.0	1.0	1/4	True	-1	7.0	34.0	6.0	6c	3	89	False	True				False	75	V7	g	i		V7	V		7			Mm7	True	True	(1, 5, 2, -1)	()	1	1	minor	minor	i	i, minor	V		i	i	True	V7	V7, minor		V7, minor		V	1	1	1	1	1	1	True	True	True
179.0	1.0	89.5	72	0	C	0.0	3	4	1.0	1.0	1/8	True	-1	7.0	34.0	6.0	6c	5	179/2	False	False				False	75	V7	g	i		V7	V		7			Mm7	True	True	(1, 5, 2, -1)	()	1	1	minor	minor	i	i, minor	V		i	i	True	V7	V7, minor		V7, minor		V	1	1	1	-1	-1	-1	True	False	False
180.0	2.0	90.0	55	1	G	0.0	3	4	2.0	1.0	1/4	True	-1	7.0	34.0	6.0	6c	3	90	False	True				False	76	i	g	i		i	i					m	True	True	(0, -3, 1)	()	0	0	minor	minor	i	i, minor	i		i	i	True	i	i, minor		i, minor		i	1	1	1	0	0	0	True	True	True
180.0	2.0	90.0	70	-2	B	-1.0	3	4	1.0	1.0	1/4	True	-1	7.0	34.0	6.0	6c	4	90	False	True				False	76	i	g	i		i	i					m	True	True	(0, -3, 1)	()	0	0	minor	minor	i	i, minor	i		i	i	True	i	i, minor		i, minor		i	1	1	1	-3	-3	-3	True	False	False
182.0	2.0	91.0	48	0	C	0.0	3	4	2.0	1.0	1/4	True	-1	8.0	35.0	7.0	7c	3	91	False	True				False	77	ii%65	g	i		ii%65	ii	%	65			%7	True	True	(-1, -4, 0, 2)	()	2	-1	minor	minor	i	i, minor	ii		i	i	True	ii%65	ii%65, minor		ii%65, minor		ii	1	1	1	-1	-1	-1	True	False	True
182.0	1.0	91.0	70	-2	B	-1.0	3	4	1.0	1.0	1/8	False	-1	8.0	35.0	7.0	7c	4	91	False	True				False	77	ii%65	g	i		ii%65	ii	%	65			%7	True	True	(-1, -4, 0, 2)	()	2	-1	minor	minor	i	i, minor	ii		i	i	True	ii%65	ii%65, minor		ii%65, minor		ii	1	1	1	-3	-3	-3	False	False	False
183.0	1.0	91.5	69	3	A	0.0	3	4	1.0	1.0	1/8	True	-1	8.0	35.0	7.0	7c	4	183/2	False	False				False	77	ii%65	g	i		ii%65	ii	%	65			%7	True	True	(-1, -4, 0, 2)	()	2	-1	minor	minor	i	i, minor	ii		i	i	True	ii%65	ii%65, minor		ii%65, minor		ii	1	1	1	2	2	2	True	True	False
184.0	2.0	92.0	50	2	D	0.0	3	4	2.0	1.0	1/4	True	-1	8.0	35.0	7.0	7c	3	92	False	True				False	78	V(4)	g	i		V(4)	V			4		M	True	True	(1, 0, 2)	()	1	1	minor	minor	i	i, minor	V		i	i	True	V	V, minor		V(4), minor		V	1	1	1	1	1	1	True	True	True
184.0	3.0	92.0	69	3	A	0.0	3	4	1.0	1.0	3/8	True	-1	8.0	35.0	7.0	7c	4	92	False	True				False	78	V(4)	g	i		V(4)	V			4		M	True	True	(1, 0, 2)	()	1	1	minor	minor	i	i, minor	V		i	i	True	V	V, minor		V(4), minor		V	1	1	1	2	2	2	True	False	False
186.0	2.0	93.0	38	2	D	0.0	3	4	2.0	1.0	1/4	True	-1	8.0	35.0	7.0	7c	2	93	False	True				False	79	V	g	i		V	V					M	True	True	(1, 5, 2)	()	1	1	minor	minor	i	i, minor	V		i	i	True	V	V, minor		V, minor		V	1	1	1	1	1	1	True	True	True
187.0	1.0	93.5	67	1	G	0.0	3	4	1.0	1.0	1/8	True	-1	8.0	35.0	7.0	7c	4	187/2	False	False				False	79	V	g	i		V	V					M	True	True	(1, 5, 2)	()	1	1	minor	minor	i	i, minor	V		i	i	True	V	V, minor		V, minor		V	1	1	1	0	0	0	False	False	False
188.0	4.0	94.0	43	1	G	0.0	3	4	2.0	1.0	1/2	True	-1	9.0	36.0	8.0	8c	2	94	False	True	PAC	PAC	}	True	80	i|PAC}	g	i		i	i					m	True	True	(0, -3, 1)	()	0	0	minor	minor	i	i, minor	i		i	i	True	i	i, minor		i, minor		i	1	1	1	0	0	0	True	True	True
188.0	4.0	94.0	67	1	G	0.0	3	4	1.0	1.0	1/2	True	-1	9.0	36.0	8.0	8c	4	94	False	True	PAC	PAC	}	True	80	i|PAC}	g	i		i	i					m	True	True	(0, -3, 1)	()	0	0	minor	minor	i	i, minor	i		i	i	True	i	i, minor		i, minor		i	1	1	1	0	0	0	True	True	True
192.0	2.0	98.0	55	1	G	0.0	3	4	2.0	1.0	1/4	True	-1	19.0	37.0	16.0	16b	3	96	True	False			{	False	81	{	g	III		i	i					m	True	False	(0, -3, 1)	()	0	0	minor	major	III	III, minor	i		III	III	False		, major		i, minor		i	1	-2	-2	0	3	3	False	False	False
192.0	2.0	98.0	74	2	D	0.0	3	4	1.0	1.0	1/4	True	-1	19.0	37.0	16.0	16b	5	96	True	False			{	False	81	{	g	III		i	i					m	True	False	(0, -3, 1)	()	0	0	minor	major	III	III, minor	i		III	III	False		, major		i, minor		i	1	-2	-2	1	4	4	False	False	False
194.0	4.0	97.0	47	5	B	0.0	3	4	2.0	1.0	1/2	True	-1	20.0	38.0	17.0	17a	2	97	False	True				False	82	VII.V65/V	g	VII		V65/V	V		65		V	Mm7	True	False	(6, 3, 0, 2)	()	2	6	minor	major	VII	VII, minor	V/V	V	V/VII	IV	False	V65/V	V65/V, major		V65/V, major	V	V	1	-1	0	4	6	5	True	False	True
194.0	3.0	97.0	74	2	D	0.0	3	4	1.0	1.0	3/8	True	-1	20.0	38.0	17.0	17a	5	97	False	True				False	82	VII.V65/V	g	VII		V65/V	V		65		V	Mm7	True	False	(6, 3, 0, 2)	()	2	6	minor	major	VII	VII, minor	V/V	V	V/VII	IV	False	V65/V	V65/V, major		V65/V, major	V	V	1	-1	0	1	3	2	True	False	False
197.0	1.0	98.5	76	4	E	0.0	3	4	1.0	1.0	1/8	True	-1	20.0	38.0	17.0	17a	5	197/2	False	False				False	82	VII.V65/V	g	VII		V65/V	V		65		V	Mm7	True	False	(6, 3, 0, 2)	()	2	6	minor	major	VII	VII, minor	V/V	V	V/VII	IV	False	V65/V	V65/V, major		V65/V, major	V	V	1	-1	0	3	5	4	False	False	False
198.0	2.0	99.0	43	1	G	0.0	3	4	2.0	1.0	1/4	True	-1	20.0	38.0	17.0	17a	2	99	False	True				False	83	V7/V	g	VII		V7/V	V		7		V	Mm7	True	False	(2, 6, 3, 0)	()	2	2	minor	major	VII	VII, minor	V/V	V	V/VII	IV	False	V7/V	V7/V, major		V7/V, major	V	V	1	-1	0	0	2	1	True	True	True
198.0	2.0	99.0	77	-1	F	0.0	3	4	1.0	1.0	1/4	True	-1	20.0	38.0	17.0	17a	5	99	False	True				False	83	V7/V	g	VII		V7/V	V		7		V	Mm7	True	False	(2, 6, 3, 0)	()	2	2	minor	major	VII	VII, minor	V/V	V	V/VII	IV	False	V7/V	V7/V, major		V7/V, major	V	V	1	-1	0	-2	0	-1	True	False	False
200.0	2.0	100.0	48	0	C	0.0	3	4	2.0	1.0	1/4	True	-1	21.0	39.0	18.0	18a	3	100	False	True				False	84	V	g	VII		V	V					M	True	False	(1, 5, 2)	()	1	1	minor	major	VII	VII, minor	V		VII	VII	False	V	V, major		V, major		V	1	-1	-1	-1	1	1	True	True	True
200.0	3.0	100.0	76	4	E	0.0	3	4	1.0	1.0	3/8	True	-1	21.0	39.0	18.0	18a	5	100	False	True				False	84	V	g	VII		V	V					M	True	False	(1, 5, 2)	()	1	1	minor	major	VII	VII, minor	V		VII	VII	False	V	V, major		V, major		V	1	-1	-1	3	5	5	True	False	False
202.0	3.0	101.0	60	0	C	0.0	3	4	2.0	1.0	3/8	True	-1	21.0	39.0	18.0	18a	4	101	False	False				False	84	V	g	VII		V	V					M	True	False	(1, 5, 2)	()	1	1	minor	major	VII	VII, minor	V		VII	VII	False	V	V, major		V, major		V	1	-1	-1	-1	1	1	True	True	True
203.0	1.0	101.5	74	2	D	0.0	3	4	1.0	1.0	1/8	True	-1	21.0	39.0	18.0	18a	5	203/2	False	False				False	84	V	g	VII		V	V					M	True	False	(1, 5, 2)	()	1	1	minor	major	VII	VII, minor	V		VII	VII	False	V	V, major		V, major		V	1	-1	-1	1	3	3	False	False	False
204.0	2.0	102.0	72	0	C	0.0	3	4	1.0	1.0	1/4	True	-1	21.0	39.0	18.0	18a	5	102	False	False				False	84	V	g	VII		V	V					M	True	False	(1, 5, 2)	()	1	1	minor	major	VII	VII, minor	V		VII	VII	False	V	V, major		V, major		V	1	-1	-1	-1	1	1	True	True	True
205.0	1.0	102.5	58	-2	B	-1.0	3	4	2.0	1.0	1/8	True	-1	21.0	39.0	18.0	18a	3	205/2	False	False				False	84	V	g	VII		V	V					M	True	False	(1, 5, 2)	()	1	1	minor	major	VII	VII, minor	V		VII	VII	False	V	V, major		V, major		V	1	-1	-1	-3	-1	-1	False	False	False
206.0	2.0	103.0	57	3	A	0.0	3	4	2.0	1.0	1/4	True	-1	22.0	40.0	19.0	19a	3	103	False	True				False	85	I6	g	VII		I6	I		6			M	True	False	(4, 1, 0)	()	0	4	minor	major	VII	VII, minor	I		VII	VII	False	I6	I6, major		I6, major		I	1	-1	-1	2	4	4	True	False	True
206.0	2.0	103.0	77	-1	F	0.0	3	4	1.0	1.0	1/4	True	-1	22.0	40.0	19.0	19a	5	103	False	True				False	85	I6	g	VII		I6	I		6			M	True	False	(4, 1, 0)	()	0	4	minor	major	VII	VII, minor	I		VII	VII	False	I6	I6, major		I6, major		I	1	-1	-1	-2	0	0	True	True	False
208.0	0.0	104.0	77	-1	F	0.0	3	4	1.0	1.0	0	True	-1	22.0	40.0	19.0	19a	5	104	False	True				False	86	V43	g	VII		V43	V		43			Mm7	True	False	(2, -1, 1, 5)	()	1	2	minor	major	VII	VII, minor	V		VII	VII	False	V43	V43, major		V43, major		V	1	-1	-1	-2	0	0	False	False	False
208.0	2.0	104.0	55	1	G	0.0	3	4	2.0	1.0	1/4	True	-1	22.0	40.0	19.0	19a	3	104	False	True				False	86	V43	g	VII		V43	V		43			Mm7	True	False	(2, -1, 1, 5)	()	1	2	minor	major	VII	VII, minor	V		VII	VII	False	V43	V43, major		V43, major		V	1	-1	-1	0	2	2	True	False	True
208.0	3.0	104.0	79	1	G	0.0	3	4	1.0	1.0	3/8	True	-1	22.0	40.0	19.0	19a	5	104	False	True				False	86	V43	g	VII		V43	V		43			Mm7	True	False	(2, -1, 1, 5)	()	1	2	minor	major	VII	VII, minor	V		VII	VII	False	V43	V43, major		V43, major		V	1	-1	-1	0	2	2	True	False	True
210.0	2.0	105.0	53	-1	F	0.0	3	4	2.0	1.0	1/4	True	-1	22.0	40.0	19.0	19a	3	105	False	True				False	87	I	g	VII		I	I					M	True	False	(0, 4, 1)	()	0	0	minor	major	VII	VII, minor	I		VII	VII	False	I	I, major		I, major		I	1	-1	-1	-2	0	0	True	True	True
211.0	1.0	105.5	81	3	A	0.0	3	4	1.0	1.0	1/8	True	-1	22.0	40.0	19.0	19a	5	211/2	False	False				False	87	I	g	VII		I	I					M	True	False	(0, 4, 1)	()	0	0	minor	major	VII	VII, minor	I		VII	VII	False	I	I, major		I, major		I	1	-1	-1	2	4	4	True	False	False
212.0	2.0	106.0	48	0	C	0.0	3	4	2.0	1.0	1/4	True	-1	23.0	41.0	20.0	20a	3	106	False	True				False	88	V	g	VII		V	V					M	True	False	(1, 5, 2)	()	1	1	minor	major	VII	VII, minor	V		VII	VII	False	V	V, major		V, major		V	1	-1	-1	-1	1	1	True	True	True
212.0	2.0	106.0	79	1	G	0.0	3	4	1.0	1.0	1/4	True	-1	23.0	41.0	20.0	20a	5	106	False	True				False	88	V	g	VII		V	V					M	True	False	(1, 5, 2)	()	1	1	minor	major	VII	VII, minor	V		VII	VII	False	V	V, major		V, major		V	1	-1	-1	0	2	2	True	False	False
214.0	2.0	107.0	41	-1	F	0.0	3	4	2.0	1.0	1/4	True	-1	23.0	41.0	20.0	20a	2	107	False	True	PAC	PAC	}	True	89	I|PAC}	g	VII		I	I					M	True	False	(0, 4, 1)	()	0	0	minor	major	VII	VII, minor	I		VII	VII	False	I	I, major		I, major		I	1	-1	-1	-2	0	0	True	True	True
214.0	2.0	107.0	77	-1	F	0.0	3	4	1.0	1.0	1/4	True	-1	23.0	41.0	20.0	20a	5	107	False	True	PAC	PAC	}	True	89	I|PAC}	g	VII		I	I					M	True	False	(0, 4, 1)	()	0	0	minor	major	VII	VII, minor	I		VII	VII	False	I	I, major		I, major		I	1	-1	-1	-2	0	0	True	True	True
216.0	2.0	108.0	53	-1	F	0.0	3	4	2.0	1.0	1/4	True	-1	23.0	41.0	20.0	20a	3	108	False	True			{	False	90	v.i6{	g	v		i6	i		6			m	True	True	(-3, 1, 0)	()	0	-3	minor	minor	v	v, minor	i		v	v	True	i6	i6, minor		i6, minor		i	1	2	2	-2	-3	-3	True	False	True
216.0	2.0	108.0	81	3	A	0.0	3	4	1.0	1.0	1/4	True	-1	23.0	41.0	20.0	20a	5	108	False	True			{	False	90	v.i6{	g	v		i6	i		6			m	True	True	(-3, 1, 0)	()	0	-3	minor	minor	v	v, minor	i		v	v	True	i6	i6, minor		i6, minor		i	1	2	2	2	1	1	True	False	False
218.0	4.0	109.0	55	1	G	0.0	3	4	2.0	1.0	1/2	True	-1	24.0	42.0	21.0	21a	3	109	False	True				False	91	iv7	g	v		iv7	iv		7			mm7	True	True	(-1, -4, 0, -3)	()	-1	-1	minor	minor	v	v, minor	iv		v	v	True	iv7	iv7, minor		iv7, minor		iv	1	2	2	0	-1	-1	True	True	True
218.0	3.0	109.0	79	1	G	0.0	3	4	1.0	1.0	3/8	True	-1	24.0	42.0	21.0	21a	5	109	False	True				False	91	iv7	g	v		iv7	iv		7			mm7	True	True	(-1, -4, 0, -3)	()	-1	-1	minor	minor	v	v, minor	iv		v	v	True	iv7	iv7, minor		iv7, minor		iv	1	2	2	0	-1	-1	True	True	True
221.0	1.0	110.5	77	-1	F	0.0	3	4	1.0	1.0	1/8	True	-1	24.0	42.0	21.0	21a	5	221/2	False	False				False	91	iv7	g	v		iv7	iv		7			mm7	True	True	(-1, -4, 0, -3)	()	-1	-1	minor	minor	v	v, minor	iv		v	v	True	iv7	iv7, minor		iv7, minor		iv	1	2	2	-2	-3	-3	True	False	False
222.0	2.0	111.0	55	1	G	0.0	3	4	2.0	1.0	1/4	True	-1	24.0	42.0	21.0	21a	3	111	False	True				False	92	ii%65	g	v		ii%65	ii	%	65			%7	True	True	(-1, -4, 0, 2)	()	2	-1	minor	minor	v	v, minor	ii		v	v	True	ii%65	ii%65, minor		ii%65, minor		ii	1	2	2	0	-1	-1	True	False	True
222.0	1.0	111.0	76	4	E	0.0	3	4	1.0	1.0	1/8	True	-1	24.0	42.0	21.0	21a	5	111	False	True				False	92	ii%65	g	v		ii%65	ii	%	65			%7	True	True	(-1, -4, 0, 2)	()	2	-1	minor	minor	v	v, minor	ii		v	v	True	ii%65	ii%65, minor		ii%65, minor		ii	1	2	2	3	2	2	True	True	False
223.0	1.0	111.5	74	2	D	0.0	3	4	1.0	1.0	1/8	True	-1	24.0	42.0	21.0	21a	5	223/2	False	False				False	92	ii%65	g	v		ii%65	ii	%	65			%7	True	True	(-1, -4, 0, 2)	()	2	-1	minor	minor	v	v, minor	ii		v	v	True	ii%65	ii%65, minor		ii%65, minor		ii	1	2	2	1	0	0	True	False	False
224.0	4.0	112.0	57	3	A	0.0	3	4	2.0	1.0	1/2	True	-1	25.0	43.0	22.0	22a	3	112	False	True				False	93	V	g	v		V	V					M	True	True	(1, 5, 2)	()	1	1	minor	minor	v	v, minor	V		v	v	True	V	V, minor		V, minor		V	1	2	2	2	1	1	True	True	True
224.0	2.0	112.0	73	7	C	1.0	3	4	1.0	1.0	1/4	True	-1	25.0	43.0	22.0	22a	5	112	False	True				False	93	V	g	v		V	V					M	True	True	(1, 5, 2)	()	1	1	minor	minor	v	v, minor	V		v	v	True	V	V, minor		V, minor		V	1	2	2	6	5	5	True	False	False
226.0	2.0	113.0	69	3	A	0.0	3	4	1.0	1.0	1/4	True	-1	25.0	43.0	22.0	22a	4	113	False	False				False	93	V	g	v		V	V					M	True	True	(1, 5, 2)	()	1	1	minor	minor	v	v, minor	V		v	v	True	V	V, minor		V, minor		V	1	2	2	2	1	1	True	True	True
228.0	2.0	114.0	45	3	A	0.0	3	4	2.0	1.0	1/4	True	-1	25.0	43.0	22.0	22a	2	114	False	False				False	93	V	g	v		V	V					M	True	True	(1, 5, 2)	()	1	1	minor	minor	v	v, minor	V		v	v	True	V	V, minor		V, minor		V	1	2	2	2	1	1	True	True	True
228.0	2.0	114.0	76	4	E	0.0	3	4	1.0	1.0	1/4	True	-1	25.0	43.0	22.0	22a	5	114	False	False				False	93	V	g	v		V	V					M	True	True	(1, 5, 2)	()	1	1	minor	minor	v	v, minor	V		v	v	True	V	V, minor		V, minor		V	1	2	2	3	2	2	True	False	False
230.0	2.0	115.0	43	1	G	0.0	3	4	2.0	1.0	1/4	True	-1	26.0	44.0	23.0	23a	2	115	False	True				False	94	iv7(9)	g	v		iv7(9)	iv		7	9		mm7	True	True	(-1, -4, 0, -3)	(1,)	-1	-1	minor	minor	v	v, minor	iv		v	v	True	iv7	iv7, minor		iv7(9), minor		iv	1	2	2	0	-1	-1	True	True	True
230.0	1.0	115.0	76	4	E	0.0	3	4	1.0	1.0	1/8	False	-1	26.0	44.0	23.0	23a	5	115	False	True				False	94	iv7(9)	g	v		iv7(9)	iv		7	9		mm7	True	True	(-1, -4, 0, -3)	(1,)	-1	-1	minor	minor	v	v, minor	iv		v	v	True	iv7	iv7, minor		iv7(9), minor		iv	1	2	2	3	2	2	False	False	False
231.0	1.0	115.5	77	-1	F	0.0	3	4	1.0	1.0	1/8	True	-1	26.0	44.0	23.0	23a	5	231/2	False	False				False	94	iv7(9)	g	v		iv7(9)	iv		7	9		mm7	True	True	(-1, -4, 0, -3)	(1,)	-1	-1	minor	minor	v	v, minor	iv		v	v	True	iv7	iv7, minor		iv7(9), minor		iv	1	2	2	-2	-3	-3	True	False	False
232.0	4.0	116.0	45	3	A	0.0	3	4	2.0	1.0	1/2	True	-1	26.0	44.0	23.0	23a	2	116	False	True				False	95	V(4)	g	v		V(4)	V			4		M	True	True	(1, 0, 2)	()	1	1	minor	minor	v	v, minor	V		v	v	True	V	V, minor		V(4), minor		V	1	2	2	2	1	1	True	True	True
232.0	3.0	116.0	76	4	E	0.0	3	4	1.0	1.0	3/8	True	-1	26.0	44.0	23.0	23a	5	116	False	True				False	95	V(4)	g	v		V(4)	V			4		M	True	True	(1, 0, 2)	()	1	1	minor	minor	v	v, minor	V		v	v	True	V	V, minor		V(4), minor		V	1	2	2	3	2	2	True	False	False
235.0	1.0	117.5	74	2	D	0.0	3	4	1.0	1.0	1/8	True	-1	26.0	44.0	23.0	23a	5	235/2	False	False				False	95	V(4)	g	v		V(4)	V			4		M	True	True	(1, 0, 2)	()	1	1	minor	minor	v	v, minor	V		v	v	True	V	V, minor		V(4), minor		V	1	2	2	1	0	0	True	False	False
236.0	4.0	118.0	50	2	D	0.0	3	4	2.0	1.0	1/2	True	-1	27.0	45.0	24.0	24a	3	118	False	True	PAC	PAC	}	True	97	I|PAC}	g	v		I	I					M	True	True	(0, 4, 1)	()	0	0	minor	minor	v	v, minor	I		v	v	True	I	I, minor		I, minor		I	1	2	2	1	0	0	True	True	True
236.0	4.0	118.0	74	2	D	0.0	3	4	1.0	1.0	1/2	True	-1	27.0	45.0	24.0	24a	5	118	False	True	PAC	PAC	}	True	97	I|PAC}	g	v		I	I					M	True	True	(0, 4, 1)	()	0	0	minor	minor	v	v, minor	I		v	v	True	I	I, minor		I, minor		I	1	2	2	1	0	0	True	True	True
240.0	2.0	120.0	55	1	G	0.0	3	4	2.0	1.0	1/4	True	-1	10.0	46.0	8.0	24a	3	120	True	True			{	False	98	i{	g	i		i	i					m	True	True	(0, -3, 1)	()	0	0	minor	minor	i	i, minor	i		i	i	True	i	i, minor		i, minor		i	1	1	1	0	0	0	True	True	True
240.0	2.0	120.0	74	2	D	0.0	3	4	1.0	1.0	1/4	True	-1	10.0	46.0	8.0	24a	5	120	True	True			{	False	98	i{	g	i		i	i					m	True	True	(0, -3, 1)	()	0	0	minor	minor	i	i, minor	i		i	i	True	i	i, minor		i, minor		i	1	1	1	1	1	1	True	False	False
242.0	4.0	121.0	48	0	C	0.0	3	4	2.0	1.0	1/2	True	-1	11.0	47.0	9.0	9b	3	121	False	True				False	99	iv7	g	i		iv7	iv		7			mm7	True	True	(-1, -4, 0, -3)	()	-1	-1	minor	minor	i	i, minor	iv		i	i	True	iv7	iv7, minor		iv7, minor		iv	1	1	1	-1	-1	-1	True	True	True
242.0	3.0	121.0	75	-3	E	-1.0	3	4	1.0	1.0	3/8	True	-1	11.0	47.0	9.0	9b	5	121	False	True				False	99	iv7	g	i		iv7	iv		7			mm7	True	True	(-1, -4, 0, -3)	()	-1	-1	minor	minor	i	i, minor	iv		i	i	True	iv7	iv7, minor		iv7, minor		iv	1	1	1	-4	-4	-4	True	False	False
245.0	1.0	122.5	74	2	D	0.0	3	4	1.0	1.0	1/8	True	-1	11.0	47.0	9.0	9b	5	245/2	False	False				False	99	iv7	g	i		iv7	iv		7			mm7	True	True	(-1, -4, 0, -3)	()	-1	-1	minor	minor	i	i, minor	iv		i	i	True	iv7	iv7, minor		iv7, minor		iv	1	1	1	1	1	1	False	False	False
246.0	2.0	123.0	48	0	C	0.0	3	4	2.0	1.0	1/4	True	-1	11.0	47.0	9.0	9b	3	123	False	False				False	99	iv7	g	i		iv7	iv		7			mm7	True	True	(-1, -4, 0, -3)	()	-1	-1	minor	minor	i	i, minor	iv		i	i	True	iv7	iv7, minor		iv7, minor		iv	1	1	1	-1	-1	-1	True	True	True
246.0	2.0	123.0	75	-3	E	-1.0	3	4	1.0	1.0	1/4	True	-1	11.0	47.0	9.0	9b	5	123	False	False				False	99	iv7	g	i		iv7	iv		7			mm7	True	True	(-1, -4, 0, -3)	()	-1	-1	minor	minor	i	i, minor	iv		i	i	True	iv7	iv7, minor		iv7, minor		iv	1	1	1	-4	-4	-4	True	False	False
248.0	4.0	124.0	53	-1	F	0.0	3	4	2.0	1.0	1/2	True	-1	12.0	48.0	10.0	10b	3	124	False	True				False	100	III.V	g	III		V	V					M	True	False	(1, 5, 2)	()	1	1	minor	major	III	III, minor	V		III	III	False	V	V, major		V, major		V	1	-2	-2	-2	1	1	True	True	True
248.0	4.0	124.0	72	0	C	0.0	3	4	1.0	1.0	1/2	True	-1	12.0	48.0	10.0	10b	5	124	False	True				False	100	III.V	g	III		V	V					M	True	False	(1, 5, 2)	()	1	1	minor	major	III	III, minor	V		III	III	False	V	V, major		V, major		V	1	-2	-2	-1	2	2	True	False	False
252.0	2.0	126.0	53	-1	F	0.0	3	4	2.0	1.0	1/4	True	-1	12.0	48.0	10.0	10b	3	126	False	False				False	100	III.V	g	III		V	V					M	True	False	(1, 5, 2)	()	1	1	minor	major	III	III, minor	V		III	III	False	V	V, major		V, major		V	1	-2	-2	-2	1	1	True	True	True
252.0	2.0	126.0	72	0	C	0.0	3	4	1.0	1.0	1/4	True	-1	12.0	48.0	10.0	10b	5	126	False	False				False	100	III.V	g	III		V	V					M	True	False	(1, 5, 2)	()	1	1	minor	major	III	III, minor	V		III	III	False	V	V, major		V, major		V	1	-2	-2	-1	2	2	True	False	False
254.0	4.0	127.0	45	3	A	0.0	3	4	2.0	1.0	1/2	True	-1	13.0	49.0	11.0	11b	2	127	False	True				False	101	V65	g	III		V65	V		65			Mm7	True	False	(5, 2, -1, 1)	()	1	5	minor	major	III	III, minor	V		III	III	False	V65	V65, major		V65, major		V	1	-2	-2	2	5	5	True	False	True
254.0	2.0	127.0	75	-3	E	-1.0	3	4	1.0	1.0	1/4	True	-1	13.0	49.0	11.0	11b	5	127	False	True				False	101	V65	g	III		V65	V		65			Mm7	True	False	(5, 2, -1, 1)	()	1	5	minor	major	III	III, minor	V		III	III	False	V65	V65, major		V65, major		V	1	-2	-2	-4	-1	-1	True	False	False
256.0	3.0	128.0	74	2	D	0.0	3	4	1.0	1.0	3/8	True	-1	13.0	49.0	11.0	11b	5	128	False	False				False	101	V65	g	III		V65	V		65			Mm7	True	False	(5, 2, -1, 1)	()	1	5	minor	major	III	III, minor	V		III	III	False	V65	V65, major		V65, major		V	1	-2	-2	1	4	4	False	False	False
258.0	2.0	129.0	41	-1	F	0.0	3	4	2.0	1.0	1/4	True	-1	13.0	49.0	11.0	11b	2	129	False	True				False	102	V7	g	III		V7	V		7			Mm7	True	False	(1, 5, 2, -1)	()	1	1	minor	major	III	III, minor	V		III	III	False	V7	V7, major		V7, major		V	1	-2	-2	-2	1	1	True	True	True
259.0	1.0	129.5	72	0	C	0.0	3	4	1.0	1.0	1/8	True	-1	13.0	49.0	11.0	11b	5	259/2	False	False				False	102	V7	g	III		V7	V		7			Mm7	True	False	(1, 5, 2, -1)	()	1	1	minor	major	III	III, minor	V		III	III	False	V7	V7, major		V7, major		V	1	-2	-2	-1	2	2	True	False	False
260.0	0.0	130.0	72	0	C	0.0	3	4	1.0	1.0	0	True	-1	14.0	50.0	12.0	12b	5	130	False	True	IAC	IAC	}	True	103	I|IAC}	g	III		I	I					M	True	False	(0, 4, 1)	()	0	0	minor	major	III	III, minor	I		III	III	False	I	I, major		I, major		I	1	-2	-2	-1	2	2	False	False	False
260.0	4.0	130.0	46	-2	B	-1.0	3	4	2.0	1.0	1/2	True	-1	14.0	50.0	12.0	12b	2	130	False	True	IAC	IAC	}	True	103	I|IAC}	g	III		I	I					M	True	False	(0, 4, 1)	()	0	0	minor	major	III	III, minor	I		III	III	False	I	I, major		I, major		I	1	-2	-2	-3	0	0	True	True	True
260.0	2.0	130.0	74	2	D	0.0	3	4	1.0	1.0	1/4	True	-1	14.0	50.0	12.0	12b	5	130	False	True	IAC	IAC	}	True	103	I|IAC}	g	III		I	I					M	True	False	(0, 4, 1)	()	0	0	minor	major	III	III, minor	I		III	III	False	I	I, major		I, major		I	1	-2	-2	1	4	4	True	False	False
262.0	0.0	131.0	72	0	C	0.0	3	4	1.0	1.0	0	True	-1	14.0	50.0	12.0	12b	5	131	False	False				False	103	I|IAC}	g	III		I	I					M	True	False	(0, 4, 1)	()	0	0	minor	major	III	III, minor	I		III	III	False	I	I, major		I, major		I	1	-2	-2	-1	2	2	False	False	False
262.0	2.0	131.0	70	-2	B	-1.0	3	4	1.0	1.0	1/4	True	-1	14.0	50.0	12.0	12b	4	131	False	False				False	103	I|IAC}	g	III		I	I					M	True	False	(0, 4, 1)	()	0	0	minor	major	III	III, minor	I		III	III	False	I	I, major		I, major		I	1	-2	-2	-3	0	0	True	True	True
264.0	2.0	132.0	58	-2	B	-1.0	3	4	2.0	1.0	1/4	True	-1	14.0	50.0	12.0	12b	3	132	False	False			{	False	104	{	g	III		I	I					M	True	False	(0, 4, 1)	()	0	0	minor	major	III	III, minor	I		III	III	False		, major		I, major		I	1	-2	-2	-3	0	0	True	True	True
264.0	2.0	132.0	77	-1	F	0.0	3	4	1.0	1.0	1/4	True	-1	14.0	50.0	12.0	12b	5	132	False	False			{	False	104	{	g	III		I	I					M	True	False	(0, 4, 1)	()	0	0	minor	major	III	III, minor	I		III	III	False		, major		I, major		I	1	-2	-2	-2	1	1	True	False	False
266.0	4.0	133.0	50	2	D	0.0	3	4	2.0	1.0	1/2	True	-1	15.0	51.0	13.0	13b	3	133	False	True				False	105	V65/IV	g	III		V65/IV	V		65		IV	Mm7	True	False	(4, 1, -2, 0)	()	0	4	minor	major	III	III, minor	V/IV	IV	IV/III	VI	False	V65/IV	V65/IV, major		V65/IV, major	IV	IV	1	-2	-3	1	4	5	True	False	True
266.0	2.0	133.0	80	-4	A	-1.0	3	4	1.0	1.0	1/4	True	-1	15.0	51.0	13.0	13b	5	133	False	True				False	105	V65/IV	g	III		V65/IV	V		65		IV	Mm7	True	False	(4, 1, -2, 0)	()	0	4	minor	major	III	III, minor	V/IV	IV	IV/III	VI	False	V65/IV	V65/IV, major		V65/IV, major	IV	IV	1	-2	-3	-5	-2	-1	True	False	False
268.0	3.0	134.0	79	1	G	0.0	3	4	1.0	1.0	3/8	True	-1	15.0	51.0	13.0	13b	5	134	False	False				False	105	V65/IV	g	III		V65/IV	V		65		IV	Mm7	True	False	(4, 1, -2, 0)	()	0	4	minor	major	III	III, minor	V/IV	IV	IV/III	VI	False	V65/IV	V65/IV, major		V65/IV, major	IV	IV	1	-2	-3	0	3	4	False	False	False
270.0	2.0	135.0	46	-2	B	-1.0	3	4	2.0	1.0	1/4	True	-1	15.0	51.0	13.0	13b	2	135	False	True				False	106	V7/IV	g	III		V7/IV	V		7		IV	Mm7	True	False	(0, 4, 1, -2)	()	0	0	minor	major	III	III, minor	V/IV	IV	IV/III	VI	False	V7/IV	V7/IV, major		V7/IV, major	IV	IV	1	-2	-3	-3	0	1	True	True	True
271.0	1.0	135.5	77	-1	F	0.0	3	4	1.0	1.0	1/8	True	-1	15.0	51.0	13.0	13b	5	271/2	False	False				False	106	V7/IV	g	III		V7/IV	V		7		IV	Mm7	True	False	(0, 4, 1, -2)	()	0	0	minor	major	III	III, minor	V/IV	IV	IV/III	VI	False	V7/IV	V7/IV, major		V7/IV, major	IV	IV	1	-2	-3	-2	1	2	True	False	False
272.0	0.0	136.0	77	-1	F	0.0	3	4	1.0	1.0	0	True	-1	16.0	52.0	14.0	14b	5	136	False	True				False	107	IV	g	III		IV	IV					M	True	False	(-1, 3, 0)	()	-1	-1	minor	major	III	III, minor	IV		III	III	False	IV	IV, major		IV, major		IV	1	-2	-2	-2	1	1	False	False	False
272.0	2.0	136.0	51	-3	E	-1.0	3	4	2.0	1.0	1/4	True	-1	16.0	52.0	14.0	14b	3	136	False	True				False	107	IV	g	III		IV	IV					M	True	False	(-1, 3, 0)	()	-1	-1	minor	major	III	III, minor	IV		III	III	False	IV	IV, major		IV, major		IV	1	-2	-2	-4	-1	-1	True	True	True
272.0	3.0	136.0	79	1	G	0.0	3	4	1.0	1.0	3/8	True	-1	16.0	52.0	14.0	14b	5	136	False	True				False	107	IV	g	III		IV	IV					M	True	False	(-1, 3, 0)	()	-1	-1	minor	major	III	III, minor	IV		III	III	False	IV	IV, major		IV, major		IV	1	-2	-2	0	3	3	True	False	False
274.0	2.0	137.0	50	2	D	0.0	3	4	2.0	1.0	1/4	True	-1	16.0	52.0	14.0	14b	3	137	False	False				False	107	IV	g	III		IV	IV					M	True	False	(-1, 3, 0)	()	-1	-1	minor	major	III	III, minor	IV		III	III	False	IV	IV, major		IV, major		IV	1	-2	-2	1	4	4	False	False	False
275.0	1.0	137.5	77	-1	F	0.0	3	4	1.0	1.0	1/8	True	-1	16.0	52.0	14.0	14b	5	275/2	False	False				False	107	IV	g	III		IV	IV					M	True	False	(-1, 3, 0)	()	-1	-1	minor	major	III	III, minor	IV		III	III	False	IV	IV, major		IV, major		IV	1	-2	-2	-2	1	1	False	False	False
276.0	2.0	138.0	48	0	C	0.0	3	4	2.0	1.0	1/4	True	-1	16.0	52.0	14.0	14b	3	138	False	True				False	108	V43	g	III		V43	V		43			Mm7	True	False	(2, -1, 1, 5)	()	1	2	minor	major	III	III, minor	V		III	III	False	V43	V43, major		V43, major		V	1	-2	-2	-1	2	2	True	False	True
276.0	1.0	138.0	79	1	G	0.0	3	4	1.0	1.0	1/8	True	-1	16.0	52.0	14.0	14b	5	138	False	True				False	108	V43	g	III		V43	V		43			Mm7	True	False	(2, -1, 1, 5)	()	1	2	minor	major	III	III, minor	V		III	III	False	V43	V43, major		V43, major		V	1	-2	-2	0	3	3	False	False	False
277.0	1.0	138.5	77	-1	F	0.0	3	4	1.0	1.0	1/8	True	-1	16.0	52.0	14.0	14b	5	277/2	False	False				False	108	V43	g	III		V43	V		43			Mm7	True	False	(2, -1, 1, 5)	()	1	2	minor	major	III	III, minor	V		III	III	False	V43	V43, major		V43, major		V	1	-2	-2	-2	1	1	True	True	False
278.0	2.0	139.0	46	-2	B	-1.0	3	4	2.0	1.0	1/4	True	-1	17.0	53.0	15.0	15b	2	139	False	True				False	109	I	g	III		I	I					M	True	False	(0, 4, 1)	()	0	0	minor	major	III	III, minor	I		III	III	False	I	I, major		I, major		I	1	-2	-2	-3	0	0	True	True	True
278.0	1.0	139.0	75	-3	E	-1.0	3	4	1.0	1.0	1/8	True	-1	17.0	53.0	15.0	15b	5	139	False	True				False	109	I	g	III		I	I					M	True	False	(0, 4, 1)	()	0	0	minor	major	III	III, minor	I		III	III	False	I	I, major		I, major		I	1	-2	-2	-4	-1	-1	False	False	False
279.0	1.0	139.5	74	2	D	0.0	3	4	1.0	1.0	1/8	True	-1	17.0	53.0	15.0	15b	5	279/2	False	False				False	109	I	g	III		I	I					M	True	False	(0, 4, 1)	()	0	0	minor	major	III	III, minor	I		III	III	False	I	I, major		I, major		I	1	-2	-2	1	4	4	True	False	False
280.0	2.0	140.0	53	-1	F	0.0	3	4	2.0	1.0	1/4	True	-1	17.0	53.0	15.0	15b	3	140	False	True				False	110	V(4)	g	III		V(4)	V			4		M	True	False	(1, 0, 2)	()	1	1	minor	major	III	III, minor	V		III	III	False	V	V, major		V(4), major		V	1	-2	-2	-2	1	1	True	True	True
280.0	3.0	140.0	72	0	C	0.0	3	4	1.0	1.0	3/8	True	-1	17.0	53.0	15.0	15b	5	140	False	True				False	110	V(4)	g	III		V(4)	V			4		M	True	False	(1, 0, 2)	()	1	1	minor	major	III	III, minor	V		III	III	False	V	V, major		V(4), major		V	1	-2	-2	-1	2	2	True	False	False
282.0	2.0	141.0	41	-1	F	0.0	3	4	2.0	1.0	1/4	True	-1	17.0	53.0	15.0	15b	2	141	False	True				False	111	V	g	III		V	V					M	True	False	(1, 5, 2)	()	1	1	minor	major	III	III, minor	V		III	III	False	V	V, major		V, major		V	1	-2	-2	-2	1	1	True	True	True
283.0	1.0	141.5	70	-2	B	-1.0	3	4	1.0	1.0	1/8	True	-1	17.0	53.0	15.0	15b	4	283/2	False	False				False	111	V	g	III		V	V					M	True	False	(1, 5, 2)	()	1	1	minor	major	III	III, minor	V		III	III	False	V	V, major		V, major		V	1	-2	-2	-3	0	0	False	False	False
284.0	4.0	142.0	46	-2	B	-1.0	3	4	2.0	1.0	1/2	True	-1	18.0	54.0	16.0	16c	2	142	False	True	PAC	PAC	}	True	112	I|PAC}	g	III		I	I					M	True	False	(0, 4, 1)	()	0	0	minor	major	III	III, minor	I		III	III	False	I	I, major		I, major		I	1	-2	-2	-3	0	0	True	True	True
284.0	4.0	142.0	70	-2	B	-1.0	3	4	1.0	1.0	1/2	True	-1	18.0	54.0	16.0	16c	4	142	False	True	PAC	PAC	}	True	112	I|PAC}	g	III		I	I					M	True	False	(0, 4, 1)	()	0	0	minor	major	III	III, minor	I		III	III	False	I	I, major		I, major		I	1	-2	-2	-3	0	0	True	True	True
288.0	2.0	144.0	55	1	G	0.0	3	4	2.0	1.0	1/4	True	-1	1.0	55.0	0.0	16c	3	144	True	True			{	False	113	g.i{	g	i		i	i					m	True	True	(0, -3, 1)	()	0	0	minor	minor	i	i, minor	i		i	i	True	i	i, minor		i, minor		i	1	1	1	0	0	0	True	True	True
288.0	2.0	144.0	74	2	D	0.0	3	4	1.0	1.0	1/4	True	-1	1.0	55.0	0.0	16c	5	144	True	True			{	False	113	g.i{	g	i		i	i					m	True	True	(0, -3, 1)	()	0	0	minor	minor	i	i, minor	i		i	i	True	i	i, minor		i, minor		i	1	1	1	1	1	1	True	False	False
290.0	2.0	145.0	58	-2	B	-1.0	3	4	2.0	1.0	1/4	True	-1	2.0	56.0	1.0	1d	3	145	False	True				False	114	i6	g	i		i6	i		6			m	True	True	(-3, 1, 0)	()	0	-3	minor	minor	i	i, minor	i		i	i	True	i6	i6, minor		i6, minor		i	1	1	1	-3	-3	-3	True	False	True
290.0	2.0	145.0	79	1	G	0.0	3	4	1.0	1.0	1/4	True	-1	2.0	56.0	1.0	1d	5	145	False	True				False	114	i6	g	i		i6	i		6			m	True	True	(-3, 1, 0)	()	0	-3	minor	minor	i	i, minor	i		i	i	True	i6	i6, minor		i6, minor		i	1	1	1	0	0	0	True	True	False
292.0	2.0	146.0	57	3	A	0.0	3	4	2.0	1.0	1/4	True	-1	2.0	56.0	1.0	1d	3	146	False	True				False	115	V43	g	i		V43	V		43			Mm7	True	True	(2, -1, 1, 5)	()	1	2	minor	minor	i	i, minor	V		i	i	True	V43	V43, minor		V43, minor		V	1	1	1	2	2	2	True	False	True
292.0	2.0	146.0	78	6	F	1.0	3	4	1.0	1.0	1/4	True	-1	2.0	56.0	1.0	1d	5	146	False	True				False	115	V43	g	i		V43	V		43			Mm7	True	True	(2, -1, 1, 5)	()	1	2	minor	minor	i	i, minor	V		i	i	True	V43	V43, minor		V43, minor		V	1	1	1	5	5	5	True	False	False
294.0	2.0	147.0	55	1	G	0.0	3	4	2.0	1.0	1/4	True	-1	2.0	56.0	1.0	1d	3	147	False	True				False	116	i	g	i		i	i					m	True	True	(0, -3, 1)	()	0	0	minor	minor	i	i, minor	i		i	i	True	i	i, minor		i, minor		i	1	1	1	0	0	0	True	True	True
294.0	2.0	147.0	79	1	G	0.0	3	4	1.0	1.0	1/4	True	-1	2.0	56.0	1.0	1d	5	147	False	True				False	116	i	g	i		i	i					m	True	True	(0, -3, 1)	()	0	0	minor	minor	i	i, minor	i		i	i	True	i	i, minor		i, minor		i	1	1	1	0	0	0	True	True	True
296.0	2.0	148.0	54	6	F	1.0	3	4	2.0	1.0	1/4	True	-1	3.0	57.0	2.0	2d	3	148	False	True				False	117	V65	g	i		V65	V		65			Mm7	True	True	(5, 2, -1, 1)	()	1	5	minor	minor	i	i, minor	V		i	i	True	V65	V65, minor		V65, minor		V	1	1	1	5	5	5	True	False	True
296.0	3.0	148.0	74	2	D	0.0	3	4	1.0	1.0	3/8	True	-1	3.0	57.0	2.0	2d	5	148	False	True				False	117	V65	g	i		V65	V		65			Mm7	True	True	(5, 2, -1, 1)	()	1	5	minor	minor	i	i, minor	V		i	i	True	V65	V65, minor		V65, minor		V	1	1	1	1	1	1	True	True	False
298.0	2.0	149.0	50	2	D	0.0	3	4	2.0	1.0	1/4	True	-1	3.0	57.0	2.0	2d	3	149	False	True				False	118	V7	g	i		V7	V		7			Mm7	True	True	(1, 5, 2, -1)	()	1	1	minor	minor	i	i, minor	V		i	i	True	V7	V7, minor		V7, minor		V	1	1	1	1	1	1	True	True	True
299.0	1.0	149.5	75	-3	E	-1.0	3	4	1.0	1.0	1/8	True	-1	3.0	57.0	2.0	2d	5	299/2	False	False				False	118	V7	g	i		V7	V		7			Mm7	True	True	(1, 5, 2, -1)	()	1	1	minor	minor	i	i, minor	V		i	i	True	V7	V7, minor		V7, minor		V	1	1	1	-4	-4	-4	False	False	False
300.0	2.0	150.0	55	1	G	0.0	3	4	2.0	1.0	1/4	True	-1	3.0	57.0	2.0	2d	3	150	False	True				False	119	i	g	i		i	i					m	True	True	(0, -3, 1)	()	0	0	minor	minor	i	i, minor	i		i	i	True	i	i, minor		i, minor		i	1	1	1	0	0	0	True	True	True
300.0	2.0	150.0	74	2	D	0.0	3	4	1.0	1.0	1/4	True	-1	3.0	57.0	2.0	2d	5	150	False	True				False	119	i	g	i		i	i					m	True	True	(0, -3, 1)	()	0	0	minor	minor	i	i, minor	i		i	i	True	i	i, minor		i, minor		i	1	1	1	1	1	1	True	False	False
302.0	2.0	151.0	48	0	C	0.0	3	4	2.0	1.0	1/4	True	-1	4.0	58.0	3.0	3d	3	151	False	True				False	120	ii%65	g	i		ii%65	ii	%	65			%7	True	True	(-1, -4, 0, 2)	()	2	-1	minor	minor	i	i, minor	ii		i	i	True	ii%65	ii%65, minor		ii%65, minor		ii	1	1	1	-1	-1	-1	True	False	True
302.0	2.0	151.0	72	0	C	0.0	3	4	1.0	1.0	1/4	True	-1	4.0	58.0	3.0	3d	5	151	False	True				False	120	ii%65	g	i		ii%65	ii	%	65			%7	True	True	(-1, -4, 0, 2)	()	2	-1	minor	minor	i	i, minor	ii		i	i	True	ii%65	ii%65, minor		ii%65, minor		ii	1	1	1	-1	-1	-1	True	False	True
304.0	2.0	152.0	50	2	D	0.0	3	4	2.0	1.0	1/4	True	-1	4.0	58.0	3.0	3d	3	152	False	True				False	121	V(64)	g	i		V(64)	V			64		M	True	True	(1, 0, -3)	()	1	1	minor	minor	i	i, minor	V		i	i	True	V	V, minor		V(64), minor		V	1	1	1	1	1	1	True	True	True
304.0	2.0	152.0	70	-2	B	-1.0	3	4	1.0	1.0	1/4	True	-1	4.0	58.0	3.0	3d	4	152	False	True				False	121	V(64)	g	i		V(64)	V			64		M	True	True	(1, 0, -3)	()	1	1	minor	minor	i	i, minor	V		i	i	True	V	V, minor		V(64), minor		V	1	1	1	-3	-3	-3	True	False	False
306.0	2.0	153.0	38	2	D	0.0	3	4	2.0	1.0	1/4	True	-1	4.0	58.0	3.0	3d	2	153	False	True				False	122	V	g	i		V	V					M	True	True	(1, 5, 2)	()	1	1	minor	minor	i	i, minor	V		i	i	True	V	V, minor		V, minor		V	1	1	1	1	1	1	True	True	True
306.0	2.0	153.0	69	3	A	0.0	3	4	1.0	1.0	1/4	True	-1	4.0	58.0	3.0	3d	4	153	False	True				False	122	V	g	i		V	V					M	True	True	(1, 5, 2)	()	1	1	minor	minor	i	i, minor	V		i	i	True	V	V, minor		V, minor		V	1	1	1	2	2	2	True	False	False
308.0	0.0	154.0	69	3	A	0.0	3	4	1.0	1.0	0	True	-1	5.0	59.0	4.0	4d	4	154	False	True	IAC	IAC	}	True	123	i|IAC}	g	i		i	i					m	True	True	(0, -3, 1)	()	0	0	minor	minor	i	i, minor	i		i	i	True	i	i, minor		i, minor		i	1	1	1	2	2	2	False	False	False
308.0	4.0	154.0	43	1	G	0.0	3	4	2.0	1.0	1/2	True	-1	5.0	59.0	4.0	4d	2	154	False	True	IAC	IAC	}	True	123	i|IAC}	g	i		i	i					m	True	True	(0, -3, 1)	()	0	0	minor	minor	i	i, minor	i		i	i	True	i	i, minor		i, minor		i	1	1	1	0	0	0	True	True	True
308.0	2.0	154.0	70	-2	B	-1.0	3	4	1.0	1.0	1/4	True	-1	5.0	59.0	4.0	4d	4	154	False	True	IAC	IAC	}	True	123	i|IAC}	g	i		i	i					m	True	True	(0, -3, 1)	()	0	0	minor	minor	i	i, minor	i		i	i	True	i	i, minor		i, minor		i	1	1	1	-3	-3	-3	True	False	False
310.0	0.0	155.0	69	3	A	0.0	3	4	1.0	1.0	0	True	-1	5.0	59.0	4.0	4d	4	155	False	False				False	123	i|IAC}	g	i		i	i					m	True	True	(0, -3, 1)	()	0	0	minor	minor	i	i, minor	i		i	i	True	i	i, minor		i, minor		i	1	1	1	2	2	2	False	False	False
310.0	2.0	155.0	67	1	G	0.0	3	4	1.0	1.0	1/4	True	-1	5.0	59.0	4.0	4d	4	155	False	False				False	123	i|IAC}	g	i		i	i					m	True	True	(0, -3, 1)	()	0	0	minor	minor	i	i, minor	i		i	i	True	i	i, minor		i, minor		i	1	1	1	0	0	0	True	True	True
312.0	1.0	156.0	55	1	G	0.0	3	4	2.0	1.0	1/8	True	-1	5.0	59.0	4.0	4d	3	156	False	False			{	False	124	{	g	i		i	i					m	True	True	(0, -3, 1)	()	0	0	minor	minor	i	i, minor	i		i	i	True		, minor		i, minor		i	1	1	1	0	0	0	True	True	True
312.0	2.0	156.0	74	2	D	0.0	3	4	1.0	1.0	1/4	True	-1	5.0	59.0	4.0	4d	5	156	False	False			{	False	124	{	g	i		i	i					m	True	True	(0, -3, 1)	()	0	0	minor	minor	i	i, minor	i		i	i	True		, minor		i, minor		i	1	1	1	1	1	1	True	False	False
313.0	1.0	156.5	57	3	A	0.0	3	4	2.0	1.0	1/8	True	-1	5.0	59.0	4.0	4d	3	313/2	False	False				False	124	{	g	i		i	i					m	True	True	(0, -3, 1)	()	0	0	minor	minor	i	i, minor	i		i	i	True		, minor		i, minor		i	1	1	1	2	2	2	False	False	False
314.0	2.0	157.0	58	-2	B	-1.0	3	4	2.0	1.0	1/4	True	-1	6.0	60.0	5.0	5d	3	157	False	True				False	125	i6	g	i		i6	i		6			m	True	True	(-3, 1, 0)	()	0	-3	minor	minor	i	i, minor	i		i	i	True	i6	i6, minor		i6, minor		i	1	1	1	-3	-3	-3	True	False	True
314.0	2.0	157.0	79	1	G	0.0	3	4	1.0	1.0	1/4	True	-1	6.0	60.0	5.0	5d	5	157	False	True				False	125	i6	g	i		i6	i		6			m	True	True	(-3, 1, 0)	()	0	-3	minor	minor	i	i, minor	i		i	i	True	i6	i6, minor		i6, minor		i	1	1	1	0	0	0	True	True	False
316.0	2.0	158.0	57	3	A	0.0	3	4	2.0	1.0	1/4	True	-1	6.0	60.0	5.0	5d	3	158	False	True				False	126	V43	g	i		V43	V		43			Mm7	True	True	(2, -1, 1, 5)	()	1	2	minor	minor	i	i, minor	V		i	i	True	V43	V43, minor		V43, minor		V	1	1	1	2	2	2	True	False	True
316.0	2.0	158.0	78	6	F	1.0	3	4	1.0	1.0	1/4	True	-1	6.0	60.0	5.0	5d	5	158	False	True				False	126	V43	g	i		V43	V		43			Mm7	True	True	(2, -1, 1, 5)	()	1	2	minor	minor	i	i, minor	V		i	i	True	V43	V43, minor		V43, minor		V	1	1	1	5	5	5	True	False	False
318.0	2.0	159.0	55	1	G	0.0	3	4	2.0	1.0	1/4	True	-1	6.0	60.0	5.0	5d	3	159	False	True				False	127	i	g	i		i	i					m	True	True	(0, -3, 1)	()	0	0	minor	minor	i	i, minor	i		i	i	True	i	i, minor		i, minor		i	1	1	1	0	0	0	True	True	True
318.0	2.0	159.0	79	1	G	0.0	3	4	1.0	1.0	1/4	True	-1	6.0	60.0	5.0	5d	5	159	False	True				False	127	i	g	i		i	i					m	True	True	(0, -3, 1)	()	0	0	minor	minor	i	i, minor	i		i	i	True	i	i, minor		i, minor		i	1	1	1	0	0	0	True	True	True
320.0	2.0	160.0	54	6	F	1.0	3	4	2.0	1.0	1/4	True	-1	7.0	61.0	6.0	6d	3	160	False	True				False	128	V65	g	i		V65	V		65			Mm7	True	True	(5, 2, -1, 1)	()	1	5	minor	minor	i	i, minor	V		i	i	True	V65	V65, minor		V65, minor		V	1	1	1	5	5	5	True	False	True
320.0	3.0	160.0	74	2	D	0.0	3	4	1.0	1.0	3/8	True	-1	7.0	61.0	6.0	6d	5	160	False	True				False	128	V65	g	i		V65	V		65			Mm7	True	True	(5, 2, -1, 1)	()	1	5	minor	minor	i	i, minor	V		i	i	True	V65	V65, minor		V65, minor		V	1	1	1	1	1	1	True	True	False
322.0	2.0	161.0	50	2	D	0.0	3	4	2.0	1.0	1/4	True	-1	7.0	61.0	6.0	6d	3	161	False	True				False	129	V7	g	i		V7	V		7			Mm7	True	True	(1, 5, 2, -1)	()	1	1	minor	minor	i	i, minor	V		i	i	True	V7	V7, minor		V7, minor		V	1	1	1	1	1	1	True	True	True
323.0	1.0	161.5	72	0	C	0.0	3	4	1.0	1.0	1/8	True	-1	7.0	61.0	6.0	6d	5	323/2	False	False				False	129	V7	g	i		V7	V		7			Mm7	True	True	(1, 5, 2, -1)	()	1	1	minor	minor	i	i, minor	V		i	i	True	V7	V7, minor		V7, minor		V	1	1	1	-1	-1	-1	True	False	False
324.0	2.0	162.0	55	1	G	0.0	3	4	2.0	1.0	1/4	True	-1	7.0	61.0	6.0	6d	3	162	False	True				False	130	i	g	i		i	i					m	True	True	(0, -3, 1)	()	0	0	minor	minor	i	i, minor	i		i	i	True	i	i, minor		i, minor		i	1	1	1	0	0	0	True	True	True
324.0	2.0	162.0	70	-2	B	-1.0	3	4	1.0	1.0	1/4	True	-1	7.0	61.0	6.0	6d	4	162	False	True				False	130	i	g	i		i	i					m	True	True	(0, -3, 1)	()	0	0	minor	minor	i	i, minor	i		i	i	True	i	i, minor		i, minor		i	1	1	1	-3	-3	-3	True	False	False
326.0	2.0	163.0	48	0	C	0.0	3	4	2.0	1.0	1/4	True	-1	8.0	62.0	7.0	7d	3	163	False	True				False	131	ii%65	g	i		ii%65	ii	%	65			%7	True	True	(-1, -4, 0, 2)	()	2	-1	minor	minor	i	i, minor	ii		i	i	True	ii%65	ii%65, minor		ii%65, minor		ii	1	1	1	-1	-1	-1	True	False	True
326.0	1.0	163.0	70	-2	B	-1.0	3	4	1.0	1.0	1/8	False	-1	8.0	62.0	7.0	7d	4	163	False	True				False	131	ii%65	g	i		ii%65	ii	%	65			%7	True	True	(-1, -4, 0, 2)	()	2	-1	minor	minor	i	i, minor	ii		i	i	True	ii%65	ii%65, minor		ii%65, minor		ii	1	1	1	-3	-3	-3	False	False	False
327.0	1.0	163.5	69	3	A	0.0	3	4	1.0	1.0	1/8	True	-1	8.0	62.0	7.0	7d	4	327/2	False	False				False	131	ii%65	g	i		ii%65	ii	%	65			%7	True	True	(-1, -4, 0, 2)	()	2	-1	minor	minor	i	i, minor	ii		i	i	True	ii%65	ii%65, minor		ii%65, minor		ii	1	1	1	2	2	2	True	True	False
328.0	2.0	164.0	50	2	D	0.0	3	4	2.0	1.0	1/4	True	-1	8.0	62.0	7.0	7d	3	164	False	True				False	132	V(4)	g	i		V(4)	V			4		M	True	True	(1, 0, 2)	()	1	1	minor	minor	i	i, minor	V		i	i	True	V	V, minor		V(4), minor		V	1	1	1	1	1	1	True	True	True
328.0	3.0	164.0	69	3	A	0.0	3	4	1.0	1.0	3/8	True	-1	8.0	62.0	7.0	7d	4	164	False	True				False	132	V(4)	g	i		V(4)	V			4		M	True	True	(1, 0, 2)	()	1	1	minor	minor	i	i, minor	V		i	i	True	V	V, minor		V(4), minor		V	1	1	1	2	2	2	True	False	False
330.0	2.0	165.0	38	2	D	0.0	3	4	2.0	1.0	1/4	True	-1	8.0	62.0	7.0	7d	2	165	False	True				False	133	V	g	i		V	V					M	True	True	(1, 5, 2)	()	1	1	minor	minor	i	i, minor	V		i	i	True	V	V, minor		V, minor		V	1	1	1	1	1	1	True	True	True
331.0	1.0	165.5	67	1	G	0.0	3	4	1.0	1.0	1/8	True	-1	8.0	62.0	7.0	7d	4	331/2	False	False				False	133	V	g	i		V	V					M	True	True	(1, 5, 2)	()	1	1	minor	minor	i	i, minor	V		i	i	True	V	V, minor		V, minor		V	1	1	1	0	0	0	False	False	False
332.0	4.0	166.0	43	1	G	0.0	3	4	2.0	1.0	1/2	True	-1	9.0	63.0	8.0	8e	2	166	False	True	PAC	PAC	}	True	134	i|PAC}	g	i		i	i					m	True	True	(0, -3, 1)	()	0	0	minor	minor	i	i, minor	i		i	i	True	i	i, minor		i, minor		i	1	1	1	0	0	0	True	True	True
332.0	4.0	166.0	67	1	G	0.0	3	4	1.0	1.0	1/2	True	-1	9.0	63.0	8.0	8e	4	166	False	True	PAC	PAC	}	True	134	i|PAC}	g	i		i	i					m	True	True	(0, -3, 1)	()	0	0	minor	minor	i	i, minor	i		i	i	True	i	i, minor		i, minor		i	1	1	1	0	0	0	True	True	True
																			117		True				False	96	V	g	v		V	V					M	True	True	(1, 5, 2)	()	1	1	minor	minor	v	v, minor	V		v	v	True	V	V, minor		V, minor		V	1	2	2						
