onset_div	duration_div	pitch	tpc	step	alter	ts_beats	ts_beat_type	staff	voice	is_note_onset	beat	ks_fifths	mc	mn	mc_playthrough	mn_playthrough	quarterbeats_playthrough	duration	section_start	octave	is_harmony_onset	cadence	cadence_type	phraseend	is_phrase_ending	unfolded_harmony_index	label	alt_label	globalkey	localkey	pedal	chord	special	numeral	form	figbass	changes	relativeroot	chord_type	globalkey_is_minor	localkey_is_minor	chord_tones	added_tones	root	bass_note	globalkey_mode	localkey_mode	localkey_resolved	localkey_and_mode	root_roman	relativeroot_resolved	effective_localkey	effective_localkey_resolved	effective_localkey_is_minor	chord_reduced	chord_reduced_and_mode	pedal_resolved	chord_and_mode	applied_to_numeral	numeral_or_applied_to_numeral	globalkey_tpc	localkey_tpc	tonicized_tpc	sic_with_global	sic_with_local	sic_with_tonicized	tpc_is_in_label	tpc_is_root	tpc_is_bass
0	24	26	2	D	0	3	4	2	1	True	1.0	-1	1	1	1	1a	0	1/4	True	1	True			{	False	0	d.i{		d	i		i		i					m	True	True	(0, -3, 1)	()	0	0	minor	minor	i	i, minor	i		i	i	True	i	i, minor		i, minor		i	2	2	2	0	0	0	True	True	True
0	24	38	2	D	0	3	4	2	1	True	1.0	-1	1	1	1	1a	0	1/4	True	2	True			{	False	0	d.i{		d	i		i		i					m	True	True	(0, -3, 1)	()	0	0	minor	minor	i	i, minor	i		i	i	True	i	i, minor		i, minor		i	2	2	2	0	0	0	True	True	True
12	12	53	-1	F	0	3	4	1	2	True	1.5	-1	1	1	1	1a	1/2	1/8	False	3	False				False	0	d.i{		d	i		i		i					m	True	True	(0, -3, 1)	()	0	0	minor	minor	i	i, minor	i		i	i	True	i	i, minor		i, minor		i	2	2	2	-3	-3	-3	True	False	False
12	12	57	3	A	0	3	4	1	2	True	1.5	-1	1	1	1	1a	1/2	1/8	False	3	False				False	0	d.i{		d	i		i		i					m	True	True	(0, -3, 1)	()	0	0	minor	minor	i	i, minor	i		i	i	True	i	i, minor		i, minor		i	2	2	2	1	1	1	True	False	False
12	4	62	2	D	0	3	4	1	1	True	1.5	-1	1	1	1	1a	1/2	1/24	False	4	False				False	0	d.i{		d	i		i		i					m	True	True	(0, -3, 1)	()	0	0	minor	minor	i	i, minor	i		i	i	True	i	i, minor		i, minor		i	2	2	2	0	0	0	True	True	True
16	4	61	7	C	1	3	4	1	1	True	1.667	-1	1	1	1	1a	2/3	1/24	False	4	False				False	0	d.i{		d	i		i		i					m	True	True	(0, -3, 1)	()	0	0	minor	minor	i	i, minor	i		i	i	True	i	i, minor		i, minor		i	2	2	2	5	5	5	False	False	False
20	4	60	0	C	0	3	4	1	1	True	1.833	-1	1	1	1	1a	5/6	1/24	False	4	False				False	0	d.i{		d	i		i		i					m	True	True	(0, -3, 1)	()	0	0	minor	minor	i	i, minor	i		i	i	True	i	i, minor		i, minor		i	2	2	2	-2	-2	-2	False	False	False
24	24	31	1	G	0	3	4	2	1	True	2.0	-1	1	1	1	1a	1	1/4	False	1	True				False	1	iv7(9)		d	i		iv7(9)		iv		7	9		mm7	True	True	(-1, -4, 0, -3)	(1,)	-1	-1	minor	minor	i	i, minor	iv		i	i	True	iv7	iv7, minor		iv7(9), minor		iv	2	2	2	-1	-1	-1	True	True	True
24	24	43	1	G	0	3	4	2	1	True	2.0	-1	1	1	1	1a	1	1/4	False	2	True				False	1	iv7(9)		d	i		iv7(9)		iv		7	9		mm7	True	True	(-1, -4, 0, -3)	(1,)	-1	-1	minor	minor	i	i, minor	iv		i	i	True	iv7	iv7, minor		iv7(9), minor		iv	2	2	2	-1	-1	-1	True	True	True
24	12	53	-1	F	0	3	4	1	2	False	2.0	-1	1	1	1	1a	1	1/8	False	3	True				False	1	iv7(9)		d	i		iv7(9)		iv		7	9		mm7	True	True	(-1, -4, 0, -3)	(1,)	-1	-1	minor	minor	i	i, minor	iv		i	i	True	iv7	iv7, minor		iv7(9), minor		iv	2	2	2	-3	-3	-3	True	False	False
24	12	57	3	A	0	3	4	1	2	False	2.0	-1	1	1	1	1a	1	1/8	False	3	True				False	1	iv7(9)		d	i		iv7(9)		iv		7	9		mm7	True	True	(-1, -4, 0, -3)	(1,)	-1	-1	minor	minor	i	i, minor	iv		i	i	True	iv7	iv7, minor		iv7(9), minor		iv	2	2	2	1	1	1	False	False	False
24	12	58	-2	B	-1	3	4	1	1	True	2.0	-1	1	1	1	1a	1	1/8	False	3	True				False	1	iv7(9)		d	i		iv7(9)		iv		7	9		mm7	True	True	(-1, -4, 0, -3)	(1,)	-1	-1	minor	minor	i	i, minor	iv		i	i	True	iv7	iv7, minor		iv7(9), minor		iv	2	2	2	-4	-4	-4	True	False	False
36	24	52	4	E	0	3	4	1	2	True	2.5	-1	1	1	1	1a	3/2	1/4	False	3	False				False	1	iv7(9)		d	i		iv7(9)		iv		7	9		mm7	True	True	(-1, -4, 0, -3)	(1,)	-1	-1	minor	minor	i	i, minor	iv		i	i	True	iv7	iv7, minor		iv7(9), minor		iv	2	2	2	2	2	2	False	False	False
36	24	56	8	G	1	3	4	1	2	True	2.5	-1	1	1	1	1a	3/2	1/4	False	3	False				False	1	iv7(9)		d	i		iv7(9)		iv		7	9		mm7	True	True	(-1, -4, 0, -3)	(1,)	-1	-1	minor	minor	i	i, minor	iv		i	i	True	iv7	iv7, minor		iv7(9), minor		iv	2	2	2	6	6	6	False	False	False
36	24	60	0	C	0	3	4	1	1	True	2.5	-1	1	1	1	1a	3/2	1/4	False	4	False				False	1	iv7(9)		d	i		iv7(9)		iv		7	9		mm7	True	True	(-1, -4, 0, -3)	(1,)	-1	-1	minor	minor	i	i, minor	iv		i	i	True	iv7	iv7, minor		iv7(9), minor		iv	2	2	2	-2	-2	-2	False	False	False
48	24	32	8	G	1	3	4	2	1	True	3.0	-1	1	1	1	1a	2	1/4	False	1	True				False	2	V+6/V		d	i		V+6/V		V	+	6		V	+	True	True	(6, 10, 2)	()	2	6	minor	minor	i	i, minor	V/V	V	V/i	V	False	V+6/V	V+6/V, minor		V+6/V, minor	V	V	2	2	3	6	6	5	True	False	True
48	24	44	8	G	1	3	4	2	1	True	3.0	-1	1	1	1	1a	2	1/4	False	2	True				False	2	V+6/V		d	i		V+6/V		V	+	6		V	+	True	True	(6, 10, 2)	()	2	6	minor	minor	i	i, minor	V/V	V	V/i	V	False	V+6/V	V+6/V, minor		V+6/V, minor	V	V	2	2	3	6	6	5	True	False	True
60	12	53	-1	F	0	3	4	1	2	True	3.5	-1	1	1	1	1a	5/2	1/8	False	3	False				False	2	V+6/V		d	i		V+6/V		V	+	6		V	+	True	True	(6, 10, 2)	()	2	6	minor	minor	i	i, minor	V/V	V	V/i	V	False	V+6/V	V+6/V, minor		V+6/V, minor	V	V	2	2	3	-3	-3	-4	False	False	False
60	12	57	3	A	0	3	4	1	2	True	3.5	-1	1	1	1	1a	5/2	1/8	False	3	False				False	2	V+6/V		d	i		V+6/V		V	+	6		V	+	True	True	(6, 10, 2)	()	2	6	minor	minor	i	i, minor	V/V	V	V/i	V	False	V+6/V	V+6/V, minor		V+6/V, minor	V	V	2	2	3	1	1	0	False	False	False
60	12	61	7	C	1	3	4	1	1	True	3.5	-1	1	1	1	1a	5/2	1/8	False	4	False				False	2	V+6/V		d	i		V+6/V		V	+	6		V	+	True	True	(6, 10, 2)	()	2	6	minor	minor	i	i, minor	V/V	V	V/i	V	False	V+6/V	V+6/V, minor		V+6/V, minor	V	V	2	2	3	5	5	4	False	False	False
72	24	33	3	A	0	3	4	2	1	True	1.0	-1	2	2	2	2a	3	1/4	False	1	True				False	3	V+		d	i		V+		V	+				+	True	True	(1, 5, 9)	()	1	1	minor	minor	i	i, minor	V		i	i	True	V+	V+, minor		V+, minor		V	2	2	2	1	1	1	True	True	True
72	24	45	3	A	0	3	4	2	1	True	1.0	-1	2	2	2	2a	3	1/4	False	2	True				False	3	V+		d	i		V+		V	+				+	True	True	(1, 5, 9)	()	1	1	minor	minor	i	i, minor	V		i	i	True	V+	V+, minor		V+, minor		V	2	2	2	1	1	1	True	True	True
72	12	53	-1	F	0	3	4	1	2	False	1.0	-1	2	2	2	2a	3	1/8	False	3	True				False	3	V+		d	i		V+		V	+				+	True	True	(1, 5, 9)	()	1	1	minor	minor	i	i, minor	V		i	i	True	V+	V+, minor		V+, minor		V	2	2	2	-3	-3	-3	False	False	False
72	12	57	3	A	0	3	4	1	2	False	1.0	-1	2	2	2	2a	3	1/8	False	3	True				False	3	V+		d	i		V+		V	+				+	True	True	(1, 5, 9)	()	1	1	minor	minor	i	i, minor	V		i	i	True	V+	V+, minor		V+, minor		V	2	2	2	1	1	1	True	True	True
72	12	61	7	C	1	3	4	1	1	False	1.0	-1	2	2	2	2a	3	1/8	False	4	True				False	3	V+		d	i		V+		V	+				+	True	True	(1, 5, 9)	()	1	1	minor	minor	i	i, minor	V		i	i	True	V+	V+, minor		V+, minor		V	2	2	2	5	5	5	True	False	False
84	24	54	6	F	1	3	4	1	2	True	1.5	-1	2	2	2	2a	7/2	1/4	False	3	False				False	3	V+		d	i		V+		V	+				+	True	True	(1, 5, 9)	()	1	1	minor	minor	i	i, minor	V		i	i	True	V+	V+, minor		V+, minor		V	2	2	2	4	4	4	False	False	False
84	24	58	-2	B	-1	3	4	1	2	True	1.5	-1	2	2	2	2a	7/2	1/4	False	3	False				False	3	V+		d	i		V+		V	+				+	True	True	(1, 5, 9)	()	1	1	minor	minor	i	i, minor	V		i	i	True	V+	V+, minor		V+, minor		V	2	2	2	-4	-4	-4	False	False	False
84	6	62	2	D	0	3	4	1	1	True	1.5	-1	2	2	2	2a	7/2	1/16	False	4	False				False	3	V+		d	i		V+		V	+				+	True	True	(1, 5, 9)	()	1	1	minor	minor	i	i, minor	V		i	i	True	V+	V+, minor		V+, minor		V	2	2	2	0	0	0	False	False	False
90	6	64	4	E	0	3	4	1	1	True	1.75	-1	2	2	2	2a	15/4	1/16	False	4	False				False	3	V+		d	i		V+		V	+				+	True	True	(1, 5, 9)	()	1	1	minor	minor	i	i, minor	V		i	i	True	V+	V+, minor		V+, minor		V	2	2	2	2	2	2	False	False	False
96	24	38	2	D	0	3	4	2	1	True	2.0	-1	2	2	2	2a	4	1/4	False	2	True				False	4	#vi6		d	i		#vi6		#vi		6			m	True	True	(0, 4, 3)	()	3	0	minor	minor	i	i, minor	#vi		i	i	True	#vi6	#vi6, minor		#vi6, minor		#vi	2	2	2	0	0	0	True	False	True
96	24	50	2	D	0	3	4	2	1	True	2.0	-1	2	2	2	2a	4	1/4	False	3	True				False	4	#vi6		d	i		#vi6		#vi		6			m	True	True	(0, 4, 3)	()	3	0	minor	minor	i	i, minor	#vi		i	i	True	#vi6	#vi6, minor		#vi6, minor		#vi	2	2	2	0	0	0	True	False	True
96	12	62	2	D	0	3	4	1	1	True	2.0	-1	2	2	2	2a	4	1/8	False	4	True				False	4	#vi6		d	i		#vi6		#vi		6			m	True	True	(0, 4, 3)	()	3	0	minor	minor	i	i, minor	#vi		i	i	True	#vi6	#vi6, minor		#vi6, minor		#vi	2	2	2	0	0	0	True	False	True
108	24	55	1	G	0	3	4	1	2	True	2.5	-1	2	2	2	2a	9/2	1/4	False	3	False				False	4	#vi6		d	i		#vi6		#vi		6			m	True	True	(0, 4, 3)	()	3	0	minor	minor	i	i, minor	#vi		i	i	True	#vi6	#vi6, minor		#vi6, minor		#vi	2	2	2	-1	-1	-1	False	False	False
108	24	58	-2	B	-1	3	4	1	2	True	2.5	-1	2	2	2	2a	9/2	1/4	False	3	False				False	4	#vi6		d	i		#vi6		#vi		6			m	True	True	(0, 4, 3)	()	3	0	minor	minor	i	i, minor	#vi		i	i	True	#vi6	#vi6, minor		#vi6, minor		#vi	2	2	2	-4	-4	-4	False	False	False
108	18	62	2	D	0	3	4	1	1	True	2.5	-1	2	2	2	2a	9/2	3/16	False	4	False				False	4	#vi6		d	i		#vi6		#vi		6			m	True	True	(0, 4, 3)	()	3	0	minor	minor	i	i, minor	#vi		i	i	True	#vi6	#vi6, minor		#vi6, minor		#vi	2	2	2	0	0	0	True	False	True
120	24	41	-1	F	0	3	4	2	1	True	3.0	-1	2	2	2	2a	5	1/4	False	2	True				False	5	iv2		d	i		iv2		iv		2			mm7	True	True	(-3, -1, -4, 0)	()	-1	-3	minor	minor	i	i, minor	iv		i	i	True	iv2	iv2, minor		iv2, minor		iv	2	2	2	-3	-3	-3	True	False	True
120	24	53	-1	F	0	3	4	2	1	True	3.0	-1	2	2	2	2a	5	1/4	False	3	True				False	5	iv2		d	i		iv2		iv		2			mm7	True	True	(-3, -1, -4, 0)	()	-1	-3	minor	minor	i	i, minor	iv		i	i	True	iv2	iv2, minor		iv2, minor		iv	2	2	2	-3	-3	-3	True	False	True
126	6	64	4	E	0	3	4	1	1	True	3.25	-1	2	2	2	2a	21/4	1/16	False	4	False				False	5	iv2		d	i		iv2		iv		2			mm7	True	True	(-3, -1, -4, 0)	()	-1	-3	minor	minor	i	i, minor	iv		i	i	True	iv2	iv2, minor		iv2, minor		iv	2	2	2	2	2	2	False	False	False
132	12	56	8	G	1	3	4	1	2	True	3.5	-1	2	2	2	2a	11/2	1/8	False	3	False				False	5	iv2		d	i		iv2		iv		2			mm7	True	True	(-3, -1, -4, 0)	()	-1	-3	minor	minor	i	i, minor	iv		i	i	True	iv2	iv2, minor		iv2, minor		iv	2	2	2	6	6	6	False	False	False
132	12	59	5	B	0	3	4	1	2	True	3.5	-1	2	2	2	2a	11/2	1/8	False	3	False				False	5	iv2		d	i		iv2		iv		2			mm7	True	True	(-3, -1, -4, 0)	()	-1	-3	minor	minor	i	i, minor	iv		i	i	True	iv2	iv2, minor		iv2, minor		iv	2	2	2	3	3	3	False	False	False
132	12	61	7	C	1	3	4	1	1	True	3.5	-1	2	2	2	2a	11/2	1/8	False	4	False				False	5	iv2		d	i		iv2		iv		2			mm7	True	True	(-3, -1, -4, 0)	()	-1	-3	minor	minor	i	i, minor	iv		i	i	True	iv2	iv2, minor		iv2, minor		iv	2	2	2	5	5	5	False	False	False
144	24	26	2	D	0	3	4	2	1	True	1.0	-1	3	3	3	3a	6	1/4	False	1	True				False	6	i		d	i		i		i					m	True	True	(0, -3, 1)	()	0	0	minor	minor	i	i, minor	i		i	i	True	i	i, minor		i, minor		i	2	2	2	0	0	0	True	True	True
144	24	38	2	D	0	3	4	2	1	True	1.0	-1	3	3	3	3a	6	1/4	False	2	True				False	6	i		d	i		i		i					m	True	True	(0, -3, 1)	()	0	0	minor	minor	i	i, minor	i		i	i	True	i	i, minor		i, minor		i	2	2	2	0	0	0	True	True	True
156	12	53	-1	F	0	3	4	1	2	True	1.5	-1	3	3	3	3a	13/2	1/8	False	3	False				False	6	i		d	i		i		i					m	True	True	(0, -3, 1)	()	0	0	minor	minor	i	i, minor	i		i	i	True	i	i, minor		i, minor		i	2	2	2	-3	-3	-3	True	False	False
156	12	57	3	A	0	3	4	1	2	True	1.5	-1	3	3	3	3a	13/2	1/8	False	3	False				False	6	i		d	i		i		i					m	True	True	(0, -3, 1)	()	0	0	minor	minor	i	i, minor	i		i	i	True	i	i, minor		i, minor		i	2	2	2	1	1	1	True	False	False
156	4	62	2	D	0	3	4	1	1	True	1.5	-1	3	3	3	3a	13/2	1/24	False	4	False				False	6	i		d	i		i		i					m	True	True	(0, -3, 1)	()	0	0	minor	minor	i	i, minor	i		i	i	True	i	i, minor		i, minor		i	2	2	2	0	0	0	True	True	True
160	4	61	7	C	1	3	4	1	1	True	1.667	-1	3	3	3	3a	20/3	1/24	False	4	False				False	6	i		d	i		i		i					m	True	True	(0, -3, 1)	()	0	0	minor	minor	i	i, minor	i		i	i	True	i	i, minor		i, minor		i	2	2	2	5	5	5	False	False	False
164	4	60	0	C	0	3	4	1	1	True	1.833	-1	3	3	3	3a	41/6	1/24	False	4	False				False	6	i		d	i		i		i					m	True	True	(0, -3, 1)	()	0	0	minor	minor	i	i, minor	i		i	i	True	i	i, minor		i, minor		i	2	2	2	-2	-2	-2	False	False	False
168	24	31	1	G	0	3	4	2	1	True	2.0	-1	3	3	3	3a	7	1/4	False	1	True				False	7	iv7(9)		d	i		iv7(9)		iv		7	9		mm7	True	True	(-1, -4, 0, -3)	(1,)	-1	-1	minor	minor	i	i, minor	iv		i	i	True	iv7	iv7, minor		iv7(9), minor		iv	2	2	2	-1	-1	-1	True	True	True
168	24	43	1	G	0	3	4	2	1	True	2.0	-1	3	3	3	3a	7	1/4	False	2	True				False	7	iv7(9)		d	i		iv7(9)		iv		7	9		mm7	True	True	(-1, -4, 0, -3)	(1,)	-1	-1	minor	minor	i	i, minor	iv		i	i	True	iv7	iv7, minor		iv7(9), minor		iv	2	2	2	-1	-1	-1	True	True	True
168	12	53	-1	F	0	3	4	1	2	False	2.0	-1	3	3	3	3a	7	1/8	False	3	True				False	7	iv7(9)		d	i		iv7(9)		iv		7	9		mm7	True	True	(-1, -4, 0, -3)	(1,)	-1	-1	minor	minor	i	i, minor	iv		i	i	True	iv7	iv7, minor		iv7(9), minor		iv	2	2	2	-3	-3	-3	True	False	False
168	12	57	3	A	0	3	4	1	2	False	2.0	-1	3	3	3	3a	7	1/8	False	3	True				False	7	iv7(9)		d	i		iv7(9)		iv		7	9		mm7	True	True	(-1, -4, 0, -3)	(1,)	-1	-1	minor	minor	i	i, minor	iv		i	i	True	iv7	iv7, minor		iv7(9), minor		iv	2	2	2	1	1	1	False	False	False
168	12	58	-2	B	-1	3	4	1	1	True	2.0	-1	3	3	3	3a	7	1/8	False	3	True				False	7	iv7(9)		d	i		iv7(9)		iv		7	9		mm7	True	True	(-1, -4, 0, -3)	(1,)	-1	-1	minor	minor	i	i, minor	iv		i	i	True	iv7	iv7, minor		iv7(9), minor		iv	2	2	2	-4	-4	-4	True	False	False
180	24	52	4	E	0	3	4	1	2	True	2.5	-1	3	3	3	3a	15/2	1/4	False	3	False				False	7	iv7(9)		d	i		iv7(9)		iv		7	9		mm7	True	True	(-1, -4, 0, -3)	(1,)	-1	-1	minor	minor	i	i, minor	iv		i	i	True	iv7	iv7, minor		iv7(9), minor		iv	2	2	2	2	2	2	False	False	False
180	24	56	8	G	1	3	4	1	2	True	2.5	-1	3	3	3	3a	15/2	1/4	False	3	False				False	7	iv7(9)		d	i		iv7(9)		iv		7	9		mm7	True	True	(-1, -4, 0, -3)	(1,)	-1	-1	minor	minor	i	i, minor	iv		i	i	True	iv7	iv7, minor		iv7(9), minor		iv	2	2	2	6	6	6	False	False	False
180	24	60	0	C	0	3	4	1	1	True	2.5	-1	3	3	3	3a	15/2	1/4	False	4	False				False	7	iv7(9)		d	i		iv7(9)		iv		7	9		mm7	True	True	(-1, -4, 0, -3)	(1,)	-1	-1	minor	minor	i	i, minor	iv		i	i	True	iv7	iv7, minor		iv7(9), minor		iv	2	2	2	-2	-2	-2	False	False	False
192	24	32	8	G	1	3	4	2	1	True	3.0	-1	3	3	3	3a	8	1/4	False	1	True				False	8	V+6/V		d	i		V+6/V		V	+	6		V	+	True	True	(6, 10, 2)	()	2	6	minor	minor	i	i, minor	V/V	V	V/i	V	False	V+6/V	V+6/V, minor		V+6/V, minor	V	V	2	2	3	6	6	5	True	False	True
192	24	44	8	G	1	3	4	2	1	True	3.0	-1	3	3	3	3a	8	1/4	False	2	True				False	8	V+6/V		d	i		V+6/V		V	+	6		V	+	True	True	(6, 10, 2)	()	2	6	minor	minor	i	i, minor	V/V	V	V/i	V	False	V+6/V	V+6/V, minor		V+6/V, minor	V	V	2	2	3	6	6	5	True	False	True
204	12	53	-1	F	0	3	4	1	2	True	3.5	-1	3	3	3	3a	17/2	1/8	False	3	False				False	8	V+6/V		d	i		V+6/V		V	+	6		V	+	True	True	(6, 10, 2)	()	2	6	minor	minor	i	i, minor	V/V	V	V/i	V	False	V+6/V	V+6/V, minor		V+6/V, minor	V	V	2	2	3	-3	-3	-4	False	False	False
204	12	57	3	A	0	3	4	1	2	True	3.5	-1	3	3	3	3a	17/2	1/8	False	3	False				False	8	V+6/V		d	i		V+6/V		V	+	6		V	+	True	True	(6, 10, 2)	()	2	6	minor	minor	i	i, minor	V/V	V	V/i	V	False	V+6/V	V+6/V, minor		V+6/V, minor	V	V	2	2	3	1	1	0	False	False	False
204	12	61	7	C	1	3	4	1	1	True	3.5	-1	3	3	3	3a	17/2	1/8	False	4	False				False	8	V+6/V		d	i		V+6/V		V	+	6		V	+	True	True	(6, 10, 2)	()	2	6	minor	minor	i	i, minor	V/V	V	V/i	V	False	V+6/V	V+6/V, minor		V+6/V, minor	V	V	2	2	3	5	5	4	False	False	False
216	24	33	3	A	0	3	4	2	1	True	1.0	-1	4	4	4	4a	9	1/4	False	1	True				False	9	V+		d	i		V+		V	+				+	True	True	(1, 5, 9)	()	1	1	minor	minor	i	i, minor	V		i	i	True	V+	V+, minor		V+, minor		V	2	2	2	1	1	1	True	True	True
216	24	45	3	A	0	3	4	2	1	True	1.0	-1	4	4	4	4a	9	1/4	False	2	True				False	9	V+		d	i		V+		V	+				+	True	True	(1, 5, 9)	()	1	1	minor	minor	i	i, minor	V		i	i	True	V+	V+, minor		V+, minor		V	2	2	2	1	1	1	True	True	True
216	12	53	-1	F	0	3	4	1	2	False	1.0	-1	4	4	4	4a	9	1/8	False	3	True				False	9	V+		d	i		V+		V	+				+	True	True	(1, 5, 9)	()	1	1	minor	minor	i	i, minor	V		i	i	True	V+	V+, minor		V+, minor		V	2	2	2	-3	-3	-3	False	False	False
216	12	57	3	A	0	3	4	1	2	False	1.0	-1	4	4	4	4a	9	1/8	False	3	True				False	9	V+		d	i		V+		V	+				+	True	True	(1, 5, 9)	()	1	1	minor	minor	i	i, minor	V		i	i	True	V+	V+, minor		V+, minor		V	2	2	2	1	1	1	True	True	True
216	12	61	7	C	1	3	4	1	1	False	1.0	-1	4	4	4	4a	9	1/8	False	4	True				False	9	V+		d	i		V+		V	+				+	True	True	(1, 5, 9)	()	1	1	minor	minor	i	i, minor	V		i	i	True	V+	V+, minor		V+, minor		V	2	2	2	5	5	5	True	False	False
228	24	54	6	F	1	3	4	1	2	True	1.5	-1	4	4	4	4a	19/2	1/4	False	3	False				False	9	V+		d	i		V+		V	+				+	True	True	(1, 5, 9)	()	1	1	minor	minor	i	i, minor	V		i	i	True	V+	V+, minor		V+, minor		V	2	2	2	4	4	4	False	False	False
228	24	58	-2	B	-1	3	4	1	2	True	1.5	-1	4	4	4	4a	19/2	1/4	False	3	False				False	9	V+		d	i		V+		V	+				+	True	True	(1, 5, 9)	()	1	1	minor	minor	i	i, minor	V		i	i	True	V+	V+, minor		V+, minor		V	2	2	2	-4	-4	-4	False	False	False
228	6	62	2	D	0	3	4	1	1	True	1.5	-1	4	4	4	4a	19/2	1/16	False	4	False				False	9	V+		d	i		V+		V	+				+	True	True	(1, 5, 9)	()	1	1	minor	minor	i	i, minor	V		i	i	True	V+	V+, minor		V+, minor		V	2	2	2	0	0	0	False	False	False
234	6	64	4	E	0	3	4	1	1	True	1.75	-1	4	4	4	4a	39/4	1/16	False	4	False				False	9	V+		d	i		V+		V	+				+	True	True	(1, 5, 9)	()	1	1	minor	minor	i	i, minor	V		i	i	True	V+	V+, minor		V+, minor		V	2	2	2	2	2	2	False	False	False
240	24	31	1	G	0	3	4	2	1	True	2.0	-1	4	4	4	4a	10	1/4	False	1	True				False	10	IVM7		d	i		IVM7		IV	M	7			MM7	True	True	(-1, 3, 0, 4)	()	-1	-1	minor	minor	i	i, minor	IV		i	i	True	IVM7	IVM7, minor		IVM7, minor		IV	2	2	2	-1	-1	-1	True	True	True
240	24	43	1	G	0	3	4	2	1	True	2.0	-1	4	4	4	4a	10	1/4	False	2	True				False	10	IVM7		d	i		IVM7		IV	M	7			MM7	True	True	(-1, 3, 0, 4)	()	-1	-1	minor	minor	i	i, minor	IV		i	i	True	IVM7	IVM7, minor		IVM7, minor		IV	2	2	2	-1	-1	-1	True	True	True
240	12	62	2	D	0	3	4	1	1	True	2.0	-1	4	4	4	4a	10	1/8	False	4	True				False	10	IVM7		d	i		IVM7		IV	M	7			MM7	True	True	(-1, 3, 0, 4)	()	-1	-1	minor	minor	i	i, minor	IV		i	i	True	IVM7	IVM7, minor		IVM7, minor		IV	2	2	2	0	0	0	True	False	False
252	24	55	1	G	0	3	4	1	2	True	2.5	-1	4	4	4	4a	21/2	1/4	False	3	False				False	10	IVM7		d	i		IVM7		IV	M	7			MM7	True	True	(-1, 3, 0, 4)	()	-1	-1	minor	minor	i	i, minor	IV		i	i	True	IVM7	IVM7, minor		IVM7, minor		IV	2	2	2	-1	-1	-1	True	True	True
252	24	59	5	B	0	3	4	1	2	True	2.5	-1	4	4	4	4a	21/2	1/4	False	3	False				False	10	IVM7		d	i		IVM7		IV	M	7			MM7	True	True	(-1, 3, 0, 4)	()	-1	-1	minor	minor	i	i, minor	IV		i	i	True	IVM7	IVM7, minor		IVM7, minor		IV	2	2	2	3	3	3	True	False	False
252	18	64	4	E	0	3	4	1	1	True	2.5	-1	4	4	4	4a	21/2	3/16	False	4	False				False	10	IVM7		d	i		IVM7		IV	M	7			MM7	True	True	(-1, 3, 0, 4)	()	-1	-1	minor	minor	i	i, minor	IV		i	i	True	IVM7	IVM7, minor		IVM7, minor		IV	2	2	2	2	2	2	False	False	False
264	24	36	0	C	0	3	4	2	1	True	3.0	-1	4	4	4	4a	11	1/4	False	2	True				False	11	VM7/III		d	i		VM7/III		V	M	7		III	MM7	True	True	(-2, 2, -1, 3)	()	-2	-2	minor	minor	i	i, minor	V/III	III	III/i	III	False	VM7/III	VM7/III, minor		VM7/III, minor	III	III	2	2	-1	-2	-2	1	True	True	True
264	24	48	0	C	0	3	4	2	1	True	3.0	-1	4	4	4	4a	11	1/4	False	3	True				False	11	VM7/III		d	i		VM7/III		V	M	7		III	MM7	True	True	(-2, 2, -1, 3)	()	-2	-2	minor	minor	i	i, minor	V/III	III	III/i	III	False	VM7/III	VM7/III, minor		VM7/III, minor	III	III	2	2	-1	-2	-2	1	True	True	True
270	6	65	-1	F	0	3	4	1	1	True	3.25	-1	4	4	4	4a	45/4	1/16	False	4	False				False	11	VM7/III		d	i		VM7/III		V	M	7		III	MM7	True	True	(-2, 2, -1, 3)	()	-2	-2	minor	minor	i	i, minor	V/III	III	III/i	III	False	VM7/III	VM7/III, minor		VM7/III, minor	III	III	2	2	-1	-3	-3	0	False	False	False
276	12	56	8	G	1	3	4	1	2	True	3.5	-1	4	4	4	4a	23/2	1/8	False	3	False				False	11	VM7/III		d	i		VM7/III		V	M	7		III	MM7	True	True	(-2, 2, -1, 3)	()	-2	-2	minor	minor	i	i, minor	V/III	III	III/i	III	False	VM7/III	VM7/III, minor		VM7/III, minor	III	III	2	2	-1	6	6	9	False	False	False
276	12	60	0	C	0	3	4	1	2	True	3.5	-1	4	4	4	4a	23/2	1/8	False	4	False				False	11	VM7/III		d	i		VM7/III		V	M	7		III	MM7	True	True	(-2, 2, -1, 3)	()	-2	-2	minor	minor	i	i, minor	V/III	III	III/i	III	False	VM7/III	VM7/III, minor		VM7/III, minor	III	III	2	2	-1	-2	-2	1	True	True	True
276	12	64	4	E	0	3	4	1	1	True	3.5	-1	4	4	4	4a	23/2	1/8	False	4	False				False	11	VM7/III		d	i		VM7/III		V	M	7		III	MM7	True	True	(-2, 2, -1, 3)	()	-2	-2	minor	minor	i	i, minor	V/III	III	III/i	III	False	VM7/III	VM7/III, minor		VM7/III, minor	III	III	2	2	-1	2	2	5	True	False	False
288	24	29	-1	F	0	3	4	2	1	True	1.0	-1	5	5	5	5a	12	1/4	False	1	True				False	12	I/III		d	i		I/III		I				III	M	True	True	(-3, 1, -2)	()	-3	-3	minor	minor	i	i, minor	I/III	III	III/i	III	False	I/III	I/III, minor		I/III, minor	III	III	2	2	-1	-3	-3	0	True	True	True
288	24	41	-1	F	0	3	4	2	1	True	1.0	-1	5	5	5	5a	12	1/4	False	2	True				False	12	I/III		d	i		I/III		I				III	M	True	True	(-3, 1, -2)	()	-3	-3	minor	minor	i	i, minor	I/III	III	III/i	III	False	I/III	I/III, minor		I/III, minor	III	III	2	2	-1	-3	-3	0	True	True	True
300	12	57	3	A	0	3	4	1	2	True	1.5	-1	5	5	5	5a	25/2	1/8	False	3	False				False	12	I/III		d	i		I/III		I				III	M	True	True	(-3, 1, -2)	()	-3	-3	minor	minor	i	i, minor	I/III	III	III/i	III	False	I/III	I/III, minor		I/III, minor	III	III	2	2	-1	1	1	4	True	False	False
300	12	60	0	C	0	3	4	1	2	True	1.5	-1	5	5	5	5a	25/2	1/8	False	4	False				False	12	I/III		d	i		I/III		I				III	M	True	True	(-3, 1, -2)	()	-3	-3	minor	minor	i	i, minor	I/III	III	III/i	III	False	I/III	I/III, minor		I/III, minor	III	III	2	2	-1	-2	-2	1	True	False	False
300	4	65	-1	F	0	3	4	1	1	True	1.5	-1	5	5	5	5a	25/2	1/24	False	4	False				False	12	I/III		d	i		I/III		I				III	M	True	True	(-3, 1, -2)	()	-3	-3	minor	minor	i	i, minor	I/III	III	III/i	III	False	I/III	I/III, minor		I/III, minor	III	III	2	2	-1	-3	-3	0	True	True	True
304	4	64	4	E	0	3	4	1	1	True	1.667	-1	5	5	5	5a	38/3	1/24	False	4	False				False	12	I/III		d	i		I/III		I				III	M	True	True	(-3, 1, -2)	()	-3	-3	minor	minor	i	i, minor	I/III	III	III/i	III	False	I/III	I/III, minor		I/III, minor	III	III	2	2	-1	2	2	5	False	False	False
308	4	63	-3	E	-1	3	4	1	1	True	1.833	-1	5	5	5	5a	77/6	1/24	False	4	False				False	12	I/III		d	i		I/III		I				III	M	True	True	(-3, 1, -2)	()	-3	-3	minor	minor	i	i, minor	I/III	III	III/i	III	False	I/III	I/III, minor		I/III, minor	III	III	2	2	-1	-5	-5	-2	False	False	False
312	24	36	0	C	0	3	4	2	1	True	2.0	-1	5	5	5	5a	13	1/4	False	2	True				False	13	bIII6/III		d	i		bIII6/III		bIII		6		III	M	True	True	(-2, -5, -6)	()	-6	-2	minor	minor	i	i, minor	bIII/III	III	III/i	III	False	bIII6/III	bIII6/III, minor		bIII6/III, minor	III	III	2	2	-1	-2	-2	1	True	False	True
312	24	48	0	C	0	3	4	2	1	True	2.0	-1	5	5	5	5a	13	1/4	False	3	True				False	13	bIII6/III		d	i		bIII6/III		bIII		6		III	M	True	True	(-2, -5, -6)	()	-6	-2	minor	minor	i	i, minor	bIII/III	III	III/i	III	False	bIII6/III	bIII6/III, minor		bIII6/III, minor	III	III	2	2	-1	-2	-2	1	True	False	True
312	12	57	3	A	0	3	4	1	2	False	2.0	-1	5	5	5	5a	13	1/8	False	3	True				False	13	bIII6/III		d	i		bIII6/III		bIII		6		III	M	True	True	(-2, -5, -6)	()	-6	-2	minor	minor	i	i, minor	bIII/III	III	III/i	III	False	bIII6/III	bIII6/III, minor		bIII6/III, minor	III	III	2	2	-1	1	1	4	False	False	False
312	12	60	0	C	0	3	4	1	2	False	2.0	-1	5	5	5	5a	13	1/8	False	4	True				False	13	bIII6/III		d	i		bIII6/III		bIII		6		III	M	True	True	(-2, -5, -6)	()	-6	-2	minor	minor	i	i, minor	bIII/III	III	III/i	III	False	bIII6/III	bIII6/III, minor		bIII6/III, minor	III	III	2	2	-1	-2	-2	1	True	False	True
312	12	62	2	D	0	3	4	1	1	True	2.0	-1	5	5	5	5a	13	1/8	False	4	True				False	13	bIII6/III		d	i		bIII6/III		bIII		6		III	M	True	True	(-2, -5, -6)	()	-6	-2	minor	minor	i	i, minor	bIII/III	III	III/i	III	False	bIII6/III	bIII6/III, minor		bIII6/III, minor	III	III	2	2	-1	0	0	3	False	False	False
324	24	56	-4	A	-1	3	4	1	2	True	2.5	-1	5	5	5	5a	27/2	1/4	False	3	False				False	13	bIII6/III		d	i		bIII6/III		bIII		6		III	M	True	True	(-2, -5, -6)	()	-6	-2	minor	minor	i	i, minor	bIII/III	III	III/i	III	False	bIII6/III	bIII6/III, minor		bIII6/III, minor	III	III	2	2	-1	-6	-6	-3	True	True	False
324	24	60	0	C	0	3	4	1	2	True	2.5	-1	5	5	5	5a	27/2	1/4	False	4	False				False	13	bIII6/III		d	i		bIII6/III		bIII		6		III	M	True	True	(-2, -5, -6)	()	-6	-2	minor	minor	i	i, minor	bIII/III	III	III/i	III	False	bIII6/III	bIII6/III, minor		bIII6/III, minor	III	III	2	2	-1	-2	-2	1	True	False	True
324	24	63	-3	E	-1	3	4	1	1	True	2.5	-1	5	5	5	5a	27/2	1/4	False	4	False				False	13	bIII6/III		d	i		bIII6/III		bIII		6		III	M	True	True	(-2, -5, -6)	()	-6	-2	minor	minor	i	i, minor	bIII/III	III	III/i	III	False	bIII6/III	bIII6/III, minor		bIII6/III, minor	III	III	2	2	-1	-5	-5	-2	True	False	False
336	12	28	4	E	0	3	4	2	1	True	3.0	-1	5	5	5	5a	14	1/8	False	1	True				False	14	ii		d	i		ii		ii					m	True	True	(2, -1, 3)	()	2	2	minor	minor	i	i, minor	ii		i	i	True	ii	ii, minor		ii, minor		ii	2	2	2	2	2	2	True	True	True
336	12	40	4	E	0	3	4	2	1	True	3.0	-1	5	5	5	5a	14	1/8	False	2	True				False	14	ii		d	i		ii		ii					m	True	True	(2, -1, 3)	()	2	2	minor	minor	i	i, minor	ii		i	i	True	ii	ii, minor		ii, minor		ii	2	2	2	2	2	2	True	True	True
348	12	55	1	G	0	3	4	1	2	True	3.5	-1	5	5	5	5a	29/2	1/8	False	3	False				False	14	ii		d	i		ii		ii					m	True	True	(2, -1, 3)	()	2	2	minor	minor	i	i, minor	ii		i	i	True	ii	ii, minor		ii, minor		ii	2	2	2	-1	-1	-1	True	False	False
348	12	59	5	B	0	3	4	1	2	True	3.5	-1	5	5	5	5a	29/2	1/8	False	3	False				False	14	ii		d	i		ii		ii					m	True	True	(2, -1, 3)	()	2	2	minor	minor	i	i, minor	ii		i	i	True	ii	ii, minor		ii, minor		ii	2	2	2	3	3	3	True	False	False
348	12	64	4	E	0	3	4	1	1	True	3.5	-1	5	5	5	5a	29/2	1/8	False	4	False				False	14	ii		d	i		ii		ii					m	True	True	(2, -1, 3)	()	2	2	minor	minor	i	i, minor	ii		i	i	True	ii	ii, minor		ii, minor		ii	2	2	2	2	2	2	True	True	True
357	3	33	3	A	0	3	4	2	1	True	3.875	-1	5	5	5	5a	119/8	1/32	False	1	False				False	14	ii		d	i		ii		ii					m	True	True	(2, -1, 3)	()	2	2	minor	minor	i	i, minor	ii		i	i	True	ii	ii, minor		ii, minor		ii	2	2	2	1	1	1	False	False	False
357	3	45	3	A	0	3	4	2	1	True	3.875	-1	5	5	5	5a	119/8	1/32	False	2	False				False	14	ii		d	i		ii		ii					m	True	True	(2, -1, 3)	()	2	2	minor	minor	i	i, minor	ii		i	i	True	ii	ii, minor		ii, minor		ii	2	2	2	1	1	1	False	False	False
360	24	34	-2	B	-1	3	4	2	1	True	1.0	-1	6	6	6	6a	15	1/4	False	1	True				False	15	iv64/VI		d	i		iv64/VI		iv		64		VI	m	True	True	(-4, -5, -8)	()	-5	-4	minor	minor	i	i, minor	iv/VI	VI	VI/i	VI	False	iv64/VI	iv64/VI, minor		iv64/VI, minor	VI	VI	2	2	-2	-4	-4	0	True	False	True
360	24	46	-2	B	-1	3	4	2	1	True	1.0	-1	6	6	6	6a	15	1/4	False	2	True				False	15	iv64/VI		d	i		iv64/VI		iv		64		VI	m	True	True	(-4, -5, -8)	()	-5	-4	minor	minor	i	i, minor	iv/VI	VI	VI/i	VI	False	iv64/VI	iv64/VI, minor		iv64/VI, minor	VI	VI	2	2	-2	-4	-4	0	True	False	True
372	12	54	-6	G	-1	3	4	1	2	True	1.5	-1	6	6	6	6a	31/2	1/8	False	3	False				False	15	iv64/VI		d	i		iv64/VI		iv		64		VI	m	True	True	(-4, -5, -8)	()	-5	-4	minor	minor	i	i, minor	iv/VI	VI	VI/i	VI	False	iv64/VI	iv64/VI, minor		iv64/VI, minor	VI	VI	2	2	-2	-8	-8	-4	True	False	False
372	12	58	-2	B	-1	3	4	1	2	True	1.5	-1	6	6	6	6a	31/2	1/8	False	3	False				False	15	iv64/VI		d	i		iv64/VI		iv		64		VI	m	True	True	(-4, -5, -8)	()	-5	-4	minor	minor	i	i, minor	iv/VI	VI	VI/i	VI	False	iv64/VI	iv64/VI, minor		iv64/VI, minor	VI	VI	2	2	-2	-4	-4	0	True	False	True
372	4	63	-3	E	-1	3	4	1	1	True	1.5	-1	6	6	6	6a	31/2	1/24	False	4	False				False	15	iv64/VI		d	i		iv64/VI		iv		64		VI	m	True	True	(-4, -5, -8)	()	-5	-4	minor	minor	i	i, minor	iv/VI	VI	VI/i	VI	False	iv64/VI	iv64/VI, minor		iv64/VI, minor	VI	VI	2	2	-2	-5	-5	-1	True	True	False
376	4	62	2	D	0	3	4	1	1	True	1.667	-1	6	6	6	6a	47/3	1/24	False	4	False				False	15	iv64/VI		d	i		iv64/VI		iv		64		VI	m	True	True	(-4, -5, -8)	()	-5	-4	minor	minor	i	i, minor	iv/VI	VI	VI/i	VI	False	iv64/VI	iv64/VI, minor		iv64/VI, minor	VI	VI	2	2	-2	0	0	4	False	False	False
380	4	61	7	C	1	3	4	1	1	True	1.833	-1	6	6	6	6a	95/6	1/24	False	4	False				False	15	iv64/VI		d	i		iv64/VI		iv		64		VI	m	True	True	(-4, -5, -8)	()	-5	-4	minor	minor	i	i, minor	iv/VI	VI	VI/i	VI	False	iv64/VI	iv64/VI, minor		iv64/VI, minor	VI	VI	2	2	-2	5	5	9	False	False	False
384	12	27	-3	E	-1	3	4	2	1	True	2.0	-1	6	6	6	6a	16	1/8	False	1	True				False	16	ii%65/VI		d	i		ii%65/VI		ii	%	65		VI	%7	True	True	(-5, -8, -4, -2)	()	-2	-5	minor	minor	i	i, minor	ii/VI	VI	VI/i	VI	False	ii%65/VI	ii%65/VI, minor		ii%65/VI, minor	VI	VI	2	2	-2	-5	-5	-1	True	False	True
384	12	39	-3	E	-1	3	4	2	1	True	2.0	-1	6	6	6	6a	16	1/8	False	2	True				False	16	ii%65/VI		d	i		ii%65/VI		ii	%	65		VI	%7	True	True	(-5, -8, -4, -2)	()	-2	-5	minor	minor	i	i, minor	ii/VI	VI	VI/i	VI	False	ii%65/VI	ii%65/VI, minor		ii%65/VI, minor	VI	VI	2	2	-2	-5	-5	-1	True	False	True
384	12	54	-6	G	-1	3	4	1	2	False	2.0	-1	6	6	6	6a	16	1/8	False	3	True				False	16	ii%65/VI		d	i		ii%65/VI		ii	%	65		VI	%7	True	True	(-5, -8, -4, -2)	()	-2	-5	minor	minor	i	i, minor	ii/VI	VI	VI/i	VI	False	ii%65/VI	ii%65/VI, minor		ii%65/VI, minor	VI	VI	2	2	-2	-8	-8	-4	True	False	False
384	12	58	-2	B	-1	3	4	1	2	False	2.0	-1	6	6	6	6a	16	1/8	False	3	True				False	16	ii%65/VI		d	i		ii%65/VI		ii	%	65		VI	%7	True	True	(-5, -8, -4, -2)	()	-2	-5	minor	minor	i	i, minor	ii/VI	VI	VI/i	VI	False	ii%65/VI	ii%65/VI, minor		ii%65/VI, minor	VI	VI	2	2	-2	-4	-4	0	True	False	False
384	12	60	0	C	0	3	4	1	1	True	2.0	-1	6	6	6	6a	16	1/8	False	4	True				False	16	ii%65/VI		d	i		ii%65/VI		ii	%	65		VI	%7	True	True	(-5, -8, -4, -2)	()	-2	-5	minor	minor	i	i, minor	ii/VI	VI	VI/i	VI	False	ii%65/VI	ii%65/VI, minor		ii%65/VI, minor	VI	VI	2	2	-2	-2	-2	2	True	True	False
396	24	53	-1	F	0	3	4	1	2	True	2.5	-1	6	6	6	6a	33/2	1/4	False	3	False				False	16	ii%65/VI		d	i		ii%65/VI		ii	%	65		VI	%7	True	True	(-5, -8, -4, -2)	()	-2	-5	minor	minor	i	i, minor	ii/VI	VI	VI/i	VI	False	ii%65/VI	ii%65/VI, minor		ii%65/VI, minor	VI	VI	2	2	-2	-3	-3	1	False	False	False
396	24	57	3	A	0	3	4	1	2	True	2.5	-1	6	6	6	6a	33/2	1/4	False	3	False				False	16	ii%65/VI		d	i		ii%65/VI		ii	%	65		VI	%7	True	True	(-5, -8, -4, -2)	()	-2	-5	minor	minor	i	i, minor	ii/VI	VI	VI/i	VI	False	ii%65/VI	ii%65/VI, minor		ii%65/VI, minor	VI	VI	2	2	-2	1	1	5	False	False	False
396	24	61	7	C	1	3	4	1	1	True	2.5	-1	6	6	6	6a	33/2	1/4	False	4	False				False	16	ii%65/VI		d	i		ii%65/VI		ii	%	65		VI	%7	True	True	(-5, -8, -4, -2)	()	-2	-5	minor	minor	i	i, minor	ii/VI	VI	VI/i	VI	False	ii%65/VI	ii%65/VI, minor		ii%65/VI, minor	VI	VI	2	2	-2	5	5	9	False	False	False
405	3	32	8	G	1	3	4	2	1	True	2.875	-1	6	6	6	6a	135/8	1/32	False	1	False				False	16	ii%65/VI		d	i		ii%65/VI		ii	%	65		VI	%7	True	True	(-5, -8, -4, -2)	()	-2	-5	minor	minor	i	i, minor	ii/VI	VI	VI/i	VI	False	ii%65/VI	ii%65/VI, minor		ii%65/VI, minor	VI	VI	2	2	-2	6	6	10	False	False	False
405	3	44	8	G	1	3	4	2	1	True	2.875	-1	6	6	6	6a	135/8	1/32	False	2	False				False	16	ii%65/VI		d	i		ii%65/VI		ii	%	65		VI	%7	True	True	(-5, -8, -4, -2)	()	-2	-5	minor	minor	i	i, minor	ii/VI	VI	VI/i	VI	False	ii%65/VI	ii%65/VI, minor		ii%65/VI, minor	VI	VI	2	2	-2	6	6	10	False	False	False
408	24	33	3	A	0	3	4	2	1	True	3.0	-1	6	6	6	6a	17	1/4	False	1	True				False	17	V+/VI	V+	d	i		V+/VI		V	+			VI	+	True	True	(-3, 1, 5)	()	-3	-3	minor	minor	i	i, minor	V/VI	VI	VI/i	VI	False	V+/VI	V+/VI, minor		V+/VI, minor	VI	VI	2	2	-2	1	1	5	True	False	False
408	24	45	3	A	0	3	4	2	1	True	3.0	-1	6	6	6	6a	17	1/4	False	2	True				False	17	V+/VI	V+	d	i		V+/VI		V	+			VI	+	True	True	(-3, 1, 5)	()	-3	-3	minor	minor	i	i, minor	V/VI	VI	VI/i	VI	False	V+/VI	V+/VI, minor		V+/VI, minor	VI	VI	2	2	-2	1	1	5	True	False	False
420	12	52	4	E	0	3	4	1	2	True	3.5	-1	6	6	6	6a	35/2	1/8	False	3	False				False	17	V+/VI	V+	d	i		V+/VI		V	+			VI	+	True	True	(-3, 1, 5)	()	-3	-3	minor	minor	i	i, minor	V/VI	VI	VI/i	VI	False	V+/VI	V+/VI, minor		V+/VI, minor	VI	VI	2	2	-2	2	2	6	False	False	False
420	12	58	-2	B	-1	3	4	1	2	True	3.5	-1	6	6	6	6a	35/2	1/8	False	3	False				False	17	V+/VI	V+	d	i		V+/VI		V	+			VI	+	True	True	(-3, 1, 5)	()	-3	-3	minor	minor	i	i, minor	V/VI	VI	VI/i	VI	False	V+/VI	V+/VI, minor		V+/VI, minor	VI	VI	2	2	-2	-4	-4	0	False	False	False
420	12	62	2	D	0	3	4	1	1	True	3.5	-1	6	6	6	6a	35/2	1/8	False	4	False				False	17	V+/VI	V+	d	i		V+/VI		V	+			VI	+	True	True	(-3, 1, 5)	()	-3	-3	minor	minor	i	i, minor	V/VI	VI	VI/i	VI	False	V+/VI	V+/VI, minor		V+/VI, minor	VI	VI	2	2	-2	0	0	4	False	False	False
432	24	32	8	G	1	3	4	2	2	True	1.0	-1	7	7	7	7a	18	1/4	False	1	True				False	18	Fr65		d	i		Fr65	Fr	V		65	b5	V	Fr	True	True	(6, -4, 0, 2)	()	2	6	minor	minor	i	i, minor	V/V	V	V/i	V	False	V65/V	V65/V, minor		Fr65, minor	V	V	2	2	3	6	6	5	True	False	True
432	24	44	8	G	1	3	4	2	2	True	1.0	-1	7	7	7	7a	18	1/4	False	2	True				False	18	Fr65		d	i		Fr65	Fr	V		65	b5	V	Fr	True	True	(6, -4, 0, 2)	()	2	6	minor	minor	i	i, minor	V/V	V	V/i	V	False	V65/V	V65/V, minor		Fr65, minor	V	V	2	2	3	6	6	5	True	False	True
432	72	52	4	E	0	3	4	1	2	False	1.0	-1	7	7	7	7a	18	3/4	False	3	True				False	18	Fr65		d	i		Fr65	Fr	V		65	b5	V	Fr	True	True	(6, -4, 0, 2)	()	2	6	minor	minor	i	i, minor	V/V	V	V/i	V	False	V65/V	V65/V, minor		Fr65, minor	V	V	2	2	3	2	2	1	True	True	False
432	72	58	-2	B	-1	3	4	1	2	False	1.0	-1	7	7	7	7a	18	3/4	False	3	True				False	18	Fr65		d	i		Fr65	Fr	V		65	b5	V	Fr	True	True	(6, -4, 0, 2)	()	2	6	minor	minor	i	i, minor	V/V	V	V/i	V	False	V65/V	V65/V, minor		Fr65, minor	V	V	2	2	3	-4	-4	-5	True	False	False
432	24	62	2	D	0	3	4	1	1	False	1.0	-1	7	7	7	7a	18	1/4	False	4	True				False	18	Fr65		d	i		Fr65	Fr	V		65	b5	V	Fr	True	True	(6, -4, 0, 2)	()	2	6	minor	minor	i	i, minor	V/V	V	V/i	V	False	V65/V	V65/V, minor		Fr65, minor	V	V	2	2	3	0	0	-1	True	False	False
456	24	31	1	G	0	3	4	2	2	True	2.0	-1	7	7	7	7a	19	1/4	False	1	True				False	19	ii65		d	i		ii65		ii		65			mm7	True	True	(-1, 3, 0, 2)	()	2	-1	minor	minor	i	i, minor	ii		i	i	True	ii65	ii65, minor		ii65, minor		ii	2	2	2	-1	-1	-1	True	False	True
456	24	43	1	G	0	3	4	2	2	True	2.0	-1	7	7	7	7a	19	1/4	False	2	True				False	19	ii65		d	i		ii65		ii		65			mm7	True	True	(-1, 3, 0, 2)	()	2	-1	minor	minor	i	i, minor	ii		i	i	True	ii65	ii65, minor		ii65, minor		ii	2	2	2	-1	-1	-1	True	False	True
456	21	62	2	D	0	3	4	1	1	True	2.0	-1	7	7	7	7a	19	7/32	False	4	True				False	19	ii65		d	i		ii65		ii		65			mm7	True	True	(-1, 3, 0, 2)	()	2	-1	minor	minor	i	i, minor	ii		i	i	True	ii65	ii65, minor		ii65, minor		ii	2	2	2	0	0	0	True	False	False
477	3	64	4	E	0	3	4	1	1	True	2.875	-1	7	7	7	7a	159/8	1/32	False	4	False				False	19	ii65		d	i		ii65		ii		65			mm7	True	True	(-1, 3, 0, 2)	()	2	-1	minor	minor	i	i, minor	ii		i	i	True	ii65	ii65, minor		ii65, minor		ii	2	2	2	2	2	2	True	True	False
480	24	30	6	F	1	3	4	2	2	True	3.0	-1	7	7	7	7a	20	1/4	False	1	True	HC	HC	}	True	20	V7/#vi|HC}		d	i		V7/#vi		V		7		#vi	Mm7	True	True	(4, 8, 5, 2)	()	4	4	minor	minor	i	i, minor	V/#vi	#vi	#vi/i	#vi	True	V7/#vi	V7/#vi, minor		V7/#vi, minor	#vi	#vi	2	2	5	4	4	1	True	True	True
480	24	42	6	F	1	3	4	2	2	True	3.0	-1	7	7	7	7a	20	1/4	False	2	True	HC	HC	}	True	20	V7/#vi|HC}		d	i		V7/#vi		V		7		#vi	Mm7	True	True	(4, 8, 5, 2)	()	4	4	minor	minor	i	i, minor	V/#vi	#vi	#vi/i	#vi	True	V7/#vi	V7/#vi, minor		V7/#vi, minor	#vi	#vi	2	2	5	4	4	1	True	True	True
480	24	61	7	C	1	3	4	1	1	True	3.0	-1	7	7	7	7a	20	1/4	False	4	True	HC	HC	}	True	20	V7/#vi|HC}		d	i		V7/#vi		V		7		#vi	Mm7	True	True	(4, 8, 5, 2)	()	4	4	minor	minor	i	i, minor	V/#vi	#vi	#vi/i	#vi	True	V7/#vi	V7/#vi, minor		V7/#vi, minor	#vi	#vi	2	2	5	5	5	2	True	False	False
504	24	26	2	D	0	3	4	2	1	True	1.0	-1	8	8	8	8a	21	1/4	False	1	True			{	False	21	i{		d	i		i		i					m	True	True	(0, -3, 1)	()	0	0	minor	minor	i	i, minor	i		i	i	True	i	i, minor		i, minor		i	2	2	2	0	0	0	True	True	True
504	24	38	2	D	0	3	4	2	1	True	1.0	-1	8	8	8	8a	21	1/4	False	2	True			{	False	21	i{		d	i		i		i					m	True	True	(0, -3, 1)	()	0	0	minor	minor	i	i, minor	i		i	i	True	i	i, minor		i, minor		i	2	2	2	0	0	0	True	True	True
516	12	53	-1	F	0	3	4	1	2	True	1.5	-1	8	8	8	8a	43/2	1/8	False	3	False				False	21	i{		d	i		i		i					m	True	True	(0, -3, 1)	()	0	0	minor	minor	i	i, minor	i		i	i	True	i	i, minor		i, minor		i	2	2	2	-3	-3	-3	True	False	False
516	12	57	3	A	0	3	4	1	2	True	1.5	-1	8	8	8	8a	43/2	1/8	False	3	False				False	21	i{		d	i		i		i					m	True	True	(0, -3, 1)	()	0	0	minor	minor	i	i, minor	i		i	i	True	i	i, minor		i, minor		i	2	2	2	1	1	1	True	False	False
516	4	62	2	D	0	3	4	1	1	True	1.5	-1	8	8	8	8a	43/2	1/24	False	4	False				False	21	i{		d	i		i		i					m	True	True	(0, -3, 1)	()	0	0	minor	minor	i	i, minor	i		i	i	True	i	i, minor		i, minor		i	2	2	2	0	0	0	True	True	True
520	4	61	7	C	1	3	4	1	1	True	1.667	-1	8	8	8	8a	65/3	1/24	False	4	False				False	21	i{		d	i		i		i					m	True	True	(0, -3, 1)	()	0	0	minor	minor	i	i, minor	i		i	i	True	i	i, minor		i, minor		i	2	2	2	5	5	5	False	False	False
524	4	60	0	C	0	3	4	1	1	True	1.833	-1	8	8	8	8a	131/6	1/24	False	4	False				False	21	i{		d	i		i		i					m	True	True	(0, -3, 1)	()	0	0	minor	minor	i	i, minor	i		i	i	True	i	i, minor		i, minor		i	2	2	2	-2	-2	-2	False	False	False
528	24	31	1	G	0	3	4	2	1	True	2.0	-1	8	8	8	8a	22	1/4	False	1	True				False	22	IV7(9)		d	i		IV7(9)		IV		7	9		Mm7	True	True	(-1, 3, 0, -3)	(1,)	-1	-1	minor	minor	i	i, minor	IV		i	i	True	IV7	IV7, minor		IV7(9), minor		IV	2	2	2	-1	-1	-1	True	True	True
528	24	43	1	G	0	3	4	2	1	True	2.0	-1	8	8	8	8a	22	1/4	False	2	True				False	22	IV7(9)		d	i		IV7(9)		IV		7	9		Mm7	True	True	(-1, 3, 0, -3)	(1,)	-1	-1	minor	minor	i	i, minor	IV		i	i	True	IV7	IV7, minor		IV7(9), minor		IV	2	2	2	-1	-1	-1	True	True	True
528	12	53	-1	F	0	3	4	1	2	False	2.0	-1	8	8	8	8a	22	1/8	False	3	True				False	22	IV7(9)		d	i		IV7(9)		IV		7	9		Mm7	True	True	(-1, 3, 0, -3)	(1,)	-1	-1	minor	minor	i	i, minor	IV		i	i	True	IV7	IV7, minor		IV7(9), minor		IV	2	2	2	-3	-3	-3	True	False	False
528	12	57	3	A	0	3	4	1	2	False	2.0	-1	8	8	8	8a	22	1/8	False	3	True				False	22	IV7(9)		d	i		IV7(9)		IV		7	9		Mm7	True	True	(-1, 3, 0, -3)	(1,)	-1	-1	minor	minor	i	i, minor	IV		i	i	True	IV7	IV7, minor		IV7(9), minor		IV	2	2	2	1	1	1	False	False	False
528	12	59	5	B	0	3	4	1	1	True	2.0	-1	8	8	8	8a	22	1/8	False	3	True				False	22	IV7(9)		d	i		IV7(9)		IV		7	9		Mm7	True	True	(-1, 3, 0, -3)	(1,)	-1	-1	minor	minor	i	i, minor	IV		i	i	True	IV7	IV7, minor		IV7(9), minor		IV	2	2	2	3	3	3	True	False	False
540	24	52	4	E	0	3	4	1	2	True	2.5	-1	8	8	8	8a	45/2	1/4	False	3	False				False	22	IV7(9)		d	i		IV7(9)		IV		7	9		Mm7	True	True	(-1, 3, 0, -3)	(1,)	-1	-1	minor	minor	i	i, minor	IV		i	i	True	IV7	IV7, minor		IV7(9), minor		IV	2	2	2	2	2	2	False	False	False
540	24	56	8	G	1	3	4	1	2	True	2.5	-1	8	8	8	8a	45/2	1/4	False	3	False				False	22	IV7(9)		d	i		IV7(9)		IV		7	9		Mm7	True	True	(-1, 3, 0, -3)	(1,)	-1	-1	minor	minor	i	i, minor	IV		i	i	True	IV7	IV7, minor		IV7(9), minor		IV	2	2	2	6	6	6	False	False	False
540	24	60	0	C	0	3	4	1	1	True	2.5	-1	8	8	8	8a	45/2	1/4	False	4	False				False	22	IV7(9)		d	i		IV7(9)		IV		7	9		Mm7	True	True	(-1, 3, 0, -3)	(1,)	-1	-1	minor	minor	i	i, minor	IV		i	i	True	IV7	IV7, minor		IV7(9), minor		IV	2	2	2	-2	-2	-2	False	False	False
552	24	32	8	G	1	3	4	2	1	True	3.0	-1	8	8	8	8a	23	1/4	False	1	True				False	23	V+6/V		d	i		V+6/V		V	+	6		V	+	True	True	(6, 10, 2)	()	2	6	minor	minor	i	i, minor	V/V	V	V/i	V	False	V+6/V	V+6/V, minor		V+6/V, minor	V	V	2	2	3	6	6	5	True	False	True
552	24	44	8	G	1	3	4	2	1	True	3.0	-1	8	8	8	8a	23	1/4	False	2	True				False	23	V+6/V		d	i		V+6/V		V	+	6		V	+	True	True	(6, 10, 2)	()	2	6	minor	minor	i	i, minor	V/V	V	V/i	V	False	V+6/V	V+6/V, minor		V+6/V, minor	V	V	2	2	3	6	6	5	True	False	True
564	12	53	-1	F	0	3	4	1	2	True	3.5	-1	8	8	8	8a	47/2	1/8	False	3	False				False	23	V+6/V		d	i		V+6/V		V	+	6		V	+	True	True	(6, 10, 2)	()	2	6	minor	minor	i	i, minor	V/V	V	V/i	V	False	V+6/V	V+6/V, minor		V+6/V, minor	V	V	2	2	3	-3	-3	-4	False	False	False
564	12	57	3	A	0	3	4	1	2	True	3.5	-1	8	8	8	8a	47/2	1/8	False	3	False				False	23	V+6/V		d	i		V+6/V		V	+	6		V	+	True	True	(6, 10, 2)	()	2	6	minor	minor	i	i, minor	V/V	V	V/i	V	False	V+6/V	V+6/V, minor		V+6/V, minor	V	V	2	2	3	1	1	0	False	False	False
564	12	61	7	C	1	3	4	1	1	True	3.5	-1	8	8	8	8a	47/2	1/8	False	4	False				False	23	V+6/V		d	i		V+6/V		V	+	6		V	+	True	True	(6, 10, 2)	()	2	6	minor	minor	i	i, minor	V/V	V	V/i	V	False	V+6/V	V+6/V, minor		V+6/V, minor	V	V	2	2	3	5	5	4	False	False	False
576	12	33	3	A	0	3	4	2	1	True	1.0	-1	9	9	9	9a	24	1/8	False	1	True				False	24	V+		d	i		V+		V	+				+	True	True	(1, 5, 9)	()	1	1	minor	minor	i	i, minor	V		i	i	True	V+	V+, minor		V+, minor		V	2	2	2	1	1	1	True	True	True
576	12	45	3	A	0	3	4	2	1	True	1.0	-1	9	9	9	9a	24	1/8	False	2	True				False	24	V+		d	i		V+		V	+				+	True	True	(1, 5, 9)	()	1	1	minor	minor	i	i, minor	V		i	i	True	V+	V+, minor		V+, minor		V	2	2	2	1	1	1	True	True	True
576	12	53	-1	F	0	3	4	1	2	False	1.0	-1	9	9	9	9a	24	1/8	False	3	True				False	24	V+		d	i		V+		V	+				+	True	True	(1, 5, 9)	()	1	1	minor	minor	i	i, minor	V		i	i	True	V+	V+, minor		V+, minor		V	2	2	2	-3	-3	-3	False	False	False
576	12	57	3	A	0	3	4	1	2	False	1.0	-1	9	9	9	9a	24	1/8	False	3	True				False	24	V+		d	i		V+		V	+				+	True	True	(1, 5, 9)	()	1	1	minor	minor	i	i, minor	V		i	i	True	V+	V+, minor		V+, minor		V	2	2	2	1	1	1	True	True	True
576	12	61	7	C	1	3	4	1	1	False	1.0	-1	9	9	9	9a	24	1/8	False	4	True				False	24	V+		d	i		V+		V	+				+	True	True	(1, 5, 9)	()	1	1	minor	minor	i	i, minor	V		i	i	True	V+	V+, minor		V+, minor		V	2	2	2	5	5	5	True	False	False
588	24	54	6	F	1	3	4	1	2	True	1.5	-1	9	9	9	9a	49/2	1/4	False	3	False				False	24	V+		d	i		V+		V	+				+	True	True	(1, 5, 9)	()	1	1	minor	minor	i	i, minor	V		i	i	True	V+	V+, minor		V+, minor		V	2	2	2	4	4	4	False	False	False
588	24	58	-2	B	-1	3	4	1	2	True	1.5	-1	9	9	9	9a	49/2	1/4	False	3	False				False	24	V+		d	i		V+		V	+				+	True	True	(1, 5, 9)	()	1	1	minor	minor	i	i, minor	V		i	i	True	V+	V+, minor		V+, minor		V	2	2	2	-4	-4	-4	False	False	False
588	6	62	2	D	0	3	4	1	1	True	1.5	-1	9	9	9	9a	49/2	1/16	False	4	False				False	24	V+		d	i		V+		V	+				+	True	True	(1, 5, 9)	()	1	1	minor	minor	i	i, minor	V		i	i	True	V+	V+, minor		V+, minor		V	2	2	2	0	0	0	False	False	False
594	6	64	4	E	0	3	4	1	1	True	1.75	-1	9	9	9	9a	99/4	1/16	False	4	False				False	24	V+		d	i		V+		V	+				+	True	True	(1, 5, 9)	()	1	1	minor	minor	i	i, minor	V		i	i	True	V+	V+, minor		V+, minor		V	2	2	2	2	2	2	False	False	False
597	3	32	-4	A	-1	3	4	2	1	True	1.875	-1	9	9	9	9a	199/8	1/32	False	1	False				False	24	V+		d	i		V+		V	+				+	True	True	(1, 5, 9)	()	1	1	minor	minor	i	i, minor	V		i	i	True	V+	V+, minor		V+, minor		V	2	2	2	-6	-6	-6	False	False	False
597	3	44	-4	A	-1	3	4	2	1	True	1.875	-1	9	9	9	9a	199/8	1/32	False	2	False				False	24	V+		d	i		V+		V	+				+	True	True	(1, 5, 9)	()	1	1	minor	minor	i	i, minor	V		i	i	True	V+	V+, minor		V+, minor		V	2	2	2	-6	-6	-6	False	False	False
600	24	31	1	G	0	3	4	2	1	True	2.0	-1	9	9	9	9a	25	1/4	False	1	True				False	25	IVM7		d	i		IVM7		IV	M	7			MM7	True	True	(-1, 3, 0, 4)	()	-1	-1	minor	minor	i	i, minor	IV		i	i	True	IVM7	IVM7, minor		IVM7, minor		IV	2	2	2	-1	-1	-1	True	True	True
600	24	43	1	G	0	3	4	2	1	True	2.0	-1	9	9	9	9a	25	1/4	False	2	True				False	25	IVM7		d	i		IVM7		IV	M	7			MM7	True	True	(-1, 3, 0, 4)	()	-1	-1	minor	minor	i	i, minor	IV		i	i	True	IVM7	IVM7, minor		IVM7, minor		IV	2	2	2	-1	-1	-1	True	True	True
600	12	62	2	D	0	3	4	1	1	True	2.0	-1	9	9	9	9a	25	1/8	False	4	True				False	25	IVM7		d	i		IVM7		IV	M	7			MM7	True	True	(-1, 3, 0, 4)	()	-1	-1	minor	minor	i	i, minor	IV		i	i	True	IVM7	IVM7, minor		IVM7, minor		IV	2	2	2	0	0	0	True	False	False
612	24	55	1	G	0	3	4	1	2	True	2.5	-1	9	9	9	9a	51/2	1/4	False	3	False				False	25	IVM7		d	i		IVM7		IV	M	7			MM7	True	True	(-1, 3, 0, 4)	()	-1	-1	minor	minor	i	i, minor	IV		i	i	True	IVM7	IVM7, minor		IVM7, minor		IV	2	2	2	-1	-1	-1	True	True	True
612	24	59	5	B	0	3	4	1	2	True	2.5	-1	9	9	9	9a	51/2	1/4	False	3	False				False	25	IVM7		d	i		IVM7		IV	M	7			MM7	True	True	(-1, 3, 0, 4)	()	-1	-1	minor	minor	i	i, minor	IV		i	i	True	IVM7	IVM7, minor		IVM7, minor		IV	2	2	2	3	3	3	True	False	False
612	18	64	4	E	0	3	4	1	1	True	2.5	-1	9	9	9	9a	51/2	3/16	False	4	False				False	25	IVM7		d	i		IVM7		IV	M	7			MM7	True	True	(-1, 3, 0, 4)	()	-1	-1	minor	minor	i	i, minor	IV		i	i	True	IVM7	IVM7, minor		IVM7, minor		IV	2	2	2	2	2	2	False	False	False
624	24	36	0	C	0	3	4	2	1	True	3.0	-1	9	9	9	9a	26	1/4	False	2	True				False	26	VM7/III		d	i		VM7/III		V	M	7		III	MM7	True	True	(-2, 2, -1, 3)	()	-2	-2	minor	minor	i	i, minor	V/III	III	III/i	III	False	VM7/III	VM7/III, minor		VM7/III, minor	III	III	2	2	-1	-2	-2	1	True	True	True
624	24	48	0	C	0	3	4	2	1	True	3.0	-1	9	9	9	9a	26	1/4	False	3	True				False	26	VM7/III		d	i		VM7/III		V	M	7		III	MM7	True	True	(-2, 2, -1, 3)	()	-2	-2	minor	minor	i	i, minor	V/III	III	III/i	III	False	VM7/III	VM7/III, minor		VM7/III, minor	III	III	2	2	-1	-2	-2	1	True	True	True
630	6	65	-1	F	0	3	4	1	1	True	3.25	-1	9	9	9	9a	105/4	1/16	False	4	False				False	26	VM7/III		d	i		VM7/III		V	M	7		III	MM7	True	True	(-2, 2, -1, 3)	()	-2	-2	minor	minor	i	i, minor	V/III	III	III/i	III	False	VM7/III	VM7/III, minor		VM7/III, minor	III	III	2	2	-1	-3	-3	0	False	False	False
636	12	55	1	G	0	3	4	1	2	True	3.5	-1	9	9	9	9a	53/2	1/8	False	3	False				False	26	VM7/III		d	i		VM7/III		V	M	7		III	MM7	True	True	(-2, 2, -1, 3)	()	-2	-2	minor	minor	i	i, minor	V/III	III	III/i	III	False	VM7/III	VM7/III, minor		VM7/III, minor	III	III	2	2	-1	-1	-1	2	True	False	False
636	12	60	0	C	0	3	4	1	2	True	3.5	-1	9	9	9	9a	53/2	1/8	False	4	False				False	26	VM7/III		d	i		VM7/III		V	M	7		III	MM7	True	True	(-2, 2, -1, 3)	()	-2	-2	minor	minor	i	i, minor	V/III	III	III/i	III	False	VM7/III	VM7/III, minor		VM7/III, minor	III	III	2	2	-1	-2	-2	1	True	True	True
636	12	64	4	E	0	3	4	1	1	True	3.5	-1	9	9	9	9a	53/2	1/8	False	4	False				False	26	VM7/III		d	i		VM7/III		V	M	7		III	MM7	True	True	(-2, 2, -1, 3)	()	-2	-2	minor	minor	i	i, minor	V/III	III	III/i	III	False	VM7/III	VM7/III, minor		VM7/III, minor	III	III	2	2	-1	2	2	5	True	False	False
648	24	29	-1	F	0	3	4	2	1	True	1.0	-1	10	10	10	10a	27	1/4	False	1	True				False	27	i/III		d	i		i/III		i				III	m	True	True	(-3, -6, -2)	()	-3	-3	minor	minor	i	i, minor	i/III	III	III/i	III	False	i/III	i/III, minor		i/III, minor	III	III	2	2	-1	-3	-3	0	True	True	True
648	24	41	-1	F	0	3	4	2	1	True	1.0	-1	10	10	10	10a	27	1/4	False	2	True				False	27	i/III		d	i		i/III		i				III	m	True	True	(-3, -6, -2)	()	-3	-3	minor	minor	i	i, minor	i/III	III	III/i	III	False	i/III	i/III, minor		i/III, minor	III	III	2	2	-1	-3	-3	0	True	True	True
660	12	56	-4	A	-1	3	4	1	2	True	1.5	-1	10	10	10	10a	55/2	1/8	False	3	False				False	27	i/III		d	i		i/III		i				III	m	True	True	(-3, -6, -2)	()	-3	-3	minor	minor	i	i, minor	i/III	III	III/i	III	False	i/III	i/III, minor		i/III, minor	III	III	2	2	-1	-6	-6	-3	True	False	False
660	12	60	0	C	0	3	4	1	2	True	1.5	-1	10	10	10	10a	55/2	1/8	False	4	False				False	27	i/III		d	i		i/III		i				III	m	True	True	(-3, -6, -2)	()	-3	-3	minor	minor	i	i, minor	i/III	III	III/i	III	False	i/III	i/III, minor		i/III, minor	III	III	2	2	-1	-2	-2	1	True	False	False
660	4	65	-1	F	0	3	4	1	1	True	1.5	-1	10	10	10	10a	55/2	1/24	False	4	False				False	27	i/III		d	i		i/III		i				III	m	True	True	(-3, -6, -2)	()	-3	-3	minor	minor	i	i, minor	i/III	III	III/i	III	False	i/III	i/III, minor		i/III, minor	III	III	2	2	-1	-3	-3	0	True	True	True
664	4	64	4	E	0	3	4	1	1	True	1.667	-1	10	10	10	10a	83/3	1/24	False	4	False				False	27	i/III		d	i		i/III		i				III	m	True	True	(-3, -6, -2)	()	-3	-3	minor	minor	i	i, minor	i/III	III	III/i	III	False	i/III	i/III, minor		i/III, minor	III	III	2	2	-1	2	2	5	False	False	False
668	4	63	-3	E	-1	3	4	1	1	True	1.833	-1	10	10	10	10a	167/6	1/24	False	4	False				False	27	i/III		d	i		i/III		i				III	m	True	True	(-3, -6, -2)	()	-3	-3	minor	minor	i	i, minor	i/III	III	III/i	III	False	i/III	i/III, minor		i/III, minor	III	III	2	2	-1	-5	-5	-2	False	False	False
672	24	34	-2	B	-1	3	4	2	1	True	2.0	-1	10	10	10	10a	28	1/4	False	1	True				False	28	IV7(9)/III		d	i		IV7(9)/III		IV		7	9	III	Mm7	True	True	(-4, 0, -3, -6)	(-2,)	-4	-4	minor	minor	i	i, minor	IV/III	III	III/i	III	False	IV7/III	IV7/III, minor		IV7(9)/III, minor	III	III	2	2	-1	-4	-4	-1	True	True	True
672	24	46	-2	B	-1	3	4	2	1	True	2.0	-1	10	10	10	10a	28	1/4	False	2	True				False	28	IV7(9)/III		d	i		IV7(9)/III		IV		7	9	III	Mm7	True	True	(-4, 0, -3, -6)	(-2,)	-4	-4	minor	minor	i	i, minor	IV/III	III	III/i	III	False	IV7/III	IV7/III, minor		IV7(9)/III, minor	III	III	2	2	-1	-4	-4	-1	True	True	True
672	12	56	-4	A	-1	3	4	1	2	False	2.0	-1	10	10	10	10a	28	1/8	False	3	True				False	28	IV7(9)/III		d	i		IV7(9)/III		IV		7	9	III	Mm7	True	True	(-4, 0, -3, -6)	(-2,)	-4	-4	minor	minor	i	i, minor	IV/III	III	III/i	III	False	IV7/III	IV7/III, minor		IV7(9)/III, minor	III	III	2	2	-1	-6	-6	-3	True	False	False
672	12	60	0	C	0	3	4	1	2	False	2.0	-1	10	10	10	10a	28	1/8	False	4	True				False	28	IV7(9)/III		d	i		IV7(9)/III		IV		7	9	III	Mm7	True	True	(-4, 0, -3, -6)	(-2,)	-4	-4	minor	minor	i	i, minor	IV/III	III	III/i	III	False	IV7/III	IV7/III, minor		IV7(9)/III, minor	III	III	2	2	-1	-2	-2	1	False	False	False
672	12	62	2	D	0	3	4	1	1	True	2.0	-1	10	10	10	10a	28	1/8	False	4	True				False	28	IV7(9)/III		d	i		IV7(9)/III		IV		7	9	III	Mm7	True	True	(-4, 0, -3, -6)	(-2,)	-4	-4	minor	minor	i	i, minor	IV/III	III	III/i	III	False	IV7/III	IV7/III, minor		IV7(9)/III, minor	III	III	2	2	-1	0	0	3	True	False	False
684	24	56	-4	A	-1	3	4	1	2	True	2.5	-1	10	10	10	10a	57/2	1/4	False	3	False				False	28	IV7(9)/III		d	i		IV7(9)/III		IV		7	9	III	Mm7	True	True	(-4, 0, -3, -6)	(-2,)	-4	-4	minor	minor	i	i, minor	IV/III	III	III/i	III	False	IV7/III	IV7/III, minor		IV7(9)/III, minor	III	III	2	2	-1	-6	-6	-3	True	False	False
684	24	59	-7	C	-1	3	4	1	2	True	2.5	-1	10	10	10	10a	57/2	1/4	False	4	False				False	28	IV7(9)/III		d	i		IV7(9)/III		IV		7	9	III	Mm7	True	True	(-4, 0, -3, -6)	(-2,)	-4	-4	minor	minor	i	i, minor	IV/III	III	III/i	III	False	IV7/III	IV7/III, minor		IV7(9)/III, minor	III	III	2	2	-1	-9	-9	-6	False	False	False
684	24	63	-3	E	-1	3	4	1	1	True	2.5	-1	10	10	10	10a	57/2	1/4	False	4	False				False	28	IV7(9)/III		d	i		IV7(9)/III		IV		7	9	III	Mm7	True	True	(-4, 0, -3, -6)	(-2,)	-4	-4	minor	minor	i	i, minor	IV/III	III	III/i	III	False	IV7/III	IV7/III, minor		IV7(9)/III, minor	III	III	2	2	-1	-5	-5	-2	False	False	False
696	24	35	5	B	0	3	4	2	1	True	3.0	-1	10	10	10	10a	29	1/4	False	1	True				False	29	biii6/III		d	i		biii6/III		biii		6		III	m	True	True	(-9, -5, -6)	()	-6	-9	minor	minor	i	i, minor	biii/III	III	III/i	III	False	biii6/III	biii6/III, minor		biii6/III, minor	III	III	2	2	-1	3	3	6	False	False	False
696	24	47	5	B	0	3	4	2	1	True	3.0	-1	10	10	10	10a	29	1/4	False	2	True				False	29	biii6/III		d	i		biii6/III		biii		6		III	m	True	True	(-9, -5, -6)	()	-6	-9	minor	minor	i	i, minor	biii/III	III	III/i	III	False	biii6/III	biii6/III, minor		biii6/III, minor	III	III	2	2	-1	3	3	6	False	False	False
708	12	55	1	G	0	3	4	1	2	True	3.5	-1	10	10	10	10a	59/2	1/8	False	3	False				False	29	biii6/III		d	i		biii6/III		biii		6		III	m	True	True	(-9, -5, -6)	()	-6	-9	minor	minor	i	i, minor	biii/III	III	III/i	III	False	biii6/III	biii6/III, minor		biii6/III, minor	III	III	2	2	-1	-1	-1	2	False	False	False
708	12	58	-2	B	-1	3	4	1	2	True	3.5	-1	10	10	10	10a	59/2	1/8	False	3	False				False	29	biii6/III		d	i		biii6/III		biii		6		III	m	True	True	(-9, -5, -6)	()	-6	-9	minor	minor	i	i, minor	biii/III	III	III/i	III	False	biii6/III	biii6/III, minor		biii6/III, minor	III	III	2	2	-1	-4	-4	-1	False	False	False
708	12	64	4	E	0	3	4	1	1	True	3.5	-1	10	10	10	10a	59/2	1/8	False	4	False				False	29	biii6/III		d	i		biii6/III		biii		6		III	m	True	True	(-9, -5, -6)	()	-6	-9	minor	minor	i	i, minor	biii/III	III	III/i	III	False	biii6/III	biii6/III, minor		biii6/III, minor	III	III	2	2	-1	2	2	5	False	False	False
720	24	36	0	C	0	3	4	2	1	True	1.0	-1	11	11	11	11a	30	1/4	False	2	True				False	30	V7/III		d	i		V7/III		V		7		III	Mm7	True	True	(-2, 2, -1, -4)	()	-2	-2	minor	minor	i	i, minor	V/III	III	III/i	III	False	V7/III	V7/III, minor		V7/III, minor	III	III	2	2	-1	-2	-2	1	True	True	True
720	24	48	0	C	0	3	4	2	1	True	1.0	-1	11	11	11	11a	30	1/4	False	3	True				False	30	V7/III		d	i		V7/III		V		7		III	Mm7	True	True	(-2, 2, -1, -4)	()	-2	-2	minor	minor	i	i, minor	V/III	III	III/i	III	False	V7/III	V7/III, minor		V7/III, minor	III	III	2	2	-1	-2	-2	1	True	True	True
720	12	55	1	G	0	3	4	1	2	False	1.0	-1	11	11	11	11a	30	1/8	False	3	True				False	30	V7/III		d	i		V7/III		V		7		III	Mm7	True	True	(-2, 2, -1, -4)	()	-2	-2	minor	minor	i	i, minor	V/III	III	III/i	III	False	V7/III	V7/III, minor		V7/III, minor	III	III	2	2	-1	-1	-1	2	True	False	False
720	12	58	-2	B	-1	3	4	1	2	False	1.0	-1	11	11	11	11a	30	1/8	False	3	True				False	30	V7/III		d	i		V7/III		V		7		III	Mm7	True	True	(-2, 2, -1, -4)	()	-2	-2	minor	minor	i	i, minor	V/III	III	III/i	III	False	V7/III	V7/III, minor		V7/III, minor	III	III	2	2	-1	-4	-4	-1	True	False	False
720	12	64	4	E	0	3	4	1	1	False	1.0	-1	11	11	11	11a	30	1/8	False	4	True				False	30	V7/III		d	i		V7/III		V		7		III	Mm7	True	True	(-2, 2, -1, -4)	()	-2	-2	minor	minor	i	i, minor	V/III	III	III/i	III	False	V7/III	V7/III, minor		V7/III, minor	III	III	2	2	-1	2	2	5	True	False	False
732	24	56	-4	A	-1	3	4	1	2	True	1.5	-1	11	11	11	11a	61/2	1/4	False	3	False				False	30	V7/III		d	i		V7/III		V		7		III	Mm7	True	True	(-2, 2, -1, -4)	()	-2	-2	minor	minor	i	i, minor	V/III	III	III/i	III	False	V7/III	V7/III, minor		V7/III, minor	III	III	2	2	-1	-6	-6	-3	False	False	False
732	24	59	5	B	0	3	4	1	2	True	1.5	-1	11	11	11	11a	61/2	1/4	False	3	False				False	30	V7/III		d	i		V7/III		V		7		III	Mm7	True	True	(-2, 2, -1, -4)	()	-2	-2	minor	minor	i	i, minor	V/III	III	III/i	III	False	V7/III	V7/III, minor		V7/III, minor	III	III	2	2	-1	3	3	6	False	False	False
732	6	65	-1	F	0	3	4	1	1	True	1.5	-1	11	11	11	11a	61/2	1/16	False	4	False				False	30	V7/III		d	i		V7/III		V		7		III	Mm7	True	True	(-2, 2, -1, -4)	()	-2	-2	minor	minor	i	i, minor	V/III	III	III/i	III	False	V7/III	V7/III, minor		V7/III, minor	III	III	2	2	-1	-3	-3	0	False	False	False
738	6	67	1	G	0	3	4	1	1	True	1.75	-1	11	11	11	11a	123/4	1/16	False	4	False				False	30	V7/III		d	i		V7/III		V		7		III	Mm7	True	True	(-2, 2, -1, -4)	()	-2	-2	minor	minor	i	i, minor	V/III	III	III/i	III	False	V7/III	V7/III, minor		V7/III, minor	III	III	2	2	-1	-1	-1	2	True	False	False
744	12	38	2	D	0	3	4	2	1	True	2.0	-1	11	11	11	11a	31	1/8	False	2	True				False	31	viio65/V/III		d	i		viio65/V/III		vii	o	65		V/III	o7	True	True	(0, -3, -6, 3)	()	3	0	minor	minor	i	i, minor	vii/V/III	VII	V/III/i	VII	False	viio65/V/III	viio65/V/III, minor		viio65/V/III, minor	III	III	2	2	0	0	0	2	True	False	True
744	12	50	2	D	0	3	4	2	1	True	2.0	-1	11	11	11	11a	31	1/8	False	3	True				False	31	viio65/V/III		d	i		viio65/V/III		vii	o	65		V/III	o7	True	True	(0, -3, -6, 3)	()	3	0	minor	minor	i	i, minor	vii/V/III	VII	V/III/i	VII	False	viio65/V/III	viio65/V/III, minor		viio65/V/III, minor	III	III	2	2	0	0	0	2	True	False	True
744	12	65	-1	F	0	3	4	1	1	True	2.0	-1	11	11	11	11a	31	1/8	False	4	True				False	31	viio65/V/III		d	i		viio65/V/III		vii	o	65		V/III	o7	True	True	(0, -3, -6, 3)	()	3	0	minor	minor	i	i, minor	vii/V/III	VII	V/III/i	VII	False	viio65/V/III	viio65/V/III, minor		viio65/V/III, minor	III	III	2	2	0	-3	-3	-1	True	False	False
756	24	58	-2	B	-1	3	4	1	2	True	2.5	-1	11	11	11	11a	63/2	1/4	False	3	False				False	31	viio65/V/III		d	i		viio65/V/III		vii	o	65		V/III	o7	True	True	(0, -3, -6, 3)	()	3	0	minor	minor	i	i, minor	vii/V/III	VII	V/III/i	VII	False	viio65/V/III	viio65/V/III, minor		viio65/V/III, minor	III	III	2	2	0	-4	-4	-2	False	False	False
756	24	61	-5	D	-1	3	4	1	2	True	2.5	-1	11	11	11	11a	63/2	1/4	False	4	False				False	31	viio65/V/III		d	i		viio65/V/III		vii	o	65		V/III	o7	True	True	(0, -3, -6, 3)	()	3	0	minor	minor	i	i, minor	vii/V/III	VII	V/III/i	VII	False	viio65/V/III	viio65/V/III, minor		viio65/V/III, minor	III	III	2	2	0	-7	-7	-5	False	False	False
756	18	67	1	G	0	3	4	1	1	True	2.5	-1	11	11	11	11a	63/2	3/16	False	4	False				False	31	viio65/V/III		d	i		viio65/V/III		vii	o	65		V/III	o7	True	True	(0, -3, -6, 3)	()	3	0	minor	minor	i	i, minor	vii/V/III	VII	V/III/i	VII	False	viio65/V/III	viio65/V/III, minor		viio65/V/III, minor	III	III	2	2	0	-1	-1	1	False	False	False
765	3	39	-3	E	-1	3	4	2	1	True	2.875	-1	11	11	11	11a	255/8	1/32	False	2	False				False	31	viio65/V/III		d	i		viio65/V/III		vii	o	65		V/III	o7	True	True	(0, -3, -6, 3)	()	3	0	minor	minor	i	i, minor	vii/V/III	VII	V/III/i	VII	False	viio65/V/III	viio65/V/III, minor		viio65/V/III, minor	III	III	2	2	0	-5	-5	-3	False	False	False
765	3	51	-3	E	-1	3	4	2	1	True	2.875	-1	11	11	11	11a	255/8	1/32	False	3	False				False	31	viio65/V/III		d	i		viio65/V/III		vii	o	65		V/III	o7	True	True	(0, -3, -6, 3)	()	3	0	minor	minor	i	i, minor	vii/V/III	VII	V/III/i	VII	False	viio65/V/III	viio65/V/III, minor		viio65/V/III, minor	III	III	2	2	0	-5	-5	-3	False	False	False
768	24	40	4	E	0	3	4	2	1	True	3.0	-1	11	11	11	11a	32	1/4	False	2	True				False	32	viio7/III		d	i		viio7/III		vii	o	7		III	o7	True	True	(2, -1, -4, -7)	()	2	2	minor	minor	i	i, minor	vii/III	III	III/i	III	False	viio7/III	viio7/III, minor		viio7/III, minor	III	III	2	2	-1	2	2	5	True	True	True
768	24	52	4	E	0	3	4	2	1	True	3.0	-1	11	11	11	11a	32	1/4	False	3	True				False	32	viio7/III		d	i		viio7/III		vii	o	7		III	o7	True	True	(2, -1, -4, -7)	()	2	2	minor	minor	i	i, minor	vii/III	III	III/i	III	False	viio7/III	viio7/III, minor		viio7/III, minor	III	III	2	2	-1	2	2	5	True	True	True
774	6	68	-4	A	-1	3	4	1	1	True	3.25	-1	11	11	11	11a	129/4	1/16	False	4	False				False	32	viio7/III		d	i		viio7/III		vii	o	7		III	o7	True	True	(2, -1, -4, -7)	()	2	2	minor	minor	i	i, minor	vii/III	III	III/i	III	False	viio7/III	viio7/III, minor		viio7/III, minor	III	III	2	2	-1	-6	-6	-3	False	False	False
780	12	59	5	B	0	3	4	1	2	True	3.5	-1	11	11	11	11a	65/2	1/8	False	3	False				False	32	viio7/III		d	i		viio7/III		vii	o	7		III	o7	True	True	(2, -1, -4, -7)	()	2	2	minor	minor	i	i, minor	vii/III	III	III/i	III	False	viio7/III	viio7/III, minor		viio7/III, minor	III	III	2	2	-1	3	3	6	False	False	False
780	12	62	2	D	0	3	4	1	2	True	3.5	-1	11	11	11	11a	65/2	1/8	False	4	False				False	32	viio7/III		d	i		viio7/III		vii	o	7		III	o7	True	True	(2, -1, -4, -7)	()	2	2	minor	minor	i	i, minor	vii/III	III	III/i	III	False	viio7/III	viio7/III, minor		viio7/III, minor	III	III	2	2	-1	0	0	3	False	False	False
780	12	67	1	G	0	3	4	1	1	True	3.5	-1	11	11	11	11a	65/2	1/8	False	4	False				False	32	viio7/III		d	i		viio7/III		vii	o	7		III	o7	True	True	(2, -1, -4, -7)	()	2	2	minor	minor	i	i, minor	vii/III	III	III/i	III	False	viio7/III	viio7/III, minor		viio7/III, minor	III	III	2	2	-1	-1	-1	2	True	False	False
792	24	32	-4	A	-1	3	4	2	1	True	1.0	-1	12	12	12	12a	33	1/4	False	1	True				False	33	I/bV		d	i		I/bV		I				bV	M	True	True	(-6, -2, -5)	()	-6	-6	minor	minor	i	i, minor	I/bV	bV	bV/i	bV	False	I/bV	I/bV, minor		I/bV, minor	bV	bV	2	2	-4	-6	-6	0	True	True	True
792	24	44	-4	A	-1	3	4	2	1	True	1.0	-1	12	12	12	12a	33	1/4	False	2	True				False	33	I/bV		d	i		I/bV		I				bV	M	True	True	(-6, -2, -5)	()	-6	-6	minor	minor	i	i, minor	I/bV	bV	bV/i	bV	False	I/bV	I/bV, minor		I/bV, minor	bV	bV	2	2	-4	-6	-6	0	True	True	True
804	12	60	0	C	0	3	4	1	2	True	1.5	-1	12	12	12	12a	67/2	1/8	False	4	False				False	33	I/bV		d	i		I/bV		I				bV	M	True	True	(-6, -2, -5)	()	-6	-6	minor	minor	i	i, minor	I/bV	bV	bV/i	bV	False	I/bV	I/bV, minor		I/bV, minor	bV	bV	2	2	-4	-2	-2	4	True	False	False
804	12	63	-3	E	-1	3	4	1	2	True	1.5	-1	12	12	12	12a	67/2	1/8	False	4	False				False	33	I/bV		d	i		I/bV		I				bV	M	True	True	(-6, -2, -5)	()	-6	-6	minor	minor	i	i, minor	I/bV	bV	bV/i	bV	False	I/bV	I/bV, minor		I/bV, minor	bV	bV	2	2	-4	-5	-5	1	True	False	False
804	4	68	-4	A	-1	3	4	1	1	True	1.5	-1	12	12	12	12a	67/2	1/24	False	4	False				False	33	I/bV		d	i		I/bV		I				bV	M	True	True	(-6, -2, -5)	()	-6	-6	minor	minor	i	i, minor	I/bV	bV	bV/i	bV	False	I/bV	I/bV, minor		I/bV, minor	bV	bV	2	2	-4	-6	-6	0	True	True	True
808	4	67	1	G	0	3	4	1	1	True	1.667	-1	12	12	12	12a	101/3	1/24	False	4	False				False	33	I/bV		d	i		I/bV		I				bV	M	True	True	(-6, -2, -5)	()	-6	-6	minor	minor	i	i, minor	I/bV	bV	bV/i	bV	False	I/bV	I/bV, minor		I/bV, minor	bV	bV	2	2	-4	-1	-1	5	False	False	False
812	4	66	-6	G	-1	3	4	1	1	True	1.833	-1	12	12	12	12a	203/6	1/24	False	4	False				False	33	I/bV		d	i		I/bV		I				bV	M	True	True	(-6, -2, -5)	()	-6	-6	minor	minor	i	i, minor	I/bV	bV	bV/i	bV	False	I/bV	I/bV, minor		I/bV, minor	bV	bV	2	2	-4	-8	-8	-2	False	False	False
816	24	27	-3	E	-1	3	4	2	1	True	2.0	-1	12	12	12	12a	34	1/4	False	1	True				False	34	bIII64/bV		d	i		bIII64/bV		bIII		64		bV	M	True	True	(-8, -9, -5)	()	-9	-8	minor	minor	i	i, minor	bIII/bV	bV	bV/i	bV	False	bIII64/bV	bIII64/bV, minor		bIII64/bV, minor	bV	bV	2	2	-4	-5	-5	1	True	False	False
816	24	39	-3	E	-1	3	4	2	1	True	2.0	-1	12	12	12	12a	34	1/4	False	2	True				False	34	bIII64/bV		d	i		bIII64/bV		bIII		64		bV	M	True	True	(-8, -9, -5)	()	-9	-8	minor	minor	i	i, minor	bIII/bV	bV	bV/i	bV	False	bIII64/bV	bIII64/bV, minor		bIII64/bV, minor	bV	bV	2	2	-4	-5	-5	1	True	False	False
816	12	60	0	C	0	3	4	1	2	False	2.0	-1	12	12	12	12a	34	1/8	False	4	True				False	34	bIII64/bV		d	i		bIII64/bV		bIII		64		bV	M	True	True	(-8, -9, -5)	()	-9	-8	minor	minor	i	i, minor	bIII/bV	bV	bV/i	bV	False	bIII64/bV	bIII64/bV, minor		bIII64/bV, minor	bV	bV	2	2	-4	-2	-2	4	False	False	False
816	12	63	-3	E	-1	3	4	1	2	False	2.0	-1	12	12	12	12a	34	1/8	False	4	True				False	34	bIII64/bV		d	i		bIII64/bV		bIII		64		bV	M	True	True	(-8, -9, -5)	()	-9	-8	minor	minor	i	i, minor	bIII/bV	bV	bV/i	bV	False	bIII64/bV	bIII64/bV, minor		bIII64/bV, minor	bV	bV	2	2	-4	-5	-5	1	True	False	False
816	12	65	-1	F	0	3	4	1	1	True	2.0	-1	12	12	12	12a	34	1/8	False	4	True				False	34	bIII64/bV		d	i		bIII64/bV		bIII		64		bV	M	True	True	(-8, -9, -5)	()	-9	-8	minor	minor	i	i, minor	bIII/bV	bV	bV/i	bV	False	bIII64/bV	bIII64/bV, minor		bIII64/bV, minor	bV	bV	2	2	-4	-3	-3	3	False	False	False
828	24	59	-7	C	-1	3	4	1	2	True	2.5	-1	12	12	12	12a	69/2	1/4	False	4	False				False	34	bIII64/bV		d	i		bIII64/bV		bIII		64		bV	M	True	True	(-8, -9, -5)	()	-9	-8	minor	minor	i	i, minor	bIII/bV	bV	bV/i	bV	False	bIII64/bV	bIII64/bV, minor		bIII64/bV, minor	bV	bV	2	2	-4	-9	-9	-3	True	True	False
828	24	63	-3	E	-1	3	4	1	2	True	2.5	-1	12	12	12	12a	69/2	1/4	False	4	False				False	34	bIII64/bV		d	i		bIII64/bV		bIII		64		bV	M	True	True	(-8, -9, -5)	()	-9	-8	minor	minor	i	i, minor	bIII/bV	bV	bV/i	bV	False	bIII64/bV	bIII64/bV, minor		bIII64/bV, minor	bV	bV	2	2	-4	-5	-5	1	True	False	False
828	24	66	6	F	1	3	4	1	1	True	2.5	-1	12	12	12	12a	69/2	1/4	False	4	False				False	34	bIII64/bV		d	i		bIII64/bV		bIII		64		bV	M	True	True	(-8, -9, -5)	()	-9	-8	minor	minor	i	i, minor	bIII/bV	bV	bV/i	bV	False	bIII64/bV	bIII64/bV, minor		bIII64/bV, minor	bV	bV	2	2	-4	4	4	10	False	False	False
840	24	31	1	G	0	3	4	2	1	True	3.0	-1	12	12	12	12a	35	1/4	False	1	True				False	35	iv		d	i		iv		iv					m	True	True	(-1, -4, 0)	()	-1	-1	minor	minor	i	i, minor	iv		i	i	True	iv	iv, minor		iv, minor		iv	2	2	2	-1	-1	-1	True	True	True
840	24	43	1	G	0	3	4	2	1	True	3.0	-1	12	12	12	12a	35	1/4	False	2	True				False	35	iv		d	i		iv		iv					m	True	True	(-1, -4, 0)	()	-1	-1	minor	minor	i	i, minor	iv		i	i	True	iv	iv, minor		iv, minor		iv	2	2	2	-1	-1	-1	True	True	True
852	12	58	-2	B	-1	3	4	1	2	True	3.5	-1	12	12	12	12a	71/2	1/8	False	3	False				False	35	iv		d	i		iv		iv					m	True	True	(-1, -4, 0)	()	-1	-1	minor	minor	i	i, minor	iv		i	i	True	iv	iv, minor		iv, minor		iv	2	2	2	-4	-4	-4	True	False	False
852	12	62	2	D	0	3	4	1	2	True	3.5	-1	12	12	12	12a	71/2	1/8	False	4	False				False	35	iv		d	i		iv		iv					m	True	True	(-1, -4, 0)	()	-1	-1	minor	minor	i	i, minor	iv		i	i	True	iv	iv, minor		iv, minor		iv	2	2	2	0	0	0	True	False	False
852	12	67	1	G	0	3	4	1	1	True	3.5	-1	12	12	12	12a	71/2	1/8	False	4	False				False	35	iv		d	i		iv		iv					m	True	True	(-1, -4, 0)	()	-1	-1	minor	minor	i	i, minor	iv		i	i	True	iv	iv, minor		iv, minor		iv	2	2	2	-1	-1	-1	True	True	True
864	12	26	2	D	0	3	4	2	1	True	1.0	-1	13	13	13	13a	36	1/8	False	1	True				False	36	IM7		d	i		IM7		I	M	7			MM7	True	True	(0, 4, 1, 5)	()	0	0	minor	minor	i	i, minor	I		i	i	True	IM7	IM7, minor		IM7, minor		I	2	2	2	0	0	0	True	True	True
864	12	38	2	D	0	3	4	2	1	True	1.0	-1	13	13	13	13a	36	1/8	False	2	True				False	36	IM7		d	i		IM7		I	M	7			MM7	True	True	(0, 4, 1, 5)	()	0	0	minor	minor	i	i, minor	I		i	i	True	IM7	IM7, minor		IM7, minor		I	2	2	2	0	0	0	True	True	True
864	12	58	-2	B	-1	3	4	1	2	False	1.0	-1	13	13	13	13a	36	1/8	False	3	True				False	36	IM7		d	i		IM7		I	M	7			MM7	True	True	(0, 4, 1, 5)	()	0	0	minor	minor	i	i, minor	I		i	i	True	IM7	IM7, minor		IM7, minor		I	2	2	2	-4	-4	-4	False	False	False
864	12	62	2	D	0	3	4	1	2	False	1.0	-1	13	13	13	13a	36	1/8	False	4	True				False	36	IM7		d	i		IM7		I	M	7			MM7	True	True	(0, 4, 1, 5)	()	0	0	minor	minor	i	i, minor	I		i	i	True	IM7	IM7, minor		IM7, minor		I	2	2	2	0	0	0	True	True	True
864	12	67	1	G	0	3	4	1	1	False	1.0	-1	13	13	13	13a	36	1/8	False	4	True				False	36	IM7		d	i		IM7		I	M	7			MM7	True	True	(0, 4, 1, 5)	()	0	0	minor	minor	i	i, minor	I		i	i	True	IM7	IM7, minor		IM7, minor		I	2	2	2	-1	-1	-1	False	False	False
876	12	57	3	A	0	3	4	1	2	True	1.5	-1	13	13	13	13a	73/2	1/8	False	3	False				False	36	IM7		d	i		IM7		I	M	7			MM7	True	True	(0, 4, 1, 5)	()	0	0	minor	minor	i	i, minor	I		i	i	True	IM7	IM7, minor		IM7, minor		I	2	2	2	1	1	1	True	False	False
876	12	61	7	C	1	3	4	1	2	True	1.5	-1	13	13	13	13a	73/2	1/8	False	4	False				False	36	IM7		d	i		IM7		I	M	7			MM7	True	True	(0, 4, 1, 5)	()	0	0	minor	minor	i	i, minor	I		i	i	True	IM7	IM7, minor		IM7, minor		I	2	2	2	5	5	5	True	False	False
876	4	66	6	F	1	3	4	1	1	True	1.5	-1	13	13	13	13a	73/2	1/24	False	4	False				False	36	IM7		d	i		IM7		I	M	7			MM7	True	True	(0, 4, 1, 5)	()	0	0	minor	minor	i	i, minor	I		i	i	True	IM7	IM7, minor		IM7, minor		I	2	2	2	4	4	4	True	False	False
880	4	65	-1	F	0	3	4	1	1	True	1.667	-1	13	13	13	13a	110/3	1/24	False	4	False				False	36	IM7		d	i		IM7		I	M	7			MM7	True	True	(0, 4, 1, 5)	()	0	0	minor	minor	i	i, minor	I		i	i	True	IM7	IM7, minor		IM7, minor		I	2	2	2	-3	-3	-3	False	False	False
884	4	63	-3	E	-1	3	4	1	1	True	1.833	-1	13	13	13	13a	221/6	1/24	False	4	False				False	36	IM7		d	i		IM7		I	M	7			MM7	True	True	(0, 4, 1, 5)	()	0	0	minor	minor	i	i, minor	I		i	i	True	IM7	IM7, minor		IM7, minor		I	2	2	2	-5	-5	-5	False	False	False
885	3	29	-1	F	0	3	4	2	1	True	1.875	-1	13	13	13	13a	295/8	1/32	False	1	False				False	36	IM7		d	i		IM7		I	M	7			MM7	True	True	(0, 4, 1, 5)	()	0	0	minor	minor	i	i, minor	I		i	i	True	IM7	IM7, minor		IM7, minor		I	2	2	2	-3	-3	-3	False	False	False
885	3	41	-1	F	0	3	4	2	1	True	1.875	-1	13	13	13	13a	295/8	1/32	False	2	False				False	36	IM7		d	i		IM7		I	M	7			MM7	True	True	(0, 4, 1, 5)	()	0	0	minor	minor	i	i, minor	I		i	i	True	IM7	IM7, minor		IM7, minor		I	2	2	2	-3	-3	-3	False	False	False
888	24	30	6	F	1	3	4	2	1	True	2.0	-1	13	13	13	13a	37	1/4	False	1	True				False	37	#IV2		d	i		#IV2		#IV		2			Mm7	True	True	(4, 6, 10, 7)	()	6	4	minor	minor	i	i, minor	#IV		i	i	True	#IV2	#IV2, minor		#IV2, minor		#IV	2	2	2	4	4	4	True	False	True
888	24	42	6	F	1	3	4	2	1	True	2.0	-1	13	13	13	13a	37	1/4	False	2	True				False	37	#IV2		d	i		#IV2		#IV		2			Mm7	True	True	(4, 6, 10, 7)	()	6	4	minor	minor	i	i, minor	#IV		i	i	True	#IV2	#IV2, minor		#IV2, minor		#IV	2	2	2	4	4	4	True	False	True
888	12	57	3	A	0	3	4	1	2	False	2.0	-1	13	13	13	13a	37	1/8	False	3	True				False	37	#IV2		d	i		#IV2		#IV		2			Mm7	True	True	(4, 6, 10, 7)	()	6	4	minor	minor	i	i, minor	#IV		i	i	True	#IV2	#IV2, minor		#IV2, minor		#IV	2	2	2	1	1	1	False	False	False
888	12	61	7	C	1	3	4	1	2	False	2.0	-1	13	13	13	13a	37	1/8	False	4	True				False	37	#IV2		d	i		#IV2		#IV		2			Mm7	True	True	(4, 6, 10, 7)	()	6	4	minor	minor	i	i, minor	#IV		i	i	True	#IV2	#IV2, minor		#IV2, minor		#IV	2	2	2	5	5	5	False	False	False
888	12	63	9	D	1	3	4	1	1	True	2.0	-1	13	13	13	13a	37	1/8	False	4	True				False	37	#IV2		d	i		#IV2		#IV		2			Mm7	True	True	(4, 6, 10, 7)	()	6	4	minor	minor	i	i, minor	#IV		i	i	True	#IV2	#IV2, minor		#IV2, minor		#IV	2	2	2	7	7	7	True	False	False
900	24	56	8	G	1	3	4	1	2	True	2.5	-1	13	13	13	13a	75/2	1/4	False	3	False				False	37	#IV2		d	i		#IV2		#IV		2			Mm7	True	True	(4, 6, 10, 7)	()	6	4	minor	minor	i	i, minor	#IV		i	i	True	#IV2	#IV2, minor		#IV2, minor		#IV	2	2	2	6	6	6	True	True	False
900	24	60	0	C	0	3	4	1	2	True	2.5	-1	13	13	13	13a	75/2	1/4	False	4	False				False	37	#IV2		d	i		#IV2		#IV		2			Mm7	True	True	(4, 6, 10, 7)	()	6	4	minor	minor	i	i, minor	#IV		i	i	True	#IV2	#IV2, minor		#IV2, minor		#IV	2	2	2	-2	-2	-2	False	False	False
900	24	63	-3	E	-1	3	4	1	1	True	2.5	-1	13	13	13	13a	75/2	1/4	False	4	False				False	37	#IV2		d	i		#IV2		#IV		2			Mm7	True	True	(4, 6, 10, 7)	()	6	4	minor	minor	i	i, minor	#IV		i	i	True	#IV2	#IV2, minor		#IV2, minor		#IV	2	2	2	-5	-5	-5	False	False	False
912	24	36	0	C	0	3	4	2	1	True	3.0	-1	13	13	13	13a	38	1/4	False	2	True				False	38	III64		d	i		III64		III		64			M	True	True	(-2, -3, 1)	()	-3	-2	minor	minor	i	i, minor	III		i	i	True	III64	III64, minor		III64, minor		III	2	2	2	-2	-2	-2	True	False	True
924	12	57	3	A	0	3	4	1	2	True	3.5	-1	13	13	13	13a	77/2	1/8	False	3	False				False	38	III64		d	i		III64		III		64			M	True	True	(-2, -3, 1)	()	-3	-2	minor	minor	i	i, minor	III		i	i	True	III64	III64, minor		III64, minor		III	2	2	2	1	1	1	True	False	False
924	12	60	0	C	0	3	4	1	2	True	3.5	-1	13	13	13	13a	77/2	1/8	False	4	False				False	38	III64		d	i		III64		III		64			M	True	True	(-2, -3, 1)	()	-3	-2	minor	minor	i	i, minor	III		i	i	True	III64	III64, minor		III64, minor		III	2	2	2	-2	-2	-2	True	False	True
924	12	65	-1	F	0	3	4	1	1	True	3.5	-1	13	13	13	13a	77/2	1/8	False	4	False				False	38	III64		d	i		III64		III		64			M	True	True	(-2, -3, 1)	()	-3	-2	minor	minor	i	i, minor	III		i	i	True	III64	III64, minor		III64, minor		III	2	2	2	-3	-3	-3	True	True	False
936	24	28	4	E	0	3	4	2	1	True	1.0	-1	14	14	14	14a	39	1/4	False	1	True				False	39	II		d	i		II		II					M	True	True	(2, 6, 3)	()	2	2	minor	minor	i	i, minor	II		i	i	True	II	II, minor		II, minor		II	2	2	2	2	2	2	True	True	True
936	24	40	4	E	0	3	4	2	1	True	1.0	-1	14	14	14	14a	39	1/4	False	2	True				False	39	II		d	i		II		II					M	True	True	(2, 6, 3)	()	2	2	minor	minor	i	i, minor	II		i	i	True	II	II, minor		II, minor		II	2	2	2	2	2	2	True	True	True
936	12	57	3	A	0	3	4	1	2	False	1.0	-1	14	14	14	14a	39	1/8	False	3	True				False	39	II		d	i		II		II					M	True	True	(2, 6, 3)	()	2	2	minor	minor	i	i, minor	II		i	i	True	II	II, minor		II, minor		II	2	2	2	1	1	1	False	False	False
936	12	60	0	C	0	3	4	1	2	False	1.0	-1	14	14	14	14a	39	1/8	False	4	True				False	39	II		d	i		II		II					M	True	True	(2, 6, 3)	()	2	2	minor	minor	i	i, minor	II		i	i	True	II	II, minor		II, minor		II	2	2	2	-2	-2	-2	False	False	False
936	12	65	-1	F	0	3	4	1	1	True	1.0	-1	14	14	14	14a	39	1/8	False	4	True				False	39	II		d	i		II		II					M	True	True	(2, 6, 3)	()	2	2	minor	minor	i	i, minor	II		i	i	True	II	II, minor		II, minor		II	2	2	2	-3	-3	-3	False	False	False
948	12	56	8	G	1	3	4	1	2	True	1.5	-1	14	14	14	14a	79/2	1/8	False	3	False				False	39	II		d	i		II		II					M	True	True	(2, 6, 3)	()	2	2	minor	minor	i	i, minor	II		i	i	True	II	II, minor		II, minor		II	2	2	2	6	6	6	True	False	False
948	12	59	5	B	0	3	4	1	2	True	1.5	-1	14	14	14	14a	79/2	1/8	False	3	False				False	39	II		d	i		II		II					M	True	True	(2, 6, 3)	()	2	2	minor	minor	i	i, minor	II		i	i	True	II	II, minor		II, minor		II	2	2	2	3	3	3	True	False	False
948	4	64	4	E	0	3	4	1	1	True	1.5	-1	14	14	14	14a	79/2	1/24	False	4	False				False	39	II		d	i		II		II					M	True	True	(2, 6, 3)	()	2	2	minor	minor	i	i, minor	II		i	i	True	II	II, minor		II, minor		II	2	2	2	2	2	2	True	True	True
952	4	63	-3	E	-1	3	4	1	1	True	1.667	-1	14	14	14	14a	119/3	1/24	False	4	False				False	39	II		d	i		II		II					M	True	True	(2, 6, 3)	()	2	2	minor	minor	i	i, minor	II		i	i	True	II	II, minor		II, minor		II	2	2	2	-5	-5	-5	False	False	False
956	4	62	2	D	0	3	4	1	1	True	1.833	-1	14	14	14	14a	239/6	1/24	False	4	False				False	39	II		d	i		II		II					M	True	True	(2, 6, 3)	()	2	2	minor	minor	i	i, minor	II		i	i	True	II	II, minor		II, minor		II	2	2	2	0	0	0	False	False	False
960	24	34	-2	B	-1	3	4	2	1	True	2.0	-1	14	14	14	14a	40	1/4	False	1	True				False	40	iv6		d	i		iv6		iv		6			m	True	True	(-4, 0, -1)	()	-1	-4	minor	minor	i	i, minor	iv		i	i	True	iv6	iv6, minor		iv6, minor		iv	2	2	2	-4	-4	-4	True	False	True
960	24	46	-2	B	-1	3	4	2	1	True	2.0	-1	14	14	14	14a	40	1/4	False	2	True				False	40	iv6		d	i		iv6		iv		6			m	True	True	(-4, 0, -1)	()	-1	-4	minor	minor	i	i, minor	iv		i	i	True	iv6	iv6, minor		iv6, minor		iv	2	2	2	-4	-4	-4	True	False	True
960	12	56	8	G	1	3	4	1	2	False	2.0	-1	14	14	14	14a	40	1/8	False	3	True				False	40	iv6		d	i		iv6		iv		6			m	True	True	(-4, 0, -1)	()	-1	-4	minor	minor	i	i, minor	iv		i	i	True	iv6	iv6, minor		iv6, minor		iv	2	2	2	6	6	6	False	False	False
960	12	59	5	B	0	3	4	1	2	False	2.0	-1	14	14	14	14a	40	1/8	False	3	True				False	40	iv6		d	i		iv6		iv		6			m	True	True	(-4, 0, -1)	()	-1	-4	minor	minor	i	i, minor	iv		i	i	True	iv6	iv6, minor		iv6, minor		iv	2	2	2	3	3	3	False	False	False
960	12	61	7	C	1	3	4	1	1	True	2.0	-1	14	14	14	14a	40	1/8	False	4	True				False	40	iv6		d	i		iv6		iv		6			m	True	True	(-4, 0, -1)	()	-1	-4	minor	minor	i	i, minor	iv		i	i	True	iv6	iv6, minor		iv6, minor		iv	2	2	2	5	5	5	False	False	False
972	24	55	1	G	0	3	4	1	2	True	2.5	-1	14	14	14	14a	81/2	1/4	False	3	False				False	40	iv6		d	i		iv6		iv		6			m	True	True	(-4, 0, -1)	()	-1	-4	minor	minor	i	i, minor	iv		i	i	True	iv6	iv6, minor		iv6, minor		iv	2	2	2	-1	-1	-1	True	True	False
972	24	58	-2	B	-1	3	4	1	2	True	2.5	-1	14	14	14	14a	81/2	1/4	False	3	False				False	40	iv6		d	i		iv6		iv		6			m	True	True	(-4, 0, -1)	()	-1	-4	minor	minor	i	i, minor	iv		i	i	True	iv6	iv6, minor		iv6, minor		iv	2	2	2	-4	-4	-4	True	False	True
972	24	62	2	D	0	3	4	1	1	True	2.5	-1	14	14	14	14a	81/2	1/4	False	4	False				False	40	iv6		d	i		iv6		iv		6			m	True	True	(-4, 0, -1)	()	-1	-4	minor	minor	i	i, minor	iv		i	i	True	iv6	iv6, minor		iv6, minor		iv	2	2	2	0	0	0	True	False	False
984	12	27	-3	E	-1	3	4	2	1	True	3.0	-1	14	14	14	14a	41	1/8	False	1	True				False	41	#viio7/iv		d	i		#viio7/iv		#vii	o	7		iv	o7	True	True	(4, 1, -2, -5)	()	4	4	minor	minor	i	i, minor	#vii/iv	iv	iv/i	iv	True	#viio7/iv	#viio7/iv, minor		#viio7/iv, minor	iv	iv	2	2	1	-5	-5	-4	True	False	False
984	12	39	-3	E	-1	3	4	2	1	True	3.0	-1	14	14	14	14a	41	1/8	False	2	True				False	41	#viio7/iv		d	i		#viio7/iv		#vii	o	7		iv	o7	True	True	(4, 1, -2, -5)	()	4	4	minor	minor	i	i, minor	#vii/iv	iv	iv/i	iv	True	#viio7/iv	#viio7/iv, minor		#viio7/iv, minor	iv	iv	2	2	1	-5	-5	-4	True	False	False
996	12	54	6	F	1	3	4	1	2	True	3.5	-1	14	14	14	14a	83/2	1/8	False	3	False				False	41	#viio7/iv		d	i		#viio7/iv		#vii	o	7		iv	o7	True	True	(4, 1, -2, -5)	()	4	4	minor	minor	i	i, minor	#vii/iv	iv	iv/i	iv	True	#viio7/iv	#viio7/iv, minor		#viio7/iv, minor	iv	iv	2	2	1	4	4	5	True	True	True
996	12	57	3	A	0	3	4	1	2	True	3.5	-1	14	14	14	14a	83/2	1/8	False	3	False				False	41	#viio7/iv		d	i		#viio7/iv		#vii	o	7		iv	o7	True	True	(4, 1, -2, -5)	()	4	4	minor	minor	i	i, minor	#vii/iv	iv	iv/i	iv	True	#viio7/iv	#viio7/iv, minor		#viio7/iv, minor	iv	iv	2	2	1	1	1	2	True	False	False
996	4	63	-3	E	-1	3	4	1	1	True	3.5	-1	14	14	14	14a	83/2	1/24	False	4	False				False	41	#viio7/iv		d	i		#viio7/iv		#vii	o	7		iv	o7	True	True	(4, 1, -2, -5)	()	4	4	minor	minor	i	i, minor	#vii/iv	iv	iv/i	iv	True	#viio7/iv	#viio7/iv, minor		#viio7/iv, minor	iv	iv	2	2	1	-5	-5	-4	True	False	False
1000	4	62	2	D	0	3	4	1	1	True	3.667	-1	14	14	14	14a	125/3	1/24	False	4	False				False	41	#viio7/iv		d	i		#viio7/iv		#vii	o	7		iv	o7	True	True	(4, 1, -2, -5)	()	4	4	minor	minor	i	i, minor	#vii/iv	iv	iv/i	iv	True	#viio7/iv	#viio7/iv, minor		#viio7/iv, minor	iv	iv	2	2	1	0	0	1	False	False	False
1004	4	61	7	C	1	3	4	1	1	True	3.833	-1	14	14	14	14a	251/6	1/24	False	4	False				False	41	#viio7/iv		d	i		#viio7/iv		#vii	o	7		iv	o7	True	True	(4, 1, -2, -5)	()	4	4	minor	minor	i	i, minor	#vii/iv	iv	iv/i	iv	True	#viio7/iv	#viio7/iv, minor		#viio7/iv, minor	iv	iv	2	2	1	5	5	6	False	False	False
1005	3	31	1	G	0	3	4	2	1	True	3.875	-1	14	14	14	14a	335/8	1/32	False	1	False				False	41	#viio7/iv		d	i		#viio7/iv		#vii	o	7		iv	o7	True	True	(4, 1, -2, -5)	()	4	4	minor	minor	i	i, minor	#vii/iv	iv	iv/i	iv	True	#viio7/iv	#viio7/iv, minor		#viio7/iv, minor	iv	iv	2	2	1	-1	-1	0	False	False	False
1005	3	43	1	G	0	3	4	2	1	True	3.875	-1	14	14	14	14a	335/8	1/32	False	2	False				False	41	#viio7/iv		d	i		#viio7/iv		#vii	o	7		iv	o7	True	True	(4, 1, -2, -5)	()	4	4	minor	minor	i	i, minor	#vii/iv	iv	iv/i	iv	True	#viio7/iv	#viio7/iv, minor		#viio7/iv, minor	iv	iv	2	2	1	-1	-1	0	False	False	False
1008	24	32	-4	A	-1	3	4	2	1	True	1.0	-1	15	15	15	15a	42	1/4	False	1	True				False	42	bI64		d	i		bI64		bI		64			M	True	True	(-6, -7, -3)	()	-7	-6	minor	minor	i	i, minor	bI		i	i	True	bI64	bI64, minor		bI64, minor		bI	2	2	2	-6	-6	-6	True	False	True
1008	24	44	-4	A	-1	3	4	2	1	True	1.0	-1	15	15	15	15a	42	1/4	False	2	True				False	42	bI64		d	i		bI64		bI		64			M	True	True	(-6, -7, -3)	()	-7	-6	minor	minor	i	i, minor	bI		i	i	True	bI64	bI64, minor		bI64, minor		bI	2	2	2	-6	-6	-6	True	False	True
1008	12	54	6	F	1	3	4	1	2	False	1.0	-1	15	15	15	15a	42	1/8	False	3	True				False	42	bI64		d	i		bI64		bI		64			M	True	True	(-6, -7, -3)	()	-7	-6	minor	minor	i	i, minor	bI		i	i	True	bI64	bI64, minor		bI64, minor		bI	2	2	2	4	4	4	False	False	False
1008	12	57	3	A	0	3	4	1	2	False	1.0	-1	15	15	15	15a	42	1/8	False	3	True				False	42	bI64		d	i		bI64		bI		64			M	True	True	(-6, -7, -3)	()	-7	-6	minor	minor	i	i, minor	bI		i	i	True	bI64	bI64, minor		bI64, minor		bI	2	2	2	1	1	1	False	False	False
1008	12	60	0	C	0	3	4	1	1	True	1.0	-1	15	15	15	15a	42	1/8	False	4	True				False	42	bI64		d	i		bI64		bI		64			M	True	True	(-6, -7, -3)	()	-7	-6	minor	minor	i	i, minor	bI		i	i	True	bI64	bI64, minor		bI64, minor		bI	2	2	2	-2	-2	-2	False	False	False
1020	24	53	-1	F	0	3	4	1	2	True	1.5	-1	15	15	15	15a	85/2	1/4	False	3	False				False	42	bI64		d	i		bI64		bI		64			M	True	True	(-6, -7, -3)	()	-7	-6	minor	minor	i	i, minor	bI		i	i	True	bI64	bI64, minor		bI64, minor		bI	2	2	2	-3	-3	-3	True	False	False
1020	24	56	-4	A	-1	3	4	1	2	True	1.5	-1	15	15	15	15a	85/2	1/4	False	3	False				False	42	bI64		d	i		bI64		bI		64			M	True	True	(-6, -7, -3)	()	-7	-6	minor	minor	i	i, minor	bI		i	i	True	bI64	bI64, minor		bI64, minor		bI	2	2	2	-6	-6	-6	True	False	True
1020	24	61	-5	D	-1	3	4	1	1	True	1.5	-1	15	15	15	15a	85/2	1/4	False	4	False				False	42	bI64		d	i		bI64		bI		64			M	True	True	(-6, -7, -3)	()	-7	-6	minor	minor	i	i, minor	bI		i	i	True	bI64	bI64, minor		bI64, minor		bI	2	2	2	-7	-7	-7	True	True	False
1032	24	33	3	A	0	3	4	2	2	True	2.0	-1	15	15	15	15a	43	1/4	False	1	True				False	43	V7(4)		d	i		V7(4)		V		7	4		Mm7	True	True	(1, 0, 2, -1)	()	1	1	minor	minor	i	i, minor	V		i	i	True	V7	V7, minor		V7(4), minor		V	2	2	2	1	1	1	True	True	True
1032	48	45	3	A	0	3	4	2	1	True	2.0	-1	15	15	15	15a	43	1/2	False	2	True				False	43	V7(4)		d	i		V7(4)		V		7	4		Mm7	True	True	(1, 0, 2, -1)	()	1	1	minor	minor	i	i, minor	V		i	i	True	V7	V7, minor		V7(4), minor		V	2	2	2	1	1	1	True	True	True
1044	24	52	4	E	0	3	4	1	2	True	2.5	-1	15	15	15	15a	87/2	1/4	False	3	False				False	43	V7(4)		d	i		V7(4)		V		7	4		Mm7	True	True	(1, 0, 2, -1)	()	1	1	minor	minor	i	i, minor	V		i	i	True	V7	V7, minor		V7(4), minor		V	2	2	2	2	2	2	True	False	False
1044	24	55	1	G	0	3	4	1	2	True	2.5	-1	15	15	15	15a	87/2	1/4	False	3	False				False	43	V7(4)		d	i		V7(4)		V		7	4		Mm7	True	True	(1, 0, 2, -1)	()	1	1	minor	minor	i	i, minor	V		i	i	True	V7	V7, minor		V7(4), minor		V	2	2	2	-1	-1	-1	True	False	False
1044	6	62	2	D	0	3	4	1	1	True	2.5	-1	15	15	15	15a	87/2	1/16	False	4	False				False	43	V7(4)		d	i		V7(4)		V		7	4		Mm7	True	True	(1, 0, 2, -1)	()	1	1	minor	minor	i	i, minor	V		i	i	True	V7	V7, minor		V7(4), minor		V	2	2	2	0	0	0	True	False	False
1050	6	64	4	E	0	3	4	1	1	True	2.75	-1	15	15	15	15a	175/4	1/16	False	4	False				False	43	V7(4)		d	i		V7(4)		V		7	4		Mm7	True	True	(1, 0, 2, -1)	()	1	1	minor	minor	i	i, minor	V		i	i	True	V7	V7, minor		V7(4), minor		V	2	2	2	2	2	2	True	False	False
1056	24	38	2	D	0	3	4	2	2	True	3.0	-1	15	15	15	15a	44	1/4	False	2	True	PAC	PAC	}	True	44	i|PAC}		d	i		i		i					m	True	True	(0, -3, 1)	()	0	0	minor	minor	i	i, minor	i		i	i	True	i	i, minor		i, minor		i	2	2	2	0	0	0	True	True	True
1056	24	62	2	D	0	3	4	1	1	True	3.0	-1	15	15	15	15a	44	1/4	False	4	True	PAC	PAC	}	True	44	i|PAC}		d	i		i		i					m	True	True	(0, -3, 1)	()	0	0	minor	minor	i	i, minor	i		i	i	True	i	i, minor		i, minor		i	2	2	2	0	0	0	True	True	True
1068	12	53	-1	F	0	3	4	1	2	True	3.5	-1	15	15	15	15a	89/2	1/8	False	3	False				False	44	i|PAC}		d	i		i		i					m	True	True	(0, -3, 1)	()	0	0	minor	minor	i	i, minor	i		i	i	True	i	i, minor		i, minor		i	2	2	2	-3	-3	-3	True	False	False
